2026-05-06 04:55:45.855 | INFO     | mineru.cli.client:run_orchestrated_cli:874 - Started local mineru-api at http://127.0.0.1:53595
2026-05-06 04:55:49.455 | INFO     | __main__:create_app:260 - Request concurrency limited to 3
INFO:     Started server process [2735094]
INFO:     Waiting for application startup.
INFO:     Application startup complete.
INFO:     Uvicorn running on http://127.0.0.1:53595 (Press CTRL+C to quit)
2026-05-06 04:55:49.889 | INFO     | mineru.cli.client:run_planned_task:771 - Submitting batch 1/1 | 1 document, 1 page in this batch | 1 page total | task#1 [结构类FMEA  E0]
2026-05-06 04:55:51.159 | WARNING  | mineru.cli.common:aio_do_parse:749 - No valid PDF or image files to process.
2026-05-06 04:55:51.212 | INFO     | mineru.cli.client:run_planned_task:807 - Completed batch 1/1 | Processed 1/1 page | 1 of 1 batch finished | task#1 [结构类FMEA  E0]
2026-05-06 04:55:51.241 | WARNING  | mineru.cli.client:log_visualization_future_result:390 - Skipping visualization for 结构类FMEA  E0: missing origin.pdf: 结构类FMEA  E0_origin.pdf
INFO:     Shutting down
INFO:     Waiting for application shutdown.
INFO:     Application shutdown complete.
INFO:     Finished server process [2735094]

2026-05-06 04:56:10.677 | INFO     | mineru.cli.client:run_orchestrated_cli:874 - Started local mineru-api at http://127.0.0.1:58525
2026-05-06 04:56:14.432 | INFO     | __main__:create_app:260 - Request concurrency limited to 3
INFO:     Started server process [2735259]
INFO:     Waiting for application startup.
INFO:     Application startup complete.
INFO:     Uvicorn running on http://127.0.0.1:58525 (Press CTRL+C to quit)
2026-05-06 04:56:14.714 | INFO     | mineru.cli.client:run_planned_task:771 - Submitting batch 1/1 | 1 document, 1 page in this batch | 1 page total | task#1 [02-软件构建和编码E0]
2026-05-06 04:56:15.610 | WARNING  | mineru.cli.common:aio_do_parse:749 - No valid PDF or image files to process.
2026-05-06 04:56:15.894 | INFO     | mineru.cli.client:run_planned_task:807 - Completed batch 1/1 | Processed 1/1 page | 1 of 1 batch finished | task#1 [02-软件构建和编码E0]
2026-05-06 04:56:15.925 | WARNING  | mineru.cli.client:log_visualization_future_result:390 - Skipping visualization for 02-软件构建和编码E0: missing origin.pdf: 02-软件构建和编码E0_origin.pdf
INFO:     Shutting down
INFO:     Waiting for application shutdown.
INFO:     Application shutdown complete.
INFO:     Finished server process [2735259]

2026-05-06 04:56:34.897 | INFO     | mineru.cli.client:run_orchestrated_cli:874 - Started local mineru-api at http://127.0.0.1:51121
2026-05-06 04:56:38.582 | INFO     | __main__:create_app:260 - Request concurrency limited to 3
INFO:     Started server process [2735435]
INFO:     Waiting for application startup.
INFO:     Application startup complete.
INFO:     Uvicorn running on http://127.0.0.1:51121 (Press CTRL+C to quit)
2026-05-06 04:56:38.934 | INFO     | mineru.cli.client:run_planned_task:771 - Submitting batch 1/1 | 1 document, 1 page in this batch | 1 page total | task#1 [03-PT9L红外体温计产品检验标准 V1.0]
2026-05-06 04:56:40.938 | WARNING  | mineru.cli.common:aio_do_parse:749 - No valid PDF or image files to process.
2026-05-06 04:56:41.230 | INFO     | mineru.cli.client:run_planned_task:807 - Completed batch 1/1 | Processed 1/1 page | 1 of 1 batch finished | task#1 [03-PT9L红外体温计产品检验标准 V1.0]
2026-05-06 04:56:41.254 | WARNING  | mineru.cli.client:log_visualization_future_result:390 - Skipping visualization for 03-PT9L红外体温计产品检验标准 V1.0: missing origin.pdf: 03-PT9L红外体温计产品检验标准 V1.0_origin.pdf
INFO:     Shutting down
INFO:     Waiting for application shutdown.
INFO:     Application shutdown complete.
INFO:     Finished server process [2735435]

2026-05-06 04:57:00.325 | INFO     | mineru.cli.client:run_orchestrated_cli:874 - Started local mineru-api at http://127.0.0.1:36901
2026-05-06 04:57:03.858 | INFO     | __main__:create_app:260 - Request concurrency limited to 3
INFO:     Started server process [2735622]
INFO:     Waiting for application startup.
INFO:     Application startup complete.
INFO:     Uvicorn running on http://127.0.0.1:36901 (Press CTRL+C to quit)
2026-05-06 04:57:04.360 | INFO     | mineru.cli.client:run_planned_task:771 - Submitting batch 1/1 | 1 document, 1 page in this batch | 1 page total | task#1 [设计验证计划(封面)E0]
2026-05-06 04:57:04.804 | WARNING  | mineru.cli.common:aio_do_parse:749 - No valid PDF or image files to process.
2026-05-06 04:57:05.520 | INFO     | mineru.cli.client:run_planned_task:807 - Completed batch 1/1 | Processed 1/1 page | 1 of 1 batch finished | task#1 [设计验证计划(封面)E0]
2026-05-06 04:57:05.547 | WARNING  | mineru.cli.client:log_visualization_future_result:390 - Skipping visualization for 设计验证计划(封面)E0: missing origin.pdf: 设计验证计划(封面)E0_origin.pdf
INFO:     Shutting down
INFO:     Waiting for application shutdown.
INFO:     Application shutdown complete.
INFO:     Finished server process [2735622]

2026-05-06 04:57:24.127 | INFO     | mineru.cli.client:run_orchestrated_cli:874 - Started local mineru-api at http://127.0.0.1:46497
2026-05-06 04:57:27.966 | INFO     | __main__:create_app:260 - Request concurrency limited to 3
INFO:     Started server process [2735807]
INFO:     Waiting for application startup.
INFO:     Application startup complete.
INFO:     Uvicorn running on http://127.0.0.1:46497 (Press CTRL+C to quit)
2026-05-06 04:57:28.160 | INFO     | mineru.cli.client:run_planned_task:771 - Submitting batch 1/1 | 1 document, 1 page in this batch | 1 page total | task#1 [设计验证计划-功能规格部分E0]
2026-05-06 04:57:28.744 | WARNING  | mineru.cli.common:aio_do_parse:749 - No valid PDF or image files to process.
2026-05-06 04:57:29.357 | INFO     | mineru.cli.client:run_planned_task:807 - Completed batch 1/1 | Processed 1/1 page | 1 of 1 batch finished | task#1 [设计验证计划-功能规格部分E0]
2026-05-06 04:57:29.385 | WARNING  | mineru.cli.client:log_visualization_future_result:390 - Skipping visualization for 设计验证计划-功能规格部分E0: missing origin.pdf: 设计验证计划-功能规格部分E0_origin.pdf
INFO:     Shutting down
INFO:     Waiting for application shutdown.
INFO:     Application shutdown complete.
INFO:     Finished server process [2735807]

2026-05-06 04:57:48.084 | INFO     | mineru.cli.client:run_orchestrated_cli:874 - Started local mineru-api at http://127.0.0.1:55683
2026-05-06 04:57:51.686 | INFO     | __main__:create_app:260 - Request concurrency limited to 3
INFO:     Started server process [2736005]
INFO:     Waiting for application startup.
INFO:     Application startup complete.
INFO:     Uvicorn running on http://127.0.0.1:55683 (Press CTRL+C to quit)
2026-05-06 04:57:52.119 | INFO     | mineru.cli.client:run_planned_task:771 - Submitting batch 1/1 | 1 document, 1 page in this batch | 1 page total | task#1 [设计验证计划-性能规格部分E0]
2026-05-06 04:57:52.334 | WARNING  | mineru.cli.common:aio_do_parse:749 - No valid PDF or image files to process.
2026-05-06 04:57:53.275 | INFO     | mineru.cli.client:run_planned_task:807 - Completed batch 1/1 | Processed 1/1 page | 1 of 1 batch finished | task#1 [设计验证计划-性能规格部分E0]
2026-05-06 04:57:53.306 | WARNING  | mineru.cli.client:log_visualization_future_result:390 - Skipping visualization for 设计验证计划-性能规格部分E0: missing origin.pdf: 设计验证计划-性能规格部分E0_origin.pdf
INFO:     Shutting down
INFO:     Waiting for application shutdown.
INFO:     Application shutdown complete.
INFO:     Finished server process [2736005]

2026-05-06 04:58:12.710 | INFO     | mineru.cli.client:run_orchestrated_cli:874 - Started local mineru-api at http://127.0.0.1:35969
2026-05-06 04:58:16.367 | INFO     | __main__:create_app:260 - Request concurrency limited to 3
INFO:     Started server process [2736170]
INFO:     Waiting for application startup.
INFO:     Application startup complete.
INFO:     Uvicorn running on http://127.0.0.1:35969 (Press CTRL+C to quit)
2026-05-06 04:58:16.746 | INFO     | mineru.cli.client:run_planned_task:771 - Submitting batch 1/1 | 1 document, 1 page in this batch | 1 page total | task#1 [设计验证计划-组件规格部分E0]
2026-05-06 04:58:17.009 | WARNING  | mineru.cli.common:aio_do_parse:749 - No valid PDF or image files to process.
2026-05-06 04:58:18.140 | INFO     | mineru.cli.client:run_planned_task:807 - Completed batch 1/1 | Processed 1/1 page | 1 of 1 batch finished | task#1 [设计验证计划-组件规格部分E0]
2026-05-06 04:58:18.165 | WARNING  | mineru.cli.client:log_visualization_future_result:390 - Skipping visualization for 设计验证计划-组件规格部分E0: missing origin.pdf: 设计验证计划-组件规格部分E0_origin.pdf
INFO:     Shutting down
INFO:     Waiting for application shutdown.
INFO:     Application shutdown complete.
INFO:     Finished server process [2736170]

2026-05-06 04:58:38.755 | INFO     | mineru.cli.client:run_orchestrated_cli:874 - Started local mineru-api at http://127.0.0.1:47951
2026-05-06 04:58:43.217 | INFO     | __main__:create_app:260 - Request concurrency limited to 3
INFO:     Started server process [2736347]
INFO:     Waiting for application startup.
INFO:     Application startup complete.
INFO:     Uvicorn running on http://127.0.0.1:47951 (Press CTRL+C to quit)
2026-05-06 04:58:43.797 | INFO     | mineru.cli.client:run_planned_task:771 - Submitting batch 1/1 | 1 document, 1 page in this batch | 1 page total | task#1 [设计验证计划-通用要求和法规部分E0]
2026-05-06 04:58:44.616 | WARNING  | mineru.cli.common:aio_do_parse:749 - No valid PDF or image files to process.
2026-05-06 04:58:44.978 | INFO     | mineru.cli.client:run_planned_task:807 - Completed batch 1/1 | Processed 1/1 page | 1 of 1 batch finished | task#1 [设计验证计划-通用要求和法规部分E0]
2026-05-06 04:58:45.013 | WARNING  | mineru.cli.client:log_visualization_future_result:390 - Skipping visualization for 设计验证计划-通用要求和法规部分E0: missing origin.pdf: 设计验证计划-通用要求和法规部分E0_origin.pdf
INFO:     Shutting down
INFO:     Waiting for application shutdown.
INFO:     Application shutdown complete.
INFO:     Finished server process [2736347]

2026-05-06 04:59:06.196 | INFO     | mineru.cli.client:run_orchestrated_cli:874 - Started local mineru-api at http://127.0.0.1:55975
2026-05-06 04:59:10.078 | INFO     | __main__:create_app:260 - Request concurrency limited to 3
INFO:     Started server process [2736537]
INFO:     Waiting for application startup.
INFO:     Application startup complete.
INFO:     Uvicorn running on http://127.0.0.1:55975 (Press CTRL+C to quit)
2026-05-06 04:59:10.233 | INFO     | mineru.cli.client:run_planned_task:771 - Submitting batch 1/1 | 1 document, 1 page in this batch | 1 page total | task#1 [PT9L-记录测试]
2026-05-06 04:59:10.680 | WARNING  | mineru.cli.common:aio_do_parse:749 - No valid PDF or image files to process.
2026-05-06 04:59:11.380 | INFO     | mineru.cli.client:run_planned_task:807 - Completed batch 1/1 | Processed 1/1 page | 1 of 1 batch finished | task#1 [PT9L-记录测试]
2026-05-06 04:59:11.412 | WARNING  | mineru.cli.client:log_visualization_future_result:390 - Skipping visualization for PT9L-记录测试: missing origin.pdf: PT9L-记录测试_origin.pdf
INFO:     Shutting down
INFO:     Waiting for application shutdown.
INFO:     Application shutdown complete.
INFO:     Finished server process [2736537]

2026-05-06 04:59:32.330 | INFO     | mineru.cli.client:run_orchestrated_cli:874 - Started local mineru-api at http://127.0.0.1:52659
2026-05-06 04:59:36.027 | INFO     | __main__:create_app:260 - Request concurrency limited to 3
INFO:     Started server process [2736713]
INFO:     Waiting for application startup.
INFO:     Application startup complete.
INFO:     Uvicorn running on http://127.0.0.1:52659 (Press CTRL+C to quit)
2026-05-06 04:59:36.376 | INFO     | mineru.cli.client:run_planned_task:771 - Submitting batch 1/1 | 1 document, 1 page in this batch | 1 page total | task#1 [子程序测试记录-封皮E0]
2026-05-06 04:59:36.894 | WARNING  | mineru.cli.common:aio_do_parse:749 - No valid PDF or image files to process.
2026-05-06 04:59:37.535 | INFO     | mineru.cli.client:run_planned_task:807 - Completed batch 1/1 | Processed 1/1 page | 1 of 1 batch finished | task#1 [子程序测试记录-封皮E0]
2026-05-06 04:59:37.567 | WARNING  | mineru.cli.client:log_visualization_future_result:390 - Skipping visualization for 子程序测试记录-封皮E0: missing origin.pdf: 子程序测试记录-封皮E0_origin.pdf
INFO:     Shutting down
INFO:     Waiting for application shutdown.
INFO:     Application shutdown complete.
INFO:     Finished server process [2736713]

2026-05-06 04:59:56.106 | INFO     | mineru.cli.client:run_orchestrated_cli:874 - Started local mineru-api at http://127.0.0.1:40801
2026-05-06 04:59:59.684 | INFO     | __main__:create_app:260 - Request concurrency limited to 3
INFO:     Started server process [2736898]
INFO:     Waiting for application startup.
INFO:     Application startup complete.
INFO:     Uvicorn running on http://127.0.0.1:40801 (Press CTRL+C to quit)
2026-05-06 05:00:00.141 | INFO     | mineru.cli.client:run_planned_task:771 - Submitting batch 1/1 | 1 document, 1 page in this batch | 1 page total | task#1 [子程序测试记录E0]
2026-05-06 05:00:01.074 | WARNING  | mineru.cli.common:aio_do_parse:749 - No valid PDF or image files to process.
2026-05-06 05:00:01.297 | INFO     | mineru.cli.client:run_planned_task:807 - Completed batch 1/1 | Processed 1/1 page | 1 of 1 batch finished | task#1 [子程序测试记录E0]
2026-05-06 05:00:01.328 | WARNING  | mineru.cli.client:log_visualization_future_result:390 - Skipping visualization for 子程序测试记录E0: missing origin.pdf: 子程序测试记录E0_origin.pdf
INFO:     Shutting down
INFO:     Waiting for application shutdown.
INFO:     Application shutdown complete.
INFO:     Finished server process [2736898]

2026-05-06 05:00:20.884 | INFO     | mineru.cli.client:run_orchestrated_cli:874 - Started local mineru-api at http://127.0.0.1:55991
2026-05-06 05:00:24.373 | INFO     | __main__:create_app:260 - Request concurrency limited to 3
INFO:     Started server process [2737173]
INFO:     Waiting for application startup.
INFO:     Application startup complete.
INFO:     Uvicorn running on http://127.0.0.1:55991 (Press CTRL+C to quit)
2026-05-06 05:00:24.916 | INFO     | mineru.cli.client:run_planned_task:771 - Submitting batch 1/1 | 1 document, 1 page in this batch | 1 page total | task#1 [软件测试计划E0]
2026-05-06 05:00:26.902 | WARNING  | mineru.cli.common:aio_do_parse:749 - No valid PDF or image files to process.
2026-05-06 05:00:26.957 | INFO     | mineru.cli.client:run_planned_task:807 - Completed batch 1/1 | Processed 1/1 page | 1 of 1 batch finished | task#1 [软件测试计划E0]
2026-05-06 05:00:26.984 | WARNING  | mineru.cli.client:log_visualization_future_result:390 - Skipping visualization for 软件测试计划E0: missing origin.pdf: 软件测试计划E0_origin.pdf
INFO:     Shutting down
INFO:     Waiting for application shutdown.
INFO:     Application shutdown complete.
INFO:     Finished server process [2737173]

2026-05-06 05:00:45.269 | INFO     | mineru.cli.client:run_orchestrated_cli:874 - Started local mineru-api at http://127.0.0.1:34665
2026-05-06 05:00:48.862 | INFO     | __main__:create_app:260 - Request concurrency limited to 3
INFO:     Started server process [2737382]
INFO:     Waiting for application startup.
INFO:     Application startup complete.
INFO:     Uvicorn running on http://127.0.0.1:34665 (Press CTRL+C to quit)
2026-05-06 05:00:49.302 | INFO     | mineru.cli.client:run_planned_task:771 - Submitting batch 1/1 | 1 document, 1 page in this batch | 1 page total | task#1 [软件系统测试记录 E0]
2026-05-06 05:00:50.404 | WARNING  | mineru.cli.common:aio_do_parse:749 - No valid PDF or image files to process.
2026-05-06 05:00:50.488 | INFO     | mineru.cli.client:run_planned_task:807 - Completed batch 1/1 | Processed 1/1 page | 1 of 1 batch finished | task#1 [软件系统测试记录 E0]
2026-05-06 05:00:50.517 | WARNING  | mineru.cli.client:log_visualization_future_result:390 - Skipping visualization for 软件系统测试记录 E0: missing origin.pdf: 软件系统测试记录 E0_origin.pdf
INFO:     Shutting down
INFO:     Waiting for application shutdown.
INFO:     Application shutdown complete.
INFO:     Finished server process [2737382]

2026-05-06 05:01:09.107 | INFO     | mineru.cli.client:run_orchestrated_cli:874 - Started local mineru-api at http://127.0.0.1:45403
2026-05-06 05:01:12.705 | INFO     | __main__:create_app:260 - Request concurrency limited to 3
INFO:     Started server process [2737551]
INFO:     Waiting for application startup.
INFO:     Application startup complete.
INFO:     Uvicorn running on http://127.0.0.1:45403 (Press CTRL+C to quit)
2026-05-06 05:01:13.143 | INFO     | mineru.cli.client:run_planned_task:771 - Submitting batch 1/1 | 1 document, 1 page in this batch | 1 page total | task#1 [软件系统测试记录－封面E0]
2026-05-06 05:01:13.576 | WARNING  | mineru.cli.common:aio_do_parse:749 - No valid PDF or image files to process.
2026-05-06 05:01:14.306 | INFO     | mineru.cli.client:run_planned_task:807 - Completed batch 1/1 | Processed 1/1 page | 1 of 1 batch finished | task#1 [软件系统测试记录－封面E0]
2026-05-06 05:01:14.339 | WARNING  | mineru.cli.client:log_visualization_future_result:390 - Skipping visualization for 软件系统测试记录－封面E0: missing origin.pdf: 软件系统测试记录－封面E0_origin.pdf
INFO:     Shutting down
INFO:     Waiting for application shutdown.
INFO:     Application shutdown complete.
INFO:     Finished server process [2737551]

2026-05-06 05:01:34.800 | INFO     | mineru.cli.client:run_orchestrated_cli:874 - Started local mineru-api at http://127.0.0.1:57489
2026-05-06 05:01:38.878 | INFO     | __main__:create_app:260 - Request concurrency limited to 3
INFO:     Started server process [2737727]
INFO:     Waiting for application startup.
INFO:     Application startup complete.
INFO:     Uvicorn running on http://127.0.0.1:57489 (Press CTRL+C to quit)
2026-05-06 05:01:39.841 | INFO     | mineru.cli.client:run_planned_task:771 - Submitting batch 1/1 | 1 document, 1 page in this batch | 1 page total | task#1 [K040200021397620814-图纸-PT9L-CBZP01+V3.1]
2026-05-06 05:01:49.641 | INFO     | mineru.utils.engine_utils:get_vlm_engine:34 - Using vllm-async-engine as the inference engine for VLM.
2026-05-06 05:02:16.675 | INFO     | mineru.backend.vlm.utils:enable_custom_logits_processors:56 - compute_capability: 8.0 >= 8.0 and vllm version: 0.11.2 >= 0.10.1, enable custom_logits_processors
[1;36m(EngineCore_DP0 pid=2737895)[0;0m The image processor of type `Qwen2VLImageProcessor` is now loaded as a fast processor by default, even if the model checkpoint was saved with a slow processor. This is a breaking change and may produce slightly different outputs. To continue using the slow processor, instantiate this class with `use_fast=False`. Note that this behavior will be extended to all models in a future release.
[1;36m(EngineCore_DP0 pid=2737895)[0;0m /home/s2025244189/miniconda3/envs/mineru/lib/python3.10/site-packages/tvm_ffi/_optional_torch_c_dlpack.py:181: UserWarning: Failed to JIT torch c dlpack extension, EnvTensorAllocator will not be enabled.
[1;36m(EngineCore_DP0 pid=2737895)[0;0m We recommend installing via `pip install torch-c-dlpack-ext`
[1;36m(EngineCore_DP0 pid=2737895)[0;0m   warnings.warn(
[1;36m(EngineCore_DP0 pid=2737895)[0;0m 
Loading safetensors checkpoint shards:   0% Completed | 0/1 [00:00<?, ?it/s]
[1;36m(EngineCore_DP0 pid=2737895)[0;0m 
Loading safetensors checkpoint shards: 100% Completed | 1/1 [00:01<00:00,  1.37s/it]
[1;36m(EngineCore_DP0 pid=2737895)[0;0m 
Loading safetensors checkpoint shards: 100% Completed | 1/1 [00:01<00:00,  1.37s/it]
[1;36m(EngineCore_DP0 pid=2737895)[0;0m 
[1;36m(EngineCore_DP0 pid=2737895)[0;0m 
Capturing CUDA graphs (mixed prefill-decode, PIECEWISE):   0%|          | 0/35 [00:00<?, ?it/s]
Capturing CUDA graphs (mixed prefill-decode, PIECEWISE):   9%|▊         | 3/35 [00:00<00:01, 23.91it/s]
Capturing CUDA graphs (mixed prefill-decode, PIECEWISE):  17%|█▋        | 6/35 [00:00<00:01, 24.25it/s]
Capturing CUDA graphs (mixed prefill-decode, PIECEWISE):  26%|██▌       | 9/35 [00:00<00:01, 24.66it/s]
Capturing CUDA graphs (mixed prefill-decode, PIECEWISE):  34%|███▍      | 12/35 [00:00<00:00, 25.21it/s]
Capturing CUDA graphs (mixed prefill-decode, PIECEWISE):  43%|████▎     | 15/35 [00:00<00:00, 25.75it/s]
Capturing CUDA graphs (mixed prefill-decode, PIECEWISE):  51%|█████▏    | 18/35 [00:00<00:00, 24.79it/s]
Capturing CUDA graphs (mixed prefill-decode, PIECEWISE):  60%|██████    | 21/35 [00:00<00:00, 24.96it/s]
Capturing CUDA graphs (mixed prefill-decode, PIECEWISE):  69%|██████▊   | 24/35 [00:00<00:00, 25.63it/s]
Capturing CUDA graphs (mixed prefill-decode, PIECEWISE):  77%|███████▋  | 27/35 [00:01<00:00, 25.87it/s]
Capturing CUDA graphs (mixed prefill-decode, PIECEWISE):  86%|████████▌ | 30/35 [00:01<00:00, 23.09it/s]
Capturing CUDA graphs (mixed prefill-decode, PIECEWISE):  94%|█████████▍| 33/35 [00:01<00:00, 23.88it/s]
Capturing CUDA graphs (mixed prefill-decode, PIECEWISE): 100%|██████████| 35/35 [00:01<00:00, 24.58it/s]
[1;36m(EngineCore_DP0 pid=2737895)[0;0m 
Capturing CUDA graphs (decode, FULL):   0%|          | 0/19 [00:00<?, ?it/s]
Capturing CUDA graphs (decode, FULL):  16%|█▌        | 3/19 [00:00<00:00, 27.83it/s]
Capturing CUDA graphs (decode, FULL):  32%|███▏      | 6/19 [00:00<00:00, 26.87it/s]
Capturing CUDA graphs (decode, FULL):  47%|████▋     | 9/19 [00:00<00:00, 26.25it/s]
Capturing CUDA graphs (decode, FULL):  63%|██████▎   | 12/19 [00:00<00:00, 26.30it/s]
Capturing CUDA graphs (decode, FULL):  79%|███████▉  | 15/19 [00:00<00:00, 25.41it/s]
Capturing CUDA graphs (decode, FULL):  95%|█████████▍| 18/19 [00:00<00:00, 25.62it/s]
Capturing CUDA graphs (decode, FULL): 100%|██████████| 19/19 [00:00<00:00, 26.14it/s]
2026-05-06 05:03:17.718 | INFO     | mineru.backend.vlm.vlm_analyze:get_model:251 - get vllm-async-engine predictor cost: 66.77s
2026-05-06 05:03:17.794 | INFO     | mineru.backend.hybrid.hybrid_analyze:aio_doc_analyze:706 - Hybrid processing-window run. page_count=1, window_size=64, total_windows=1
2026-05-06 05:03:23.694 | INFO     | mineru.backend.hybrid.hybrid_analyze:aio_doc_analyze:727 - Hybrid processing window 1/1: pages 1-1/1 (1 pages)

Two Step Extraction:   0%|          | 0/1 [00:00<?, ?it/s]The image processor of type `Qwen2VLImageProcessor` is now loaded as a fast processor by default, even if the model checkpoint was saved with a slow processor. This is a breaking change and may produce slightly different outputs. To continue using the slow processor, instantiate this class with `use_fast=False`. Note that this behavior will be extended to all models in a future release.

Two Step Extraction: 100%|██████████| 1/1 [00:09<00:00,  9.15s/it]
Two Step Extraction: 100%|██████████| 1/1 [00:09<00:00,  9.15s/it]

Processing pages:   0%|          | 0/1 [00:00<?, ?it/s]
Processing pages: 100%|██████████| 1/1 [00:08<00:00,  8.38s/it]
Processing pages: 100%|██████████| 1/1 [00:08<00:00,  8.38s/it]
2026-05-06 05:03:42.354 | INFO     | mineru.cli.client:run_planned_task:807 - Completed batch 1/1 | Processed 1/1 page | 1 of 1 batch finished | task#1 [K040200021397620814-图纸-PT9L-CBZP01+V3.1]
INFO:     Shutting down
INFO:     Waiting for application shutdown.
INFO:     Application shutdown complete.
INFO:     Finished server process [2737727]

2026-05-06 05:04:04.270 | INFO     | mineru.cli.client:run_orchestrated_cli:874 - Started local mineru-api at http://127.0.0.1:38607
2026-05-06 05:04:08.015 | INFO     | __main__:create_app:260 - Request concurrency limited to 3
INFO:     Started server process [2738329]
INFO:     Waiting for application startup.
INFO:     Application startup complete.
INFO:     Uvicorn running on http://127.0.0.1:38607 (Press CTRL+C to quit)
2026-05-06 05:04:08.304 | INFO     | mineru.cli.client:run_planned_task:771 - Submitting batch 1/1 | 1 document, 1 page in this batch | 1 page total | task#1 [K040700022027620814-图纸-PT9L-SMSP01+V1.0]
2026-05-06 05:04:12.496 | INFO     | mineru.utils.engine_utils:get_vlm_engine:34 - Using vllm-async-engine as the inference engine for VLM.
2026-05-06 05:04:21.598 | INFO     | mineru.backend.vlm.utils:enable_custom_logits_processors:56 - compute_capability: 8.0 >= 8.0 and vllm version: 0.11.2 >= 0.10.1, enable custom_logits_processors
[1;36m(EngineCore_DP0 pid=2738450)[0;0m The image processor of type `Qwen2VLImageProcessor` is now loaded as a fast processor by default, even if the model checkpoint was saved with a slow processor. This is a breaking change and may produce slightly different outputs. To continue using the slow processor, instantiate this class with `use_fast=False`. Note that this behavior will be extended to all models in a future release.
[1;36m(EngineCore_DP0 pid=2738450)[0;0m /home/s2025244189/miniconda3/envs/mineru/lib/python3.10/site-packages/tvm_ffi/_optional_torch_c_dlpack.py:181: UserWarning: Failed to JIT torch c dlpack extension, EnvTensorAllocator will not be enabled.
[1;36m(EngineCore_DP0 pid=2738450)[0;0m We recommend installing via `pip install torch-c-dlpack-ext`
[1;36m(EngineCore_DP0 pid=2738450)[0;0m   warnings.warn(
[1;36m(EngineCore_DP0 pid=2738450)[0;0m 
Loading safetensors checkpoint shards:   0% Completed | 0/1 [00:00<?, ?it/s]
[1;36m(EngineCore_DP0 pid=2738450)[0;0m 
Loading safetensors checkpoint shards: 100% Completed | 1/1 [00:01<00:00,  1.36s/it]
[1;36m(EngineCore_DP0 pid=2738450)[0;0m 
Loading safetensors checkpoint shards: 100% Completed | 1/1 [00:01<00:00,  1.36s/it]
[1;36m(EngineCore_DP0 pid=2738450)[0;0m 
[1;36m(EngineCore_DP0 pid=2738450)[0;0m 
Capturing CUDA graphs (mixed prefill-decode, PIECEWISE):   0%|          | 0/35 [00:00<?, ?it/s]
Capturing CUDA graphs (mixed prefill-decode, PIECEWISE):   9%|▊         | 3/35 [00:00<00:01, 26.35it/s]
Capturing CUDA graphs (mixed prefill-decode, PIECEWISE):  17%|█▋        | 6/35 [00:00<00:01, 26.89it/s]
Capturing CUDA graphs (mixed prefill-decode, PIECEWISE):  26%|██▌       | 9/35 [00:00<00:00, 26.96it/s]
Capturing CUDA graphs (mixed prefill-decode, PIECEWISE):  34%|███▍      | 12/35 [00:00<00:00, 26.05it/s]
Capturing CUDA graphs (mixed prefill-decode, PIECEWISE):  43%|████▎     | 15/35 [00:00<00:00, 26.00it/s]
Capturing CUDA graphs (mixed prefill-decode, PIECEWISE):  51%|█████▏    | 18/35 [00:00<00:00, 26.63it/s]
Capturing CUDA graphs (mixed prefill-decode, PIECEWISE):  60%|██████    | 21/35 [00:00<00:00, 24.41it/s]
Capturing CUDA graphs (mixed prefill-decode, PIECEWISE):  69%|██████▊   | 24/35 [00:00<00:00, 24.58it/s]
Capturing CUDA graphs (mixed prefill-decode, PIECEWISE):  77%|███████▋  | 27/35 [00:01<00:00, 24.26it/s]
Capturing CUDA graphs (mixed prefill-decode, PIECEWISE):  86%|████████▌ | 30/35 [00:01<00:00, 21.62it/s]
Capturing CUDA graphs (mixed prefill-decode, PIECEWISE):  94%|█████████▍| 33/35 [00:01<00:00, 22.65it/s]
Capturing CUDA graphs (mixed prefill-decode, PIECEWISE): 100%|██████████| 35/35 [00:01<00:00, 24.39it/s]
[1;36m(EngineCore_DP0 pid=2738450)[0;0m 
Capturing CUDA graphs (decode, FULL):   0%|          | 0/19 [00:00<?, ?it/s]
Capturing CUDA graphs (decode, FULL):  16%|█▌        | 3/19 [00:00<00:00, 26.08it/s]
Capturing CUDA graphs (decode, FULL):  32%|███▏      | 6/19 [00:00<00:00, 25.37it/s]
Capturing CUDA graphs (decode, FULL):  47%|████▋     | 9/19 [00:00<00:00, 26.43it/s]
Capturing CUDA graphs (decode, FULL):  63%|██████▎   | 12/19 [00:00<00:00, 26.42it/s]
Capturing CUDA graphs (decode, FULL):  79%|███████▉  | 15/19 [00:00<00:00, 26.07it/s]
Capturing CUDA graphs (decode, FULL):  95%|█████████▍| 18/19 [00:00<00:00, 26.73it/s]
Capturing CUDA graphs (decode, FULL): 100%|██████████| 19/19 [00:00<00:00, 26.51it/s]
2026-05-06 05:05:13.110 | INFO     | mineru.backend.vlm.vlm_analyze:get_model:251 - get vllm-async-engine predictor cost: 54.18s
2026-05-06 05:05:13.449 | INFO     | mineru.backend.hybrid.hybrid_analyze:aio_doc_analyze:706 - Hybrid processing-window run. page_count=1, window_size=64, total_windows=1
2026-05-06 05:05:18.967 | INFO     | mineru.backend.hybrid.hybrid_analyze:aio_doc_analyze:727 - Hybrid processing window 1/1: pages 1-1/1 (1 pages)

Two Step Extraction:   0%|          | 0/1 [00:00<?, ?it/s]The image processor of type `Qwen2VLImageProcessor` is now loaded as a fast processor by default, even if the model checkpoint was saved with a slow processor. This is a breaking change and may produce slightly different outputs. To continue using the slow processor, instantiate this class with `use_fast=False`. Note that this behavior will be extended to all models in a future release.

Two Step Extraction: 100%|██████████| 1/1 [00:17<00:00, 17.51s/it]
Two Step Extraction: 100%|██████████| 1/1 [00:17<00:00, 17.51s/it]

Processing pages:   0%|          | 0/1 [00:00<?, ?it/s]
Processing pages: 100%|██████████| 1/1 [00:08<00:00,  8.56s/it]
Processing pages: 100%|██████████| 1/1 [00:08<00:00,  8.56s/it]
2026-05-06 05:05:46.586 | INFO     | mineru.cli.client:run_planned_task:807 - Completed batch 1/1 | Processed 1/1 page | 1 of 1 batch finished | task#1 [K040700022027620814-图纸-PT9L-SMSP01+V1.0]
INFO:     Shutting down
[rank0]:[W506 05:05:56.153995761 ProcessGroupNCCL.cpp:1524] Warning: WARNING: destroy_process_group() was not called before program exit, which can leak resources. For more info, please see https://pytorch.org/docs/stable/distributed.html#shutdown (function operator())
INFO:     Waiting for application shutdown.
INFO:     Application shutdown complete.
INFO:     Finished server process [2738329]

2026-05-06 05:06:10.487 | INFO     | mineru.cli.client:run_orchestrated_cli:874 - Started local mineru-api at http://127.0.0.1:57437
2026-05-06 05:06:14.543 | INFO     | __main__:create_app:260 - Request concurrency limited to 3
INFO:     Started server process [2738986]
INFO:     Waiting for application startup.
INFO:     Application startup complete.
INFO:     Uvicorn running on http://127.0.0.1:57437 (Press CTRL+C to quit)
2026-05-06 05:06:15.525 | INFO     | mineru.cli.client:run_planned_task:771 - Submitting batch 1/1 | 1 document, 1 page in this batch | 1 page total | task#1 [PT9L-operation guide（原稿）]
2026-05-06 05:06:18.430 | WARNING  | mineru.model.docx.docx_converter:_handle_pictures:1332 - Warning: image cannot be found
2026-05-06 05:06:18.774 | WARNING  | mineru.backend.utils.office_image:serialize_vector_part_with_placeholder:161 - Skipping WMF image part before Pillow load, part_name=/word/media/image35.wmf, content_type=image/x-wmf
2026-05-06 05:06:19.150 | WARNING  | mineru.cli.common:aio_do_parse:749 - No valid PDF or image files to process.
2026-05-06 05:06:19.357 | INFO     | mineru.cli.client:run_planned_task:807 - Completed batch 1/1 | Processed 1/1 page | 1 of 1 batch finished | task#1 [PT9L-operation guide（原稿）]
2026-05-06 05:06:19.391 | WARNING  | mineru.cli.client:log_visualization_future_result:390 - Skipping visualization for PT9L-operation guide（原稿）: missing origin.pdf: PT9L-operation guide（原稿）_origin.pdf
INFO:     Shutting down
INFO:     Waiting for application shutdown.
INFO:     Application shutdown complete.
INFO:     Finished server process [2738986]

2026-05-06 05:06:38.420 | INFO     | mineru.cli.client:run_orchestrated_cli:874 - Started local mineru-api at http://127.0.0.1:56923
2026-05-06 05:06:42.163 | INFO     | __main__:create_app:260 - Request concurrency limited to 3
INFO:     Started server process [2739170]
INFO:     Waiting for application startup.
INFO:     Application startup complete.
INFO:     Uvicorn running on http://127.0.0.1:56923 (Press CTRL+C to quit)
2026-05-06 05:06:42.452 | INFO     | mineru.cli.client:run_planned_task:771 - Submitting batch 1/1 | 1 document, 1 page in this batch | 1 page total | task#1 [07-PT9L电池使用寿命测试报告 V1.0]
2026-05-06 05:06:43.074 | WARNING  | mineru.cli.common:aio_do_parse:749 - No valid PDF or image files to process.
2026-05-06 05:06:43.626 | INFO     | mineru.cli.client:run_planned_task:807 - Completed batch 1/1 | Processed 1/1 page | 1 of 1 batch finished | task#1 [07-PT9L电池使用寿命测试报告 V1.0]
2026-05-06 05:06:43.659 | WARNING  | mineru.cli.client:log_visualization_future_result:390 - Skipping visualization for 07-PT9L电池使用寿命测试报告 V1.0: missing origin.pdf: 07-PT9L电池使用寿命测试报告 V1.0_origin.pdf
INFO:     Shutting down
INFO:     Waiting for application shutdown.
INFO:     Application shutdown complete.
INFO:     Finished server process [2739170]

2026-05-06 05:07:04.046 | INFO     | mineru.cli.client:run_orchestrated_cli:874 - Started local mineru-api at http://127.0.0.1:49927
2026-05-06 05:07:07.780 | INFO     | __main__:create_app:260 - Request concurrency limited to 3
INFO:     Started server process [2739353]
INFO:     Waiting for application startup.
INFO:     Application startup complete.
INFO:     Uvicorn running on http://127.0.0.1:49927 (Press CTRL+C to quit)
2026-05-06 05:07:08.080 | INFO     | mineru.cli.client:run_planned_task:771 - Submitting batch 1/1 | 1 document, 1 page in this batch | 1 page total | task#1 [08-PT9L整机寿命测试报告]
2026-05-06 05:07:08.536 | WARNING  | mineru.cli.common:aio_do_parse:749 - No valid PDF or image files to process.
2026-05-06 05:07:09.222 | INFO     | mineru.cli.client:run_planned_task:807 - Completed batch 1/1 | Processed 1/1 page | 1 of 1 batch finished | task#1 [08-PT9L整机寿命测试报告]
2026-05-06 05:07:09.253 | WARNING  | mineru.cli.client:log_visualization_future_result:390 - Skipping visualization for 08-PT9L整机寿命测试报告: missing origin.pdf: 08-PT9L整机寿命测试报告_origin.pdf
INFO:     Shutting down
INFO:     Waiting for application shutdown.
INFO:     Application shutdown complete.
INFO:     Finished server process [2739353]

2026-05-06 05:07:27.327 | INFO     | mineru.cli.client:run_orchestrated_cli:874 - Started local mineru-api at http://127.0.0.1:40713
2026-05-06 05:07:30.834 | INFO     | __main__:create_app:260 - Request concurrency limited to 3
INFO:     Started server process [2739526]
INFO:     Waiting for application startup.
INFO:     Application startup complete.
INFO:     Uvicorn running on http://127.0.0.1:40713 (Press CTRL+C to quit)
2026-05-06 05:07:31.360 | INFO     | mineru.cli.client:run_planned_task:771 - Submitting batch 1/1 | 1 document, 1 page in this batch | 1 page total | task#1 [08-PT9L整机寿命测试数据-共55页 一定要双面打印！！！]
2026-05-06 05:07:54.624 | WARNING  | mineru.cli.common:aio_do_parse:749 - No valid PDF or image files to process.
2026-05-06 05:07:54.961 | INFO     | mineru.cli.client:run_planned_task:807 - Completed batch 1/1 | Processed 1/1 page | 1 of 1 batch finished | task#1 [08-PT9L整机寿命测试数据-共55页 一定要双面打印！！！]
2026-05-06 05:07:54.987 | WARNING  | mineru.cli.client:log_visualization_future_result:390 - Skipping visualization for 08-PT9L整机寿命测试数据-共55页 一定要双面打印！！！: missing origin.pdf: 08-PT9L整机寿命测试数据-共55页 一定要双面打印！！！_origin.pdf
INFO:     Shutting down
INFO:     Waiting for application shutdown.
INFO:     Application shutdown complete.
INFO:     Finished server process [2739526]

2026-05-06 05:08:14.920 | INFO     | mineru.cli.client:run_orchestrated_cli:874 - Started local mineru-api at http://127.0.0.1:59175
2026-05-06 05:08:18.917 | INFO     | __main__:create_app:260 - Request concurrency limited to 3
INFO:     Started server process [2739755]
INFO:     Waiting for application startup.
INFO:     Application startup complete.
INFO:     Uvicorn running on http://127.0.0.1:59175 (Press CTRL+C to quit)
2026-05-06 05:08:19.956 | INFO     | mineru.cli.client:run_planned_task:771 - Submitting batch 1/1 | 1 document, 1 page in this batch | 1 page total | task#1 [09-PT9L红外体温计检测报告 V1.0-附件-性能测试数据]
2026-05-06 05:08:21.417 | WARNING  | mineru.cli.common:aio_do_parse:749 - No valid PDF or image files to process.
2026-05-06 05:08:21.477 | INFO     | mineru.cli.client:run_planned_task:807 - Completed batch 1/1 | Processed 1/1 page | 1 of 1 batch finished | task#1 [09-PT9L红外体温计检测报告 V1.0-附件-性能测试数据]
2026-05-06 05:08:21.508 | WARNING  | mineru.cli.client:log_visualization_future_result:390 - Skipping visualization for 09-PT9L红外体温计检测报告 V1.0-附件-性能测试数据: missing origin.pdf: 09-PT9L红外体温计检测报告 V1.0-附件-性能测试数据_origin.pdf
INFO:     Shutting down
INFO:     Waiting for application shutdown.
INFO:     Application shutdown complete.
INFO:     Finished server process [2739755]

2026-05-06 05:08:39.371 | INFO     | mineru.cli.client:run_orchestrated_cli:874 - Started local mineru-api at http://127.0.0.1:59369
2026-05-06 05:08:42.796 | INFO     | __main__:create_app:260 - Request concurrency limited to 3
INFO:     Started server process [2739927]
INFO:     Waiting for application startup.
INFO:     Application startup complete.
INFO:     Uvicorn running on http://127.0.0.1:59369 (Press CTRL+C to quit)
2026-05-06 05:08:43.403 | INFO     | mineru.cli.client:run_planned_task:771 - Submitting batch 1/1 | 1 document, 1 page in this batch | 1 page total | task#1 [09-PT9L红外体温计检测报告 V1.0]
2026-05-06 05:08:44.181 | WARNING  | mineru.cli.common:aio_do_parse:749 - No valid PDF or image files to process.
2026-05-06 05:08:44.559 | INFO     | mineru.cli.client:run_planned_task:807 - Completed batch 1/1 | Processed 1/1 page | 1 of 1 batch finished | task#1 [09-PT9L红外体温计检测报告 V1.0]
2026-05-06 05:08:44.588 | WARNING  | mineru.cli.client:log_visualization_future_result:390 - Skipping visualization for 09-PT9L红外体温计检测报告 V1.0: missing origin.pdf: 09-PT9L红外体温计检测报告 V1.0_origin.pdf
INFO:     Shutting down
INFO:     Waiting for application shutdown.
INFO:     Application shutdown complete.
INFO:     Finished server process [2739927]

2026-05-06 05:09:03.550 | INFO     | mineru.cli.client:run_orchestrated_cli:874 - Started local mineru-api at http://127.0.0.1:59883
2026-05-06 05:09:07.101 | INFO     | __main__:create_app:260 - Request concurrency limited to 3
INFO:     Started server process [2740117]
INFO:     Waiting for application startup.
INFO:     Application startup complete.
INFO:     Uvicorn running on http://127.0.0.1:59883 (Press CTRL+C to quit)
2026-05-06 05:09:07.583 | INFO     | mineru.cli.client:run_planned_task:771 - Submitting batch 1/1 | 1 document, 1 page in this batch | 1 page total | task#1 [10-PT9L标签审核表]
2026-05-06 05:09:12.850 | WARNING  | mineru.cli.common:aio_do_parse:749 - No valid PDF or image files to process.
2026-05-06 05:09:13.240 | INFO     | mineru.cli.client:run_planned_task:807 - Completed batch 1/1 | Processed 1/1 page | 1 of 1 batch finished | task#1 [10-PT9L标签审核表]
2026-05-06 05:09:13.268 | WARNING  | mineru.cli.client:log_visualization_future_result:390 - Skipping visualization for 10-PT9L标签审核表: missing origin.pdf: 10-PT9L标签审核表_origin.pdf
INFO:     Shutting down
INFO:     Waiting for application shutdown.
INFO:     Application shutdown complete.
INFO:     Finished server process [2740117]

2026-05-06 05:09:32.345 | INFO     | mineru.cli.client:run_orchestrated_cli:874 - Started local mineru-api at http://127.0.0.1:57387
2026-05-06 05:09:36.217 | INFO     | __main__:create_app:260 - Request concurrency limited to 3
INFO:     Started server process [2740301]
INFO:     Waiting for application startup.
INFO:     Application startup complete.
INFO:     Uvicorn running on http://127.0.0.1:57387 (Press CTRL+C to quit)
2026-05-06 05:09:36.380 | INFO     | mineru.cli.client:run_planned_task:771 - Submitting batch 1/1 | 1 document, 2 pages in this batch | 2 pages total | task#1 [冷热循环]
2026-05-06 05:09:42.292 | INFO     | mineru.utils.engine_utils:get_vlm_engine:34 - Using vllm-async-engine as the inference engine for VLM.
2026-05-06 05:09:58.431 | INFO     | mineru.backend.vlm.utils:enable_custom_logits_processors:56 - compute_capability: 8.0 >= 8.0 and vllm version: 0.11.2 >= 0.10.1, enable custom_logits_processors
[1;36m(EngineCore_DP0 pid=2740462)[0;0m The image processor of type `Qwen2VLImageProcessor` is now loaded as a fast processor by default, even if the model checkpoint was saved with a slow processor. This is a breaking change and may produce slightly different outputs. To continue using the slow processor, instantiate this class with `use_fast=False`. Note that this behavior will be extended to all models in a future release.
[1;36m(EngineCore_DP0 pid=2740462)[0;0m /home/s2025244189/miniconda3/envs/mineru/lib/python3.10/site-packages/tvm_ffi/_optional_torch_c_dlpack.py:181: UserWarning: Failed to JIT torch c dlpack extension, EnvTensorAllocator will not be enabled.
[1;36m(EngineCore_DP0 pid=2740462)[0;0m We recommend installing via `pip install torch-c-dlpack-ext`
[1;36m(EngineCore_DP0 pid=2740462)[0;0m   warnings.warn(
[1;36m(EngineCore_DP0 pid=2740462)[0;0m 
Loading safetensors checkpoint shards:   0% Completed | 0/1 [00:00<?, ?it/s]
[1;36m(EngineCore_DP0 pid=2740462)[0;0m 
Loading safetensors checkpoint shards: 100% Completed | 1/1 [00:01<00:00,  1.40s/it]
[1;36m(EngineCore_DP0 pid=2740462)[0;0m 
Loading safetensors checkpoint shards: 100% Completed | 1/1 [00:01<00:00,  1.40s/it]
[1;36m(EngineCore_DP0 pid=2740462)[0;0m 
[1;36m(EngineCore_DP0 pid=2740462)[0;0m 
Capturing CUDA graphs (mixed prefill-decode, PIECEWISE):   0%|          | 0/35 [00:00<?, ?it/s]
Capturing CUDA graphs (mixed prefill-decode, PIECEWISE):   9%|▊         | 3/35 [00:00<00:01, 25.31it/s]
Capturing CUDA graphs (mixed prefill-decode, PIECEWISE):  17%|█▋        | 6/35 [00:00<00:01, 24.85it/s]
Capturing CUDA graphs (mixed prefill-decode, PIECEWISE):  26%|██▌       | 9/35 [00:00<00:01, 25.11it/s]
Capturing CUDA graphs (mixed prefill-decode, PIECEWISE):  34%|███▍      | 12/35 [00:00<00:00, 25.61it/s]
Capturing CUDA graphs (mixed prefill-decode, PIECEWISE):  43%|████▎     | 15/35 [00:00<00:00, 25.65it/s]
Capturing CUDA graphs (mixed prefill-decode, PIECEWISE):  51%|█████▏    | 18/35 [00:00<00:00, 25.37it/s]
Capturing CUDA graphs (mixed prefill-decode, PIECEWISE):  60%|██████    | 21/35 [00:00<00:00, 25.14it/s]
Capturing CUDA graphs (mixed prefill-decode, PIECEWISE):  69%|██████▊   | 24/35 [00:00<00:00, 25.06it/s]
Capturing CUDA graphs (mixed prefill-decode, PIECEWISE):  77%|███████▋  | 27/35 [00:01<00:00, 25.29it/s]
Capturing CUDA graphs (mixed prefill-decode, PIECEWISE):  86%|████████▌ | 30/35 [00:01<00:00, 23.04it/s]
Capturing CUDA graphs (mixed prefill-decode, PIECEWISE):  94%|█████████▍| 33/35 [00:01<00:00, 23.90it/s]
Capturing CUDA graphs (mixed prefill-decode, PIECEWISE): 100%|██████████| 35/35 [00:01<00:00, 24.66it/s]
[1;36m(EngineCore_DP0 pid=2740462)[0;0m 
Capturing CUDA graphs (decode, FULL):   0%|          | 0/19 [00:00<?, ?it/s]
Capturing CUDA graphs (decode, FULL):  16%|█▌        | 3/19 [00:00<00:00, 26.92it/s]
Capturing CUDA graphs (decode, FULL):  32%|███▏      | 6/19 [00:00<00:00, 26.38it/s]
Capturing CUDA graphs (decode, FULL):  47%|████▋     | 9/19 [00:00<00:00, 26.38it/s]
Capturing CUDA graphs (decode, FULL):  63%|██████▎   | 12/19 [00:00<00:00, 26.83it/s]
Capturing CUDA graphs (decode, FULL):  79%|███████▉  | 15/19 [00:00<00:00, 26.97it/s]
Capturing CUDA graphs (decode, FULL):  95%|█████████▍| 18/19 [00:00<00:00, 27.33it/s]
Capturing CUDA graphs (decode, FULL): 100%|██████████| 19/19 [00:00<00:00, 27.07it/s]
2026-05-06 05:10:56.167 | INFO     | mineru.backend.vlm.vlm_analyze:get_model:251 - get vllm-async-engine predictor cost: 62.1s
2026-05-06 05:10:56.239 | INFO     | mineru.backend.hybrid.hybrid_analyze:aio_doc_analyze:706 - Hybrid processing-window run. page_count=2, window_size=64, total_windows=1
2026-05-06 05:11:03.263 | INFO     | mineru.backend.hybrid.hybrid_analyze:aio_doc_analyze:727 - Hybrid processing window 1/1: pages 1-2/2 (2 pages)

Two Step Extraction:   0%|          | 0/2 [00:00<?, ?it/s]The image processor of type `Qwen2VLImageProcessor` is now loaded as a fast processor by default, even if the model checkpoint was saved with a slow processor. This is a breaking change and may produce slightly different outputs. To continue using the slow processor, instantiate this class with `use_fast=False`. Note that this behavior will be extended to all models in a future release.

Two Step Extraction:  50%|█████     | 1/2 [00:11<00:11, 11.28s/it]
Two Step Extraction: 100%|██████████| 2/2 [00:11<00:00,  4.71s/it]
Two Step Extraction: 100%|██████████| 2/2 [00:11<00:00,  5.70s/it]

Processing pages:   0%|          | 0/2 [00:00<?, ?it/s]
Processing pages:  50%|█████     | 1/2 [00:07<00:07,  7.44s/it]
Processing pages: 100%|██████████| 2/2 [00:07<00:00,  3.77s/it]
2026-05-06 05:11:22.991 | INFO     | mineru.cli.client:run_planned_task:807 - Completed batch 1/1 | Processed 2/2 pages | 1 of 1 batch finished | task#1 [冷热循环]
INFO:     Shutting down
INFO:     Waiting for application shutdown.
INFO:     Application shutdown complete.
INFO:     Finished server process [2740301]

2026-05-06 05:11:48.458 | INFO     | mineru.cli.client:run_orchestrated_cli:874 - Started local mineru-api at http://127.0.0.1:45333
2026-05-06 05:11:52.706 | INFO     | __main__:create_app:260 - Request concurrency limited to 3
INFO:     Started server process [2740983]
INFO:     Waiting for application startup.
INFO:     Application startup complete.
INFO:     Uvicorn running on http://127.0.0.1:45333 (Press CTRL+C to quit)
2026-05-06 05:11:53.494 | INFO     | mineru.cli.client:run_planned_task:771 - Submitting batch 1/1 | 1 document, 2 pages in this batch | 2 pages total | task#1 [抗压测试]
2026-05-06 05:11:58.262 | INFO     | mineru.utils.engine_utils:get_vlm_engine:34 - Using vllm-async-engine as the inference engine for VLM.
2026-05-06 05:12:10.230 | INFO     | mineru.backend.vlm.utils:enable_custom_logits_processors:56 - compute_capability: 8.0 >= 8.0 and vllm version: 0.11.2 >= 0.10.1, enable custom_logits_processors
[1;36m(EngineCore_DP0 pid=2741108)[0;0m The image processor of type `Qwen2VLImageProcessor` is now loaded as a fast processor by default, even if the model checkpoint was saved with a slow processor. This is a breaking change and may produce slightly different outputs. To continue using the slow processor, instantiate this class with `use_fast=False`. Note that this behavior will be extended to all models in a future release.
[1;36m(EngineCore_DP0 pid=2741108)[0;0m /home/s2025244189/miniconda3/envs/mineru/lib/python3.10/site-packages/tvm_ffi/_optional_torch_c_dlpack.py:181: UserWarning: Failed to JIT torch c dlpack extension, EnvTensorAllocator will not be enabled.
[1;36m(EngineCore_DP0 pid=2741108)[0;0m We recommend installing via `pip install torch-c-dlpack-ext`
[1;36m(EngineCore_DP0 pid=2741108)[0;0m   warnings.warn(
[1;36m(EngineCore_DP0 pid=2741108)[0;0m 
Loading safetensors checkpoint shards:   0% Completed | 0/1 [00:00<?, ?it/s]
[1;36m(EngineCore_DP0 pid=2741108)[0;0m 
Loading safetensors checkpoint shards: 100% Completed | 1/1 [00:01<00:00,  1.38s/it]
[1;36m(EngineCore_DP0 pid=2741108)[0;0m 
Loading safetensors checkpoint shards: 100% Completed | 1/1 [00:01<00:00,  1.38s/it]
[1;36m(EngineCore_DP0 pid=2741108)[0;0m 
[1;36m(EngineCore_DP0 pid=2741108)[0;0m 
Capturing CUDA graphs (mixed prefill-decode, PIECEWISE):   0%|          | 0/35 [00:00<?, ?it/s]
Capturing CUDA graphs (mixed prefill-decode, PIECEWISE):   9%|▊         | 3/35 [00:00<00:01, 21.73it/s]
Capturing CUDA graphs (mixed prefill-decode, PIECEWISE):  17%|█▋        | 6/35 [00:00<00:01, 23.67it/s]
Capturing CUDA graphs (mixed prefill-decode, PIECEWISE):  26%|██▌       | 9/35 [00:00<00:01, 25.09it/s]
Capturing CUDA graphs (mixed prefill-decode, PIECEWISE):  34%|███▍      | 12/35 [00:00<00:00, 25.14it/s]
Capturing CUDA graphs (mixed prefill-decode, PIECEWISE):  43%|████▎     | 15/35 [00:00<00:00, 25.40it/s]
Capturing CUDA graphs (mixed prefill-decode, PIECEWISE):  51%|█████▏    | 18/35 [00:00<00:00, 25.27it/s]
Capturing CUDA graphs (mixed prefill-decode, PIECEWISE):  60%|██████    | 21/35 [00:00<00:00, 25.35it/s]
Capturing CUDA graphs (mixed prefill-decode, PIECEWISE):  69%|██████▊   | 24/35 [00:00<00:00, 25.67it/s]
Capturing CUDA graphs (mixed prefill-decode, PIECEWISE):  77%|███████▋  | 27/35 [00:01<00:00, 25.68it/s]
Capturing CUDA graphs (mixed prefill-decode, PIECEWISE):  86%|████████▌ | 30/35 [00:01<00:00, 23.20it/s]
Capturing CUDA graphs (mixed prefill-decode, PIECEWISE):  94%|█████████▍| 33/35 [00:01<00:00, 24.03it/s]
Capturing CUDA graphs (mixed prefill-decode, PIECEWISE): 100%|██████████| 35/35 [00:01<00:00, 24.63it/s]
[1;36m(EngineCore_DP0 pid=2741108)[0;0m 
Capturing CUDA graphs (decode, FULL):   0%|          | 0/19 [00:00<?, ?it/s]
Capturing CUDA graphs (decode, FULL):  16%|█▌        | 3/19 [00:00<00:00, 25.51it/s]
Capturing CUDA graphs (decode, FULL):  32%|███▏      | 6/19 [00:00<00:00, 26.16it/s]
Capturing CUDA graphs (decode, FULL):  47%|████▋     | 9/19 [00:00<00:00, 26.44it/s]
Capturing CUDA graphs (decode, FULL):  63%|██████▎   | 12/19 [00:00<00:00, 26.72it/s]
Capturing CUDA graphs (decode, FULL):  79%|███████▉  | 15/19 [00:00<00:00, 25.95it/s]
Capturing CUDA graphs (decode, FULL):  95%|█████████▍| 18/19 [00:00<00:00, 26.54it/s]
Capturing CUDA graphs (decode, FULL): 100%|██████████| 19/19 [00:00<00:00, 26.43it/s]
2026-05-06 05:13:07.580 | INFO     | mineru.backend.vlm.vlm_analyze:get_model:251 - get vllm-async-engine predictor cost: 60.68s
2026-05-06 05:13:07.637 | INFO     | mineru.backend.hybrid.hybrid_analyze:aio_doc_analyze:706 - Hybrid processing-window run. page_count=2, window_size=64, total_windows=1
2026-05-06 05:13:12.988 | INFO     | mineru.backend.hybrid.hybrid_analyze:aio_doc_analyze:727 - Hybrid processing window 1/1: pages 1-2/2 (2 pages)

Two Step Extraction:   0%|          | 0/2 [00:00<?, ?it/s]The image processor of type `Qwen2VLImageProcessor` is now loaded as a fast processor by default, even if the model checkpoint was saved with a slow processor. This is a breaking change and may produce slightly different outputs. To continue using the slow processor, instantiate this class with `use_fast=False`. Note that this behavior will be extended to all models in a future release.

Two Step Extraction:  50%|█████     | 1/2 [00:10<00:10, 11.00s/it]
Two Step Extraction: 100%|██████████| 2/2 [00:11<00:00,  4.67s/it]
Two Step Extraction: 100%|██████████| 2/2 [00:11<00:00,  5.62s/it]

Processing pages:   0%|          | 0/2 [00:00<?, ?it/s]
Processing pages:  50%|█████     | 1/2 [00:06<00:06,  6.25s/it]
Processing pages: 100%|██████████| 2/2 [00:06<00:00,  3.17s/it]
2026-05-06 05:13:31.351 | INFO     | mineru.cli.client:run_planned_task:807 - Completed batch 1/1 | Processed 2/2 pages | 1 of 1 batch finished | task#1 [抗压测试]
INFO:     Shutting down
[rank0]:[W506 05:13:41.894280231 ProcessGroupNCCL.cpp:1524] Warning: WARNING: destroy_process_group() was not called before program exit, which can leak resources. For more info, please see https://pytorch.org/docs/stable/distributed.html#shutdown (function operator())
INFO:     Waiting for application shutdown.
INFO:     Application shutdown complete.
INFO:     Finished server process [2740983]

2026-05-06 05:13:54.687 | INFO     | mineru.cli.client:run_orchestrated_cli:874 - Started local mineru-api at http://127.0.0.1:43827
2026-05-06 05:13:58.683 | INFO     | __main__:create_app:260 - Request concurrency limited to 3
INFO:     Started server process [2741549]
INFO:     Waiting for application startup.
INFO:     Application startup complete.
INFO:     Uvicorn running on http://127.0.0.1:43827 (Press CTRL+C to quit)
2026-05-06 05:13:59.723 | INFO     | mineru.cli.client:run_planned_task:771 - Submitting batch 1/1 | 1 document, 2 pages in this batch | 2 pages total | task#1 [模拟运输]
2026-05-06 05:14:04.260 | INFO     | mineru.utils.engine_utils:get_vlm_engine:34 - Using vllm-async-engine as the inference engine for VLM.
2026-05-06 05:14:16.606 | INFO     | mineru.backend.vlm.utils:enable_custom_logits_processors:56 - compute_capability: 8.0 >= 8.0 and vllm version: 0.11.2 >= 0.10.1, enable custom_logits_processors
[1;36m(EngineCore_DP0 pid=2741677)[0;0m The image processor of type `Qwen2VLImageProcessor` is now loaded as a fast processor by default, even if the model checkpoint was saved with a slow processor. This is a breaking change and may produce slightly different outputs. To continue using the slow processor, instantiate this class with `use_fast=False`. Note that this behavior will be extended to all models in a future release.
[1;36m(EngineCore_DP0 pid=2741677)[0;0m /home/s2025244189/miniconda3/envs/mineru/lib/python3.10/site-packages/tvm_ffi/_optional_torch_c_dlpack.py:181: UserWarning: Failed to JIT torch c dlpack extension, EnvTensorAllocator will not be enabled.
[1;36m(EngineCore_DP0 pid=2741677)[0;0m We recommend installing via `pip install torch-c-dlpack-ext`
[1;36m(EngineCore_DP0 pid=2741677)[0;0m   warnings.warn(
[1;36m(EngineCore_DP0 pid=2741677)[0;0m 
Loading safetensors checkpoint shards:   0% Completed | 0/1 [00:00<?, ?it/s]
[1;36m(EngineCore_DP0 pid=2741677)[0;0m 
Loading safetensors checkpoint shards: 100% Completed | 1/1 [00:01<00:00,  1.29s/it]
[1;36m(EngineCore_DP0 pid=2741677)[0;0m 
Loading safetensors checkpoint shards: 100% Completed | 1/1 [00:01<00:00,  1.29s/it]
[1;36m(EngineCore_DP0 pid=2741677)[0;0m 
[1;36m(EngineCore_DP0 pid=2741677)[0;0m 
Capturing CUDA graphs (mixed prefill-decode, PIECEWISE):   0%|          | 0/35 [00:00<?, ?it/s]
Capturing CUDA graphs (mixed prefill-decode, PIECEWISE):   9%|▊         | 3/35 [00:00<00:01, 22.49it/s]
Capturing CUDA graphs (mixed prefill-decode, PIECEWISE):  17%|█▋        | 6/35 [00:00<00:01, 23.79it/s]
Capturing CUDA graphs (mixed prefill-decode, PIECEWISE):  26%|██▌       | 9/35 [00:00<00:01, 23.94it/s]
Capturing CUDA graphs (mixed prefill-decode, PIECEWISE):  34%|███▍      | 12/35 [00:00<00:00, 24.40it/s]
Capturing CUDA graphs (mixed prefill-decode, PIECEWISE):  43%|████▎     | 15/35 [00:00<00:00, 24.90it/s]
Capturing CUDA graphs (mixed prefill-decode, PIECEWISE):  51%|█████▏    | 18/35 [00:00<00:00, 24.84it/s]
Capturing CUDA graphs (mixed prefill-decode, PIECEWISE):  60%|██████    | 21/35 [00:00<00:00, 24.33it/s]
Capturing CUDA graphs (mixed prefill-decode, PIECEWISE):  69%|██████▊   | 24/35 [00:00<00:00, 24.33it/s]
Capturing CUDA graphs (mixed prefill-decode, PIECEWISE):  77%|███████▋  | 27/35 [00:01<00:00, 24.69it/s]
Capturing CUDA graphs (mixed prefill-decode, PIECEWISE):  86%|████████▌ | 30/35 [00:01<00:00, 21.57it/s]
Capturing CUDA graphs (mixed prefill-decode, PIECEWISE):  94%|█████████▍| 33/35 [00:01<00:00, 22.32it/s]
Capturing CUDA graphs (mixed prefill-decode, PIECEWISE): 100%|██████████| 35/35 [00:01<00:00, 23.45it/s]
[1;36m(EngineCore_DP0 pid=2741677)[0;0m 
Capturing CUDA graphs (decode, FULL):   0%|          | 0/19 [00:00<?, ?it/s]
Capturing CUDA graphs (decode, FULL):  16%|█▌        | 3/19 [00:00<00:00, 25.73it/s]
Capturing CUDA graphs (decode, FULL):  32%|███▏      | 6/19 [00:00<00:00, 23.80it/s]
Capturing CUDA graphs (decode, FULL):  47%|████▋     | 9/19 [00:00<00:00, 23.78it/s]
Capturing CUDA graphs (decode, FULL):  63%|██████▎   | 12/19 [00:00<00:00, 24.55it/s]
Capturing CUDA graphs (decode, FULL):  79%|███████▉  | 15/19 [00:00<00:00, 21.83it/s]
Capturing CUDA graphs (decode, FULL):  95%|█████████▍| 18/19 [00:00<00:00, 23.09it/s]
Capturing CUDA graphs (decode, FULL): 100%|██████████| 19/19 [00:00<00:00, 23.37it/s]
2026-05-06 05:15:12.641 | INFO     | mineru.backend.vlm.vlm_analyze:get_model:251 - get vllm-async-engine predictor cost: 59.3s
2026-05-06 05:15:12.701 | INFO     | mineru.backend.hybrid.hybrid_analyze:aio_doc_analyze:706 - Hybrid processing-window run. page_count=2, window_size=64, total_windows=1
2026-05-06 05:15:19.302 | INFO     | mineru.backend.hybrid.hybrid_analyze:aio_doc_analyze:727 - Hybrid processing window 1/1: pages 1-2/2 (2 pages)

Two Step Extraction:   0%|          | 0/2 [00:00<?, ?it/s]The image processor of type `Qwen2VLImageProcessor` is now loaded as a fast processor by default, even if the model checkpoint was saved with a slow processor. This is a breaking change and may produce slightly different outputs. To continue using the slow processor, instantiate this class with `use_fast=False`. Note that this behavior will be extended to all models in a future release.

Two Step Extraction:  50%|█████     | 1/2 [00:10<00:10, 10.14s/it]
Two Step Extraction: 100%|██████████| 2/2 [00:11<00:00,  5.20s/it]
Two Step Extraction: 100%|██████████| 2/2 [00:11<00:00,  5.94s/it]

Processing pages:   0%|          | 0/2 [00:00<?, ?it/s]
Processing pages:  50%|█████     | 1/2 [00:06<00:06,  6.88s/it]
Processing pages: 100%|██████████| 2/2 [00:06<00:00,  3.48s/it]
2026-05-06 05:15:38.877 | INFO     | mineru.cli.client:run_planned_task:807 - Completed batch 1/1 | Processed 2/2 pages | 1 of 1 batch finished | task#1 [模拟运输]
INFO:     Shutting down
INFO:     Waiting for application shutdown.
INFO:     Application shutdown complete.
INFO:     Finished server process [2741549]

2026-05-06 05:16:06.542 | INFO     | mineru.cli.client:run_orchestrated_cli:874 - Started local mineru-api at http://127.0.0.1:46817
2026-05-06 05:16:11.443 | INFO     | __main__:create_app:260 - Request concurrency limited to 3
INFO:     Started server process [2742209]
INFO:     Waiting for application startup.
INFO:     Application startup complete.
INFO:     Uvicorn running on http://127.0.0.1:46817 (Press CTRL+C to quit)
2026-05-06 05:16:12.582 | INFO     | mineru.cli.client:run_planned_task:771 - Submitting batch 1/1 | 1 document, 3 pages in this batch | 3 pages total | task#1 [跌落]
2026-05-06 05:16:18.016 | INFO     | mineru.utils.engine_utils:get_vlm_engine:34 - Using vllm-async-engine as the inference engine for VLM.
2026-05-06 05:16:31.787 | INFO     | mineru.backend.vlm.utils:enable_custom_logits_processors:56 - compute_capability: 8.0 >= 8.0 and vllm version: 0.11.2 >= 0.10.1, enable custom_logits_processors
[1;36m(EngineCore_DP0 pid=2742338)[0;0m The image processor of type `Qwen2VLImageProcessor` is now loaded as a fast processor by default, even if the model checkpoint was saved with a slow processor. This is a breaking change and may produce slightly different outputs. To continue using the slow processor, instantiate this class with `use_fast=False`. Note that this behavior will be extended to all models in a future release.
[1;36m(EngineCore_DP0 pid=2742338)[0;0m /home/s2025244189/miniconda3/envs/mineru/lib/python3.10/site-packages/tvm_ffi/_optional_torch_c_dlpack.py:181: UserWarning: Failed to JIT torch c dlpack extension, EnvTensorAllocator will not be enabled.
[1;36m(EngineCore_DP0 pid=2742338)[0;0m We recommend installing via `pip install torch-c-dlpack-ext`
[1;36m(EngineCore_DP0 pid=2742338)[0;0m   warnings.warn(
[1;36m(EngineCore_DP0 pid=2742338)[0;0m 
Loading safetensors checkpoint shards:   0% Completed | 0/1 [00:00<?, ?it/s]
[1;36m(EngineCore_DP0 pid=2742338)[0;0m 
Loading safetensors checkpoint shards: 100% Completed | 1/1 [00:01<00:00,  1.47s/it]
[1;36m(EngineCore_DP0 pid=2742338)[0;0m 
Loading safetensors checkpoint shards: 100% Completed | 1/1 [00:01<00:00,  1.47s/it]
[1;36m(EngineCore_DP0 pid=2742338)[0;0m 
[1;36m(EngineCore_DP0 pid=2742338)[0;0m 
Capturing CUDA graphs (mixed prefill-decode, PIECEWISE):   0%|          | 0/35 [00:00<?, ?it/s]
Capturing CUDA graphs (mixed prefill-decode, PIECEWISE):   9%|▊         | 3/35 [00:00<00:01, 23.04it/s]
Capturing CUDA graphs (mixed prefill-decode, PIECEWISE):  17%|█▋        | 6/35 [00:00<00:01, 24.25it/s]
Capturing CUDA graphs (mixed prefill-decode, PIECEWISE):  26%|██▌       | 9/35 [00:00<00:01, 25.30it/s]
Capturing CUDA graphs (mixed prefill-decode, PIECEWISE):  34%|███▍      | 12/35 [00:00<00:00, 24.67it/s]
Capturing CUDA graphs (mixed prefill-decode, PIECEWISE):  43%|████▎     | 15/35 [00:00<00:00, 24.60it/s]
Capturing CUDA graphs (mixed prefill-decode, PIECEWISE):  51%|█████▏    | 18/35 [00:00<00:00, 25.05it/s]
Capturing CUDA graphs (mixed prefill-decode, PIECEWISE):  60%|██████    | 21/35 [00:00<00:00, 25.14it/s]
Capturing CUDA graphs (mixed prefill-decode, PIECEWISE):  69%|██████▊   | 24/35 [00:00<00:00, 25.64it/s]
Capturing CUDA graphs (mixed prefill-decode, PIECEWISE):  77%|███████▋  | 27/35 [00:01<00:00, 25.86it/s]
Capturing CUDA graphs (mixed prefill-decode, PIECEWISE):  86%|████████▌ | 30/35 [00:01<00:00, 23.46it/s]
Capturing CUDA graphs (mixed prefill-decode, PIECEWISE):  94%|█████████▍| 33/35 [00:01<00:00, 24.24it/s]
Capturing CUDA graphs (mixed prefill-decode, PIECEWISE): 100%|██████████| 35/35 [00:01<00:00, 24.70it/s]
[1;36m(EngineCore_DP0 pid=2742338)[0;0m 
Capturing CUDA graphs (decode, FULL):   0%|          | 0/19 [00:00<?, ?it/s]
Capturing CUDA graphs (decode, FULL):  16%|█▌        | 3/19 [00:00<00:00, 27.15it/s]
Capturing CUDA graphs (decode, FULL):  32%|███▏      | 6/19 [00:00<00:00, 25.91it/s]
Capturing CUDA graphs (decode, FULL):  47%|████▋     | 9/19 [00:00<00:00, 26.04it/s]
Capturing CUDA graphs (decode, FULL):  63%|██████▎   | 12/19 [00:00<00:00, 26.19it/s]
Capturing CUDA graphs (decode, FULL):  79%|███████▉  | 15/19 [00:00<00:00, 26.16it/s]
Capturing CUDA graphs (decode, FULL):  95%|█████████▍| 18/19 [00:00<00:00, 26.35it/s]
Capturing CUDA graphs (decode, FULL): 100%|██████████| 19/19 [00:00<00:00, 26.27it/s]
2026-05-06 05:17:30.327 | INFO     | mineru.backend.vlm.vlm_analyze:get_model:251 - get vllm-async-engine predictor cost: 62.12s
2026-05-06 05:17:30.380 | INFO     | mineru.backend.hybrid.hybrid_analyze:aio_doc_analyze:706 - Hybrid processing-window run. page_count=3, window_size=64, total_windows=1
2026-05-06 05:17:36.954 | INFO     | mineru.backend.hybrid.hybrid_analyze:aio_doc_analyze:727 - Hybrid processing window 1/1: pages 1-3/3 (3 pages)

Two Step Extraction:   0%|          | 0/3 [00:00<?, ?it/s]The image processor of type `Qwen2VLImageProcessor` is now loaded as a fast processor by default, even if the model checkpoint was saved with a slow processor. This is a breaking change and may produce slightly different outputs. To continue using the slow processor, instantiate this class with `use_fast=False`. Note that this behavior will be extended to all models in a future release.

Two Step Extraction:  33%|███▎      | 1/3 [00:11<00:22, 11.20s/it]
Two Step Extraction: 100%|██████████| 3/3 [00:11<00:00,  3.07s/it]
Two Step Extraction: 100%|██████████| 3/3 [00:11<00:00,  3.88s/it]

Processing pages:   0%|          | 0/3 [00:00<?, ?it/s]
Processing pages:  33%|███▎      | 1/3 [00:07<00:15,  7.64s/it]
Processing pages:  67%|██████▋   | 2/3 [00:07<00:03,  3.27s/it]
Processing pages: 100%|██████████| 3/3 [00:07<00:00,  2.64s/it]
2026-05-06 05:17:57.301 | INFO     | mineru.cli.client:run_planned_task:807 - Completed batch 1/1 | Processed 3/3 pages | 1 of 1 batch finished | task#1 [跌落]
INFO:     Shutting down
INFO:     Waiting for application shutdown.
INFO:     Application shutdown complete.
INFO:     Finished server process [2742209]

2026-05-06 05:18:21.338 | INFO     | mineru.cli.client:run_orchestrated_cli:874 - Started local mineru-api at http://127.0.0.1:58991
2026-05-06 05:18:25.809 | INFO     | __main__:create_app:260 - Request concurrency limited to 3
INFO:     Started server process [2742798]
INFO:     Waiting for application startup.
INFO:     Application startup complete.
INFO:     Uvicorn running on http://127.0.0.1:58991 (Press CTRL+C to quit)
2026-05-06 05:18:26.379 | INFO     | mineru.cli.client:run_planned_task:771 - Submitting batch 1/1 | 1 document, 1 page in this batch | 1 page total | task#1 [运输试验评估报告]
2026-05-06 05:18:26.878 | WARNING  | mineru.cli.common:aio_do_parse:749 - No valid PDF or image files to process.
2026-05-06 05:18:27.528 | INFO     | mineru.cli.client:run_planned_task:807 - Completed batch 1/1 | Processed 1/1 page | 1 of 1 batch finished | task#1 [运输试验评估报告]
2026-05-06 05:18:27.559 | WARNING  | mineru.cli.client:log_visualization_future_result:390 - Skipping visualization for 运输试验评估报告: missing origin.pdf: 运输试验评估报告_origin.pdf
INFO:     Shutting down
INFO:     Waiting for application shutdown.
INFO:     Application shutdown complete.
INFO:     Finished server process [2742798]

2026-05-06 05:18:45.695 | INFO     | mineru.cli.client:run_orchestrated_cli:874 - Started local mineru-api at http://127.0.0.1:59529
2026-05-06 05:18:49.290 | INFO     | __main__:create_app:260 - Request concurrency limited to 3
INFO:     Started server process [2742976]
INFO:     Waiting for application startup.
INFO:     Application startup complete.
INFO:     Uvicorn running on http://127.0.0.1:59529 (Press CTRL+C to quit)
2026-05-06 05:18:49.730 | INFO     | mineru.cli.client:run_planned_task:771 - Submitting batch 1/1 | 1 document, 1 page in this batch | 1 page total | task#1 [PT9L生物相容性评估报告]
2026-05-06 05:18:50.170 | WARNING  | mineru.cli.common:aio_do_parse:749 - No valid PDF or image files to process.
2026-05-06 05:18:50.889 | INFO     | mineru.cli.client:run_planned_task:807 - Completed batch 1/1 | Processed 1/1 page | 1 of 1 batch finished | task#1 [PT9L生物相容性评估报告]
2026-05-06 05:18:50.917 | WARNING  | mineru.cli.client:log_visualization_future_result:390 - Skipping visualization for PT9L生物相容性评估报告: missing origin.pdf: PT9L生物相容性评估报告_origin.pdf
INFO:     Shutting down
INFO:     Waiting for application shutdown.
INFO:     Application shutdown complete.
INFO:     Finished server process [2742976]

2026-05-06 05:19:11.049 | INFO     | mineru.cli.client:run_orchestrated_cli:874 - Started local mineru-api at http://127.0.0.1:60831
2026-05-06 05:19:14.795 | INFO     | __main__:create_app:260 - Request concurrency limited to 3
INFO:     Started server process [2743146]
INFO:     Waiting for application startup.
INFO:     Application startup complete.
INFO:     Uvicorn running on http://127.0.0.1:60831 (Press CTRL+C to quit)
2026-05-06 05:19:15.081 | INFO     | mineru.cli.client:run_planned_task:771 - Submitting batch 1/1 | 1 document, 12 pages in this batch | 12 pages total | task#1 [PT5-生物相容性-皮肤刺激1-SDWH-M201905262-4]
2026-05-06 05:19:20.781 | INFO     | mineru.utils.engine_utils:get_vlm_engine:34 - Using vllm-async-engine as the inference engine for VLM.
2026-05-06 05:19:34.349 | INFO     | mineru.backend.vlm.utils:enable_custom_logits_processors:56 - compute_capability: 8.0 >= 8.0 and vllm version: 0.11.2 >= 0.10.1, enable custom_logits_processors
[1;36m(EngineCore_DP0 pid=2743272)[0;0m The image processor of type `Qwen2VLImageProcessor` is now loaded as a fast processor by default, even if the model checkpoint was saved with a slow processor. This is a breaking change and may produce slightly different outputs. To continue using the slow processor, instantiate this class with `use_fast=False`. Note that this behavior will be extended to all models in a future release.
[1;36m(EngineCore_DP0 pid=2743272)[0;0m /home/s2025244189/miniconda3/envs/mineru/lib/python3.10/site-packages/tvm_ffi/_optional_torch_c_dlpack.py:181: UserWarning: Failed to JIT torch c dlpack extension, EnvTensorAllocator will not be enabled.
[1;36m(EngineCore_DP0 pid=2743272)[0;0m We recommend installing via `pip install torch-c-dlpack-ext`
[1;36m(EngineCore_DP0 pid=2743272)[0;0m   warnings.warn(
[1;36m(EngineCore_DP0 pid=2743272)[0;0m 
Loading safetensors checkpoint shards:   0% Completed | 0/1 [00:00<?, ?it/s]
[1;36m(EngineCore_DP0 pid=2743272)[0;0m 
Loading safetensors checkpoint shards: 100% Completed | 1/1 [00:01<00:00,  1.17s/it]
[1;36m(EngineCore_DP0 pid=2743272)[0;0m 
Loading safetensors checkpoint shards: 100% Completed | 1/1 [00:01<00:00,  1.17s/it]
[1;36m(EngineCore_DP0 pid=2743272)[0;0m 
[1;36m(EngineCore_DP0 pid=2743272)[0;0m 
Capturing CUDA graphs (mixed prefill-decode, PIECEWISE):   0%|          | 0/35 [00:00<?, ?it/s]
Capturing CUDA graphs (mixed prefill-decode, PIECEWISE):   9%|▊         | 3/35 [00:00<00:01, 21.91it/s]
Capturing CUDA graphs (mixed prefill-decode, PIECEWISE):  17%|█▋        | 6/35 [00:00<00:01, 23.13it/s]
Capturing CUDA graphs (mixed prefill-decode, PIECEWISE):  26%|██▌       | 9/35 [00:00<00:01, 23.54it/s]
Capturing CUDA graphs (mixed prefill-decode, PIECEWISE):  34%|███▍      | 12/35 [00:00<00:00, 24.77it/s]
Capturing CUDA graphs (mixed prefill-decode, PIECEWISE):  43%|████▎     | 15/35 [00:00<00:00, 24.68it/s]
Capturing CUDA graphs (mixed prefill-decode, PIECEWISE):  51%|█████▏    | 18/35 [00:00<00:00, 25.20it/s]
Capturing CUDA graphs (mixed prefill-decode, PIECEWISE):  60%|██████    | 21/35 [00:00<00:00, 24.76it/s]
Capturing CUDA graphs (mixed prefill-decode, PIECEWISE):  69%|██████▊   | 24/35 [00:00<00:00, 24.66it/s]
Capturing CUDA graphs (mixed prefill-decode, PIECEWISE):  77%|███████▋  | 27/35 [00:01<00:00, 24.94it/s]
Capturing CUDA graphs (mixed prefill-decode, PIECEWISE):  86%|████████▌ | 30/35 [00:01<00:00, 22.46it/s]
Capturing CUDA graphs (mixed prefill-decode, PIECEWISE):  94%|█████████▍| 33/35 [00:01<00:00, 23.03it/s]
Capturing CUDA graphs (mixed prefill-decode, PIECEWISE): 100%|██████████| 35/35 [00:01<00:00, 23.94it/s]
[1;36m(EngineCore_DP0 pid=2743272)[0;0m 
Capturing CUDA graphs (decode, FULL):   0%|          | 0/19 [00:00<?, ?it/s]
Capturing CUDA graphs (decode, FULL):  16%|█▌        | 3/19 [00:00<00:00, 28.86it/s]
Capturing CUDA graphs (decode, FULL):  32%|███▏      | 6/19 [00:00<00:00, 28.00it/s]
Capturing CUDA graphs (decode, FULL):  47%|████▋     | 9/19 [00:00<00:00, 27.80it/s]
Capturing CUDA graphs (decode, FULL):  63%|██████▎   | 12/19 [00:00<00:00, 27.68it/s]
Capturing CUDA graphs (decode, FULL):  79%|███████▉  | 15/19 [00:00<00:00, 27.13it/s]
Capturing CUDA graphs (decode, FULL):  95%|█████████▍| 18/19 [00:00<00:00, 26.93it/s]
Capturing CUDA graphs (decode, FULL): 100%|██████████| 19/19 [00:00<00:00, 27.46it/s]
2026-05-06 05:20:28.810 | INFO     | mineru.backend.vlm.vlm_analyze:get_model:251 - get vllm-async-engine predictor cost: 58.28s
2026-05-06 05:20:28.833 | INFO     | mineru.backend.hybrid.hybrid_analyze:aio_doc_analyze:706 - Hybrid processing-window run. page_count=12, window_size=64, total_windows=1
2026-05-06 05:20:38.300 | INFO     | mineru.backend.hybrid.hybrid_analyze:aio_doc_analyze:727 - Hybrid processing window 1/1: pages 1-12/12 (12 pages)

Two Step Extraction:   0%|          | 0/12 [00:00<?, ?it/s]The image processor of type `Qwen2VLImageProcessor` is now loaded as a fast processor by default, even if the model checkpoint was saved with a slow processor. This is a breaking change and may produce slightly different outputs. To continue using the slow processor, instantiate this class with `use_fast=False`. Note that this behavior will be extended to all models in a future release.

Two Step Extraction:   8%|▊         | 1/12 [00:09<01:46,  9.64s/it]
Two Step Extraction:  17%|█▋        | 2/12 [00:18<01:30,  9.05s/it]
Two Step Extraction:  75%|███████▌  | 9/12 [00:23<00:05,  1.92s/it]
Two Step Extraction: 100%|██████████| 12/12 [00:23<00:00,  1.95s/it]

Processing pages:   0%|          | 0/12 [00:00<?, ?it/s]
Processing pages:   8%|▊         | 1/12 [00:07<01:18,  7.11s/it]
Processing pages:  25%|██▌       | 3/12 [00:07<00:16,  1.88s/it]
Processing pages:  42%|████▏     | 5/12 [00:07<00:06,  1.05it/s]
Processing pages:  58%|█████▊    | 7/12 [00:07<00:02,  1.72it/s]
Processing pages:  75%|███████▌  | 9/12 [00:07<00:01,  2.55it/s]
Processing pages: 100%|██████████| 12/12 [00:07<00:00,  4.09it/s]
Processing pages: 100%|██████████| 12/12 [00:07<00:00,  1.52it/s]
2026-05-06 05:21:10.947 | INFO     | mineru.cli.client:run_planned_task:807 - Completed batch 1/1 | Processed 12/12 pages | 1 of 1 batch finished | task#1 [PT5-生物相容性-皮肤刺激1-SDWH-M201905262-4]
INFO:     Shutting down
INFO:     Waiting for application shutdown.
INFO:     Application shutdown complete.
INFO:     Finished server process [2743146]

2026-05-06 05:21:36.795 | INFO     | mineru.cli.client:run_orchestrated_cli:874 - Started local mineru-api at http://127.0.0.1:54103
2026-05-06 05:21:41.467 | INFO     | __main__:create_app:260 - Request concurrency limited to 3
INFO:     Started server process [2743854]
INFO:     Waiting for application startup.
INFO:     Application startup complete.
INFO:     Uvicorn running on http://127.0.0.1:54103 (Press CTRL+C to quit)
2026-05-06 05:21:41.836 | INFO     | mineru.cli.client:run_planned_task:771 - Submitting batch 1/1 | 1 document, 12 pages in this batch | 12 pages total | task#1 [PT5-生物相容性-皮肤刺激2-SDWH-M201905262-5]
2026-05-06 05:21:47.999 | INFO     | mineru.utils.engine_utils:get_vlm_engine:34 - Using vllm-async-engine as the inference engine for VLM.
2026-05-06 05:22:02.945 | INFO     | mineru.backend.vlm.utils:enable_custom_logits_processors:56 - compute_capability: 8.0 >= 8.0 and vllm version: 0.11.2 >= 0.10.1, enable custom_logits_processors
[1;36m(EngineCore_DP0 pid=2743990)[0;0m The image processor of type `Qwen2VLImageProcessor` is now loaded as a fast processor by default, even if the model checkpoint was saved with a slow processor. This is a breaking change and may produce slightly different outputs. To continue using the slow processor, instantiate this class with `use_fast=False`. Note that this behavior will be extended to all models in a future release.
[1;36m(EngineCore_DP0 pid=2743990)[0;0m /home/s2025244189/miniconda3/envs/mineru/lib/python3.10/site-packages/tvm_ffi/_optional_torch_c_dlpack.py:181: UserWarning: Failed to JIT torch c dlpack extension, EnvTensorAllocator will not be enabled.
[1;36m(EngineCore_DP0 pid=2743990)[0;0m We recommend installing via `pip install torch-c-dlpack-ext`
[1;36m(EngineCore_DP0 pid=2743990)[0;0m   warnings.warn(
[1;36m(EngineCore_DP0 pid=2743990)[0;0m 
Loading safetensors checkpoint shards:   0% Completed | 0/1 [00:00<?, ?it/s]
[1;36m(EngineCore_DP0 pid=2743990)[0;0m 
Loading safetensors checkpoint shards: 100% Completed | 1/1 [00:01<00:00,  1.27s/it]
[1;36m(EngineCore_DP0 pid=2743990)[0;0m 
Loading safetensors checkpoint shards: 100% Completed | 1/1 [00:01<00:00,  1.27s/it]
[1;36m(EngineCore_DP0 pid=2743990)[0;0m 
[1;36m(EngineCore_DP0 pid=2743990)[0;0m 
Capturing CUDA graphs (mixed prefill-decode, PIECEWISE):   0%|          | 0/35 [00:00<?, ?it/s]
Capturing CUDA graphs (mixed prefill-decode, PIECEWISE):   9%|▊         | 3/35 [00:00<00:01, 26.60it/s]
Capturing CUDA graphs (mixed prefill-decode, PIECEWISE):  17%|█▋        | 6/35 [00:00<00:01, 25.94it/s]
Capturing CUDA graphs (mixed prefill-decode, PIECEWISE):  26%|██▌       | 9/35 [00:00<00:00, 26.14it/s]
Capturing CUDA graphs (mixed prefill-decode, PIECEWISE):  34%|███▍      | 12/35 [00:00<00:00, 26.41it/s]
Capturing CUDA graphs (mixed prefill-decode, PIECEWISE):  43%|████▎     | 15/35 [00:00<00:00, 26.59it/s]
Capturing CUDA graphs (mixed prefill-decode, PIECEWISE):  51%|█████▏    | 18/35 [00:00<00:00, 26.37it/s]
Capturing CUDA graphs (mixed prefill-decode, PIECEWISE):  60%|██████    | 21/35 [00:00<00:00, 26.59it/s]
Capturing CUDA graphs (mixed prefill-decode, PIECEWISE):  69%|██████▊   | 24/35 [00:00<00:00, 26.71it/s]
Capturing CUDA graphs (mixed prefill-decode, PIECEWISE):  77%|███████▋  | 27/35 [00:01<00:00, 27.08it/s]
Capturing CUDA graphs (mixed prefill-decode, PIECEWISE):  86%|████████▌ | 30/35 [00:01<00:00, 24.58it/s]
Capturing CUDA graphs (mixed prefill-decode, PIECEWISE):  94%|█████████▍| 33/35 [00:01<00:00, 25.10it/s]
Capturing CUDA graphs (mixed prefill-decode, PIECEWISE): 100%|██████████| 35/35 [00:01<00:00, 25.90it/s]
[1;36m(EngineCore_DP0 pid=2743990)[0;0m 
Capturing CUDA graphs (decode, FULL):   0%|          | 0/19 [00:00<?, ?it/s]
Capturing CUDA graphs (decode, FULL):  16%|█▌        | 3/19 [00:00<00:00, 27.90it/s]
Capturing CUDA graphs (decode, FULL):  32%|███▏      | 6/19 [00:00<00:00, 28.00it/s]
Capturing CUDA graphs (decode, FULL):  47%|████▋     | 9/19 [00:00<00:00, 28.00it/s]
Capturing CUDA graphs (decode, FULL):  63%|██████▎   | 12/19 [00:00<00:00, 28.01it/s]
Capturing CUDA graphs (decode, FULL):  79%|███████▉  | 15/19 [00:00<00:00, 27.99it/s]
Capturing CUDA graphs (decode, FULL):  95%|█████████▍| 18/19 [00:00<00:00, 27.75it/s]
Capturing CUDA graphs (decode, FULL): 100%|██████████| 19/19 [00:00<00:00, 27.92it/s]
2026-05-06 05:22:57.572 | INFO     | mineru.backend.vlm.vlm_analyze:get_model:251 - get vllm-async-engine predictor cost: 58.71s
2026-05-06 05:22:57.592 | INFO     | mineru.backend.hybrid.hybrid_analyze:aio_doc_analyze:706 - Hybrid processing-window run. page_count=12, window_size=64, total_windows=1
2026-05-06 05:23:04.864 | INFO     | mineru.backend.hybrid.hybrid_analyze:aio_doc_analyze:727 - Hybrid processing window 1/1: pages 1-12/12 (12 pages)

Two Step Extraction:   0%|          | 0/12 [00:00<?, ?it/s]The image processor of type `Qwen2VLImageProcessor` is now loaded as a fast processor by default, even if the model checkpoint was saved with a slow processor. This is a breaking change and may produce slightly different outputs. To continue using the slow processor, instantiate this class with `use_fast=False`. Note that this behavior will be extended to all models in a future release.

Two Step Extraction:  17%|█▋        | 2/12 [00:10<00:52,  5.30s/it]
Two Step Extraction:  67%|██████▋   | 8/12 [00:22<00:10,  2.59s/it]
Two Step Extraction:  92%|█████████▏| 11/12 [00:24<00:01,  1.91s/it]
Two Step Extraction: 100%|██████████| 12/12 [00:24<00:00,  2.05s/it]

Processing pages:   0%|          | 0/12 [00:00<?, ?it/s]
Processing pages:   8%|▊         | 1/12 [00:06<01:13,  6.66s/it]
Processing pages:  25%|██▌       | 3/12 [00:06<00:15,  1.77s/it]
Processing pages:  42%|████▏     | 5/12 [00:06<00:06,  1.11it/s]
Processing pages:  58%|█████▊    | 7/12 [00:07<00:02,  1.82it/s]
Processing pages:  75%|███████▌  | 9/12 [00:07<00:01,  2.69it/s]
Processing pages: 100%|██████████| 12/12 [00:07<00:00,  4.39it/s]
Processing pages: 100%|██████████| 12/12 [00:07<00:00,  1.62it/s]
2026-05-06 05:23:38.333 | INFO     | mineru.cli.client:run_planned_task:807 - Completed batch 1/1 | Processed 12/12 pages | 1 of 1 batch finished | task#1 [PT5-生物相容性-皮肤刺激2-SDWH-M201905262-5]
INFO:     Shutting down
[rank0]:[W506 05:23:48.890965632 ProcessGroupNCCL.cpp:1524] Warning: WARNING: destroy_process_group() was not called before program exit, which can leak resources. For more info, please see https://pytorch.org/docs/stable/distributed.html#shutdown (function operator())
INFO:     Waiting for application shutdown.
INFO:     Application shutdown complete.
INFO:     Finished server process [2743854]

2026-05-06 05:24:04.613 | INFO     | mineru.cli.client:run_orchestrated_cli:874 - Started local mineru-api at http://127.0.0.1:40897
2026-05-06 05:24:08.803 | INFO     | __main__:create_app:260 - Request concurrency limited to 3
INFO:     Started server process [2744462]
INFO:     Waiting for application startup.
INFO:     Application startup complete.
INFO:     Uvicorn running on http://127.0.0.1:40897 (Press CTRL+C to quit)
2026-05-06 05:24:09.652 | INFO     | mineru.cli.client:run_planned_task:771 - Submitting batch 1/1 | 1 document, 14 pages in this batch | 14 pages total | task#1 [PT5-生物相容性-皮肤致敏1-SDWH-M201905262-2]
2026-05-06 05:24:15.118 | INFO     | mineru.utils.engine_utils:get_vlm_engine:34 - Using vllm-async-engine as the inference engine for VLM.
2026-05-06 05:24:27.644 | INFO     | mineru.backend.vlm.utils:enable_custom_logits_processors:56 - compute_capability: 8.0 >= 8.0 and vllm version: 0.11.2 >= 0.10.1, enable custom_logits_processors
[1;36m(EngineCore_DP0 pid=2744591)[0;0m The image processor of type `Qwen2VLImageProcessor` is now loaded as a fast processor by default, even if the model checkpoint was saved with a slow processor. This is a breaking change and may produce slightly different outputs. To continue using the slow processor, instantiate this class with `use_fast=False`. Note that this behavior will be extended to all models in a future release.
[1;36m(EngineCore_DP0 pid=2744591)[0;0m /home/s2025244189/miniconda3/envs/mineru/lib/python3.10/site-packages/tvm_ffi/_optional_torch_c_dlpack.py:181: UserWarning: Failed to JIT torch c dlpack extension, EnvTensorAllocator will not be enabled.
[1;36m(EngineCore_DP0 pid=2744591)[0;0m We recommend installing via `pip install torch-c-dlpack-ext`
[1;36m(EngineCore_DP0 pid=2744591)[0;0m   warnings.warn(
[1;36m(EngineCore_DP0 pid=2744591)[0;0m 
Loading safetensors checkpoint shards:   0% Completed | 0/1 [00:00<?, ?it/s]
[1;36m(EngineCore_DP0 pid=2744591)[0;0m 
Loading safetensors checkpoint shards: 100% Completed | 1/1 [00:01<00:00,  1.26s/it]
[1;36m(EngineCore_DP0 pid=2744591)[0;0m 
Loading safetensors checkpoint shards: 100% Completed | 1/1 [00:01<00:00,  1.26s/it]
[1;36m(EngineCore_DP0 pid=2744591)[0;0m 
[1;36m(EngineCore_DP0 pid=2744591)[0;0m 
Capturing CUDA graphs (mixed prefill-decode, PIECEWISE):   0%|          | 0/35 [00:00<?, ?it/s]
Capturing CUDA graphs (mixed prefill-decode, PIECEWISE):   9%|▊         | 3/35 [00:00<00:01, 24.51it/s]
Capturing CUDA graphs (mixed prefill-decode, PIECEWISE):  17%|█▋        | 6/35 [00:00<00:01, 23.29it/s]
Capturing CUDA graphs (mixed prefill-decode, PIECEWISE):  26%|██▌       | 9/35 [00:00<00:01, 22.77it/s]
Capturing CUDA graphs (mixed prefill-decode, PIECEWISE):  34%|███▍      | 12/35 [00:00<00:01, 22.89it/s]
Capturing CUDA graphs (mixed prefill-decode, PIECEWISE):  43%|████▎     | 15/35 [00:00<00:00, 22.04it/s]
Capturing CUDA graphs (mixed prefill-decode, PIECEWISE):  51%|█████▏    | 18/35 [00:00<00:00, 22.36it/s]
Capturing CUDA graphs (mixed prefill-decode, PIECEWISE):  60%|██████    | 21/35 [00:00<00:00, 22.76it/s]
Capturing CUDA graphs (mixed prefill-decode, PIECEWISE):  69%|██████▊   | 24/35 [00:01<00:00, 22.79it/s]
Capturing CUDA graphs (mixed prefill-decode, PIECEWISE):  77%|███████▋  | 27/35 [00:01<00:00, 21.96it/s]
Capturing CUDA graphs (mixed prefill-decode, PIECEWISE):  86%|████████▌ | 30/35 [00:01<00:00, 19.37it/s]
Capturing CUDA graphs (mixed prefill-decode, PIECEWISE):  94%|█████████▍| 33/35 [00:01<00:00, 20.47it/s]
Capturing CUDA graphs (mixed prefill-decode, PIECEWISE): 100%|██████████| 35/35 [00:01<00:00, 21.70it/s]
[1;36m(EngineCore_DP0 pid=2744591)[0;0m 
Capturing CUDA graphs (decode, FULL):   0%|          | 0/19 [00:00<?, ?it/s]
Capturing CUDA graphs (decode, FULL):  16%|█▌        | 3/19 [00:00<00:00, 25.50it/s]
Capturing CUDA graphs (decode, FULL):  32%|███▏      | 6/19 [00:00<00:00, 23.94it/s]
Capturing CUDA graphs (decode, FULL):  47%|████▋     | 9/19 [00:00<00:00, 23.20it/s]
Capturing CUDA graphs (decode, FULL):  63%|██████▎   | 12/19 [00:00<00:00, 23.37it/s]
Capturing CUDA graphs (decode, FULL):  79%|███████▉  | 15/19 [00:00<00:00, 22.89it/s]
Capturing CUDA graphs (decode, FULL):  95%|█████████▍| 18/19 [00:00<00:00, 22.29it/s]
Capturing CUDA graphs (decode, FULL): 100%|██████████| 19/19 [00:00<00:00, 23.05it/s]
2026-05-06 05:25:22.661 | INFO     | mineru.backend.vlm.vlm_analyze:get_model:251 - get vllm-async-engine predictor cost: 58.46s
2026-05-06 05:25:22.688 | INFO     | mineru.backend.hybrid.hybrid_analyze:aio_doc_analyze:706 - Hybrid processing-window run. page_count=14, window_size=64, total_windows=1
2026-05-06 05:25:31.309 | INFO     | mineru.backend.hybrid.hybrid_analyze:aio_doc_analyze:727 - Hybrid processing window 1/1: pages 1-14/14 (14 pages)

Two Step Extraction:   0%|          | 0/14 [00:00<?, ?it/s]The image processor of type `Qwen2VLImageProcessor` is now loaded as a fast processor by default, even if the model checkpoint was saved with a slow processor. This is a breaking change and may produce slightly different outputs. To continue using the slow processor, instantiate this class with `use_fast=False`. Note that this behavior will be extended to all models in a future release.

Two Step Extraction:   7%|▋         | 1/14 [00:10<02:12, 10.22s/it]
Two Step Extraction:  14%|█▍        | 2/14 [00:16<01:34,  7.87s/it]
Two Step Extraction:  57%|█████▋    | 8/14 [00:28<00:18,  3.04s/it]
Two Step Extraction: 100%|██████████| 14/14 [00:29<00:00,  2.07s/it]

Processing pages:   0%|          | 0/14 [00:00<?, ?it/s]
Processing pages:   7%|▋         | 1/14 [00:06<01:25,  6.61s/it]
Processing pages:  21%|██▏       | 3/14 [00:06<00:19,  1.75s/it]
Processing pages:  36%|███▌      | 5/14 [00:06<00:08,  1.12it/s]
Processing pages:  50%|█████     | 7/14 [00:07<00:03,  1.85it/s]
Processing pages:  64%|██████▍   | 9/14 [00:07<00:01,  2.74it/s]
Processing pages:  79%|███████▊  | 11/14 [00:07<00:00,  3.92it/s]
Processing pages: 100%|██████████| 14/14 [00:07<00:00,  6.02it/s]
Processing pages: 100%|██████████| 14/14 [00:07<00:00,  1.89it/s]
2026-05-06 05:26:09.217 | INFO     | mineru.cli.client:run_planned_task:807 - Completed batch 1/1 | Processed 14/14 pages | 1 of 1 batch finished | task#1 [PT5-生物相容性-皮肤致敏1-SDWH-M201905262-2]
INFO:     Shutting down
INFO:     Waiting for application shutdown.
INFO:     Application shutdown complete.
INFO:     Finished server process [2744462]

2026-05-06 05:26:32.589 | INFO     | mineru.cli.client:run_orchestrated_cli:874 - Started local mineru-api at http://127.0.0.1:42559
2026-05-06 05:26:36.832 | INFO     | __main__:create_app:260 - Request concurrency limited to 3
INFO:     Started server process [2745154]
INFO:     Waiting for application startup.
INFO:     Application startup complete.
INFO:     Uvicorn running on http://127.0.0.1:42559 (Press CTRL+C to quit)
2026-05-06 05:26:37.625 | INFO     | mineru.cli.client:run_planned_task:771 - Submitting batch 1/1 | 1 document, 14 pages in this batch | 14 pages total | task#1 [PT5-生物相容性-皮肤致敏2-SDWH-M201905262-3]
2026-05-06 05:26:41.905 | INFO     | mineru.utils.engine_utils:get_vlm_engine:34 - Using vllm-async-engine as the inference engine for VLM.
2026-05-06 05:26:54.165 | INFO     | mineru.backend.vlm.utils:enable_custom_logits_processors:56 - compute_capability: 8.0 >= 8.0 and vllm version: 0.11.2 >= 0.10.1, enable custom_logits_processors
[1;36m(EngineCore_DP0 pid=2745287)[0;0m The image processor of type `Qwen2VLImageProcessor` is now loaded as a fast processor by default, even if the model checkpoint was saved with a slow processor. This is a breaking change and may produce slightly different outputs. To continue using the slow processor, instantiate this class with `use_fast=False`. Note that this behavior will be extended to all models in a future release.
[1;36m(EngineCore_DP0 pid=2745287)[0;0m /home/s2025244189/miniconda3/envs/mineru/lib/python3.10/site-packages/tvm_ffi/_optional_torch_c_dlpack.py:181: UserWarning: Failed to JIT torch c dlpack extension, EnvTensorAllocator will not be enabled.
[1;36m(EngineCore_DP0 pid=2745287)[0;0m We recommend installing via `pip install torch-c-dlpack-ext`
[1;36m(EngineCore_DP0 pid=2745287)[0;0m   warnings.warn(
[1;36m(EngineCore_DP0 pid=2745287)[0;0m 
Loading safetensors checkpoint shards:   0% Completed | 0/1 [00:00<?, ?it/s]
[1;36m(EngineCore_DP0 pid=2745287)[0;0m 
Loading safetensors checkpoint shards: 100% Completed | 1/1 [00:01<00:00,  1.38s/it]
[1;36m(EngineCore_DP0 pid=2745287)[0;0m 
Loading safetensors checkpoint shards: 100% Completed | 1/1 [00:01<00:00,  1.38s/it]
[1;36m(EngineCore_DP0 pid=2745287)[0;0m 
[1;36m(EngineCore_DP0 pid=2745287)[0;0m 
Capturing CUDA graphs (mixed prefill-decode, PIECEWISE):   0%|          | 0/35 [00:00<?, ?it/s]
Capturing CUDA graphs (mixed prefill-decode, PIECEWISE):   9%|▊         | 3/35 [00:00<00:01, 24.01it/s]
Capturing CUDA graphs (mixed prefill-decode, PIECEWISE):  17%|█▋        | 6/35 [00:00<00:01, 24.65it/s]
Capturing CUDA graphs (mixed prefill-decode, PIECEWISE):  26%|██▌       | 9/35 [00:00<00:01, 24.71it/s]
Capturing CUDA graphs (mixed prefill-decode, PIECEWISE):  34%|███▍      | 12/35 [00:00<00:00, 24.92it/s]
Capturing CUDA graphs (mixed prefill-decode, PIECEWISE):  43%|████▎     | 15/35 [00:00<00:00, 24.55it/s]
Capturing CUDA graphs (mixed prefill-decode, PIECEWISE):  51%|█████▏    | 18/35 [00:00<00:00, 24.32it/s]
Capturing CUDA graphs (mixed prefill-decode, PIECEWISE):  60%|██████    | 21/35 [00:00<00:00, 25.01it/s]
Capturing CUDA graphs (mixed prefill-decode, PIECEWISE):  69%|██████▊   | 24/35 [00:00<00:00, 25.45it/s]
Capturing CUDA graphs (mixed prefill-decode, PIECEWISE):  77%|███████▋  | 27/35 [00:01<00:00, 25.06it/s]
Capturing CUDA graphs (mixed prefill-decode, PIECEWISE):  86%|████████▌ | 30/35 [00:01<00:00, 22.74it/s]
Capturing CUDA graphs (mixed prefill-decode, PIECEWISE):  94%|█████████▍| 33/35 [00:01<00:00, 23.35it/s]
Capturing CUDA graphs (mixed prefill-decode, PIECEWISE): 100%|██████████| 35/35 [00:01<00:00, 24.32it/s]
[1;36m(EngineCore_DP0 pid=2745287)[0;0m 
Capturing CUDA graphs (decode, FULL):   0%|          | 0/19 [00:00<?, ?it/s]
Capturing CUDA graphs (decode, FULL):  16%|█▌        | 3/19 [00:00<00:00, 25.16it/s]
Capturing CUDA graphs (decode, FULL):  32%|███▏      | 6/19 [00:00<00:00, 25.43it/s]
Capturing CUDA graphs (decode, FULL):  47%|████▋     | 9/19 [00:00<00:00, 26.45it/s]
Capturing CUDA graphs (decode, FULL):  63%|██████▎   | 12/19 [00:00<00:00, 26.59it/s]
Capturing CUDA graphs (decode, FULL):  79%|███████▉  | 15/19 [00:00<00:00, 24.68it/s]
Capturing CUDA graphs (decode, FULL):  95%|█████████▍| 18/19 [00:00<00:00, 25.39it/s]
Capturing CUDA graphs (decode, FULL): 100%|██████████| 19/19 [00:00<00:00, 25.62it/s]
2026-05-06 05:27:49.492 | INFO     | mineru.backend.vlm.vlm_analyze:get_model:251 - get vllm-async-engine predictor cost: 58.61s
2026-05-06 05:27:49.515 | INFO     | mineru.backend.hybrid.hybrid_analyze:aio_doc_analyze:706 - Hybrid processing-window run. page_count=14, window_size=64, total_windows=1
2026-05-06 05:27:58.462 | INFO     | mineru.backend.hybrid.hybrid_analyze:aio_doc_analyze:727 - Hybrid processing window 1/1: pages 1-14/14 (14 pages)

Two Step Extraction:   0%|          | 0/14 [00:00<?, ?it/s]The image processor of type `Qwen2VLImageProcessor` is now loaded as a fast processor by default, even if the model checkpoint was saved with a slow processor. This is a breaking change and may produce slightly different outputs. To continue using the slow processor, instantiate this class with `use_fast=False`. Note that this behavior will be extended to all models in a future release.

Two Step Extraction:  14%|█▍        | 2/14 [00:10<01:02,  5.20s/it]
Two Step Extraction:  21%|██▏       | 3/14 [00:18<01:08,  6.26s/it]
Two Step Extraction:  79%|███████▊  | 11/14 [00:26<00:05,  1.97s/it]
Two Step Extraction: 100%|██████████| 14/14 [00:26<00:00,  1.91s/it]

Processing pages:   0%|          | 0/14 [00:00<?, ?it/s]
Processing pages:   7%|▋         | 1/14 [00:06<01:30,  6.93s/it]
Processing pages:  21%|██▏       | 3/14 [00:07<00:20,  1.84s/it]
Processing pages:  36%|███▌      | 5/14 [00:07<00:08,  1.07it/s]
Processing pages:  50%|█████     | 7/14 [00:07<00:03,  1.75it/s]
Processing pages:  64%|██████▍   | 9/14 [00:07<00:01,  2.61it/s]
Processing pages:  79%|███████▊  | 11/14 [00:07<00:00,  3.73it/s]
Processing pages: 100%|██████████| 14/14 [00:07<00:00,  5.72it/s]
Processing pages: 100%|██████████| 14/14 [00:07<00:00,  1.80it/s]
2026-05-06 05:28:34.460 | INFO     | mineru.cli.client:run_planned_task:807 - Completed batch 1/1 | Processed 14/14 pages | 1 of 1 batch finished | task#1 [PT5-生物相容性-皮肤致敏2-SDWH-M201905262-3]
INFO:     Shutting down
[rank0]:[W506 05:28:44.018770100 ProcessGroupNCCL.cpp:1524] Warning: WARNING: destroy_process_group() was not called before program exit, which can leak resources. For more info, please see https://pytorch.org/docs/stable/distributed.html#shutdown (function operator())
INFO:     Waiting for application shutdown.
INFO:     Application shutdown complete.
INFO:     Finished server process [2745154]

2026-05-06 05:28:59.289 | INFO     | mineru.cli.client:run_orchestrated_cli:874 - Started local mineru-api at http://127.0.0.1:49151
2026-05-06 05:29:03.579 | INFO     | __main__:create_app:260 - Request concurrency limited to 3
INFO:     Started server process [2745769]
INFO:     Waiting for application startup.
INFO:     Application startup complete.
INFO:     Uvicorn running on http://127.0.0.1:49151 (Press CTRL+C to quit)
2026-05-06 05:29:04.328 | INFO     | mineru.cli.client:run_planned_task:771 - Submitting batch 1/1 | 1 document, 12 pages in this batch | 12 pages total | task#1 [PT5-生物相容性-细胞毒性-SDWH-M201905262-1]
2026-05-06 05:29:08.464 | INFO     | mineru.utils.engine_utils:get_vlm_engine:34 - Using vllm-async-engine as the inference engine for VLM.
2026-05-06 05:29:18.673 | INFO     | mineru.backend.vlm.utils:enable_custom_logits_processors:56 - compute_capability: 8.0 >= 8.0 and vllm version: 0.11.2 >= 0.10.1, enable custom_logits_processors
[1;36m(EngineCore_DP0 pid=2745891)[0;0m The image processor of type `Qwen2VLImageProcessor` is now loaded as a fast processor by default, even if the model checkpoint was saved with a slow processor. This is a breaking change and may produce slightly different outputs. To continue using the slow processor, instantiate this class with `use_fast=False`. Note that this behavior will be extended to all models in a future release.
[1;36m(EngineCore_DP0 pid=2745891)[0;0m /home/s2025244189/miniconda3/envs/mineru/lib/python3.10/site-packages/tvm_ffi/_optional_torch_c_dlpack.py:181: UserWarning: Failed to JIT torch c dlpack extension, EnvTensorAllocator will not be enabled.
[1;36m(EngineCore_DP0 pid=2745891)[0;0m We recommend installing via `pip install torch-c-dlpack-ext`
[1;36m(EngineCore_DP0 pid=2745891)[0;0m   warnings.warn(
[1;36m(EngineCore_DP0 pid=2745891)[0;0m 
Loading safetensors checkpoint shards:   0% Completed | 0/1 [00:00<?, ?it/s]
[1;36m(EngineCore_DP0 pid=2745891)[0;0m 
Loading safetensors checkpoint shards: 100% Completed | 1/1 [00:01<00:00,  1.14s/it]
[1;36m(EngineCore_DP0 pid=2745891)[0;0m 
Loading safetensors checkpoint shards: 100% Completed | 1/1 [00:01<00:00,  1.14s/it]
[1;36m(EngineCore_DP0 pid=2745891)[0;0m 
[1;36m(EngineCore_DP0 pid=2745891)[0;0m 
Capturing CUDA graphs (mixed prefill-decode, PIECEWISE):   0%|          | 0/35 [00:00<?, ?it/s]
Capturing CUDA graphs (mixed prefill-decode, PIECEWISE):   9%|▊         | 3/35 [00:00<00:01, 25.16it/s]
Capturing CUDA graphs (mixed prefill-decode, PIECEWISE):  17%|█▋        | 6/35 [00:00<00:01, 25.08it/s]
Capturing CUDA graphs (mixed prefill-decode, PIECEWISE):  26%|██▌       | 9/35 [00:00<00:01, 25.68it/s]
Capturing CUDA graphs (mixed prefill-decode, PIECEWISE):  34%|███▍      | 12/35 [00:00<00:00, 25.63it/s]
Capturing CUDA graphs (mixed prefill-decode, PIECEWISE):  43%|████▎     | 15/35 [00:00<00:00, 25.83it/s]
Capturing CUDA graphs (mixed prefill-decode, PIECEWISE):  51%|█████▏    | 18/35 [00:00<00:00, 25.78it/s]
Capturing CUDA graphs (mixed prefill-decode, PIECEWISE):  60%|██████    | 21/35 [00:00<00:00, 25.73it/s]
Capturing CUDA graphs (mixed prefill-decode, PIECEWISE):  69%|██████▊   | 24/35 [00:00<00:00, 26.04it/s]
Capturing CUDA graphs (mixed prefill-decode, PIECEWISE):  77%|███████▋  | 27/35 [00:01<00:00, 25.84it/s]
Capturing CUDA graphs (mixed prefill-decode, PIECEWISE):  86%|████████▌ | 30/35 [00:01<00:00, 22.94it/s]
Capturing CUDA graphs (mixed prefill-decode, PIECEWISE):  94%|█████████▍| 33/35 [00:01<00:00, 23.90it/s]
Capturing CUDA graphs (mixed prefill-decode, PIECEWISE): 100%|██████████| 35/35 [00:01<00:00, 24.97it/s]
[1;36m(EngineCore_DP0 pid=2745891)[0;0m 
Capturing CUDA graphs (decode, FULL):   0%|          | 0/19 [00:00<?, ?it/s]
Capturing CUDA graphs (decode, FULL):  16%|█▌        | 3/19 [00:00<00:00, 27.01it/s]
Capturing CUDA graphs (decode, FULL):  32%|███▏      | 6/19 [00:00<00:00, 25.88it/s]
Capturing CUDA graphs (decode, FULL):  47%|████▋     | 9/19 [00:00<00:00, 25.85it/s]
Capturing CUDA graphs (decode, FULL):  63%|██████▎   | 12/19 [00:00<00:00, 25.87it/s]
Capturing CUDA graphs (decode, FULL):  79%|███████▉  | 15/19 [00:00<00:00, 25.67it/s]
Capturing CUDA graphs (decode, FULL):  95%|█████████▍| 18/19 [00:00<00:00, 25.89it/s]
Capturing CUDA graphs (decode, FULL): 100%|██████████| 19/19 [00:00<00:00, 26.02it/s]
2026-05-06 05:30:13.252 | INFO     | mineru.backend.vlm.vlm_analyze:get_model:251 - get vllm-async-engine predictor cost: 57.65s
2026-05-06 05:30:13.270 | INFO     | mineru.backend.hybrid.hybrid_analyze:aio_doc_analyze:706 - Hybrid processing-window run. page_count=12, window_size=64, total_windows=1
2026-05-06 05:30:20.774 | INFO     | mineru.backend.hybrid.hybrid_analyze:aio_doc_analyze:727 - Hybrid processing window 1/1: pages 1-12/12 (12 pages)

Two Step Extraction:   0%|          | 0/12 [00:00<?, ?it/s]The image processor of type `Qwen2VLImageProcessor` is now loaded as a fast processor by default, even if the model checkpoint was saved with a slow processor. This is a breaking change and may produce slightly different outputs. To continue using the slow processor, instantiate this class with `use_fast=False`. Note that this behavior will be extended to all models in a future release.

Two Step Extraction:   8%|▊         | 1/12 [00:09<01:44,  9.48s/it]
Two Step Extraction:  25%|██▌       | 3/12 [00:19<00:55,  6.12s/it]
Two Step Extraction:  92%|█████████▏| 11/12 [00:21<00:01,  1.40s/it]
Two Step Extraction: 100%|██████████| 12/12 [00:21<00:00,  1.80s/it]

Processing pages:   0%|          | 0/12 [00:00<?, ?it/s]
Processing pages:   8%|▊         | 1/12 [00:07<01:19,  7.23s/it]
Processing pages:  25%|██▌       | 3/12 [00:07<00:17,  1.92s/it]
Processing pages:  42%|████▏     | 5/12 [00:07<00:06,  1.02it/s]
Processing pages:  58%|█████▊    | 7/12 [00:07<00:03,  1.66it/s]
Processing pages:  75%|███████▌  | 9/12 [00:07<00:01,  2.48it/s]
Processing pages: 100%|██████████| 12/12 [00:08<00:00,  4.08it/s]
Processing pages: 100%|██████████| 12/12 [00:08<00:00,  1.50it/s]
2026-05-06 05:30:51.889 | INFO     | mineru.cli.client:run_planned_task:807 - Completed batch 1/1 | Processed 12/12 pages | 1 of 1 batch finished | task#1 [PT5-生物相容性-细胞毒性-SDWH-M201905262-1]
INFO:     Shutting down
INFO:     Waiting for application shutdown.
INFO:     Application shutdown complete.
INFO:     Finished server process [2745769]

2026-05-06 05:31:15.134 | INFO     | mineru.cli.client:run_orchestrated_cli:874 - Started local mineru-api at http://127.0.0.1:54715
2026-05-06 05:31:19.430 | INFO     | __main__:create_app:260 - Request concurrency limited to 3
INFO:     Started server process [2746455]
INFO:     Waiting for application startup.
INFO:     Application startup complete.
INFO:     Uvicorn running on http://127.0.0.1:54715 (Press CTRL+C to quit)
2026-05-06 05:31:20.172 | INFO     | mineru.cli.client:run_planned_task:771 - Submitting batch 1/1 | 1 document, 1 page in this batch | 1 page total | task#1 [设计验证报告-功能和组件部分E0]
2026-05-06 05:31:20.796 | WARNING  | mineru.cli.common:aio_do_parse:749 - No valid PDF or image files to process.
2026-05-06 05:31:21.331 | INFO     | mineru.cli.client:run_planned_task:807 - Completed batch 1/1 | Processed 1/1 page | 1 of 1 batch finished | task#1 [设计验证报告-功能和组件部分E0]
2026-05-06 05:31:21.379 | WARNING  | mineru.cli.client:log_visualization_future_result:390 - Skipping visualization for 设计验证报告-功能和组件部分E0: missing origin.pdf: 设计验证报告-功能和组件部分E0_origin.pdf
INFO:     Shutting down
INFO:     Waiting for application shutdown.
INFO:     Application shutdown complete.
INFO:     Finished server process [2746455]

2026-05-06 05:31:39.771 | INFO     | mineru.cli.client:run_orchestrated_cli:874 - Started local mineru-api at http://127.0.0.1:54873
2026-05-06 05:31:43.625 | INFO     | __main__:create_app:260 - Request concurrency limited to 3
INFO:     Started server process [2746628]
INFO:     Waiting for application startup.
INFO:     Application startup complete.
INFO:     Uvicorn running on http://127.0.0.1:54873 (Press CTRL+C to quit)
2026-05-06 05:31:43.804 | INFO     | mineru.cli.client:run_planned_task:771 - Submitting batch 1/1 | 1 document, 1 page in this batch | 1 page total | task#1 [设计验证报告-性能规格部分E0]
/home/s2025244189/miniconda3/envs/mineru/lib/python3.10/site-packages/openpyxl/reader/drawings.py:67: UserWarning: wmf image format is not supported so the image is being dropped
  warn(msg)
2026-05-06 05:31:44.871 | WARNING  | mineru.cli.common:aio_do_parse:749 - No valid PDF or image files to process.
2026-05-06 05:31:45.003 | INFO     | mineru.cli.client:run_planned_task:807 - Completed batch 1/1 | Processed 1/1 page | 1 of 1 batch finished | task#1 [设计验证报告-性能规格部分E0]
2026-05-06 05:31:45.033 | WARNING  | mineru.cli.client:log_visualization_future_result:390 - Skipping visualization for 设计验证报告-性能规格部分E0: missing origin.pdf: 设计验证报告-性能规格部分E0_origin.pdf
INFO:     Shutting down
INFO:     Waiting for application shutdown.
INFO:     Application shutdown complete.
INFO:     Finished server process [2746628]

2026-05-06 05:32:03.792 | INFO     | mineru.cli.client:run_orchestrated_cli:874 - Started local mineru-api at http://127.0.0.1:53249
2026-05-06 05:32:07.293 | INFO     | __main__:create_app:260 - Request concurrency limited to 3
INFO:     Started server process [2746813]
INFO:     Waiting for application startup.
INFO:     Application startup complete.
INFO:     Uvicorn running on http://127.0.0.1:53249 (Press CTRL+C to quit)
2026-05-06 05:32:07.824 | INFO     | mineru.cli.client:run_planned_task:771 - Submitting batch 1/1 | 1 document, 1 page in this batch | 1 page total | task#1 [设计验证报告-通用要求部分E0]
2026-05-06 05:32:08.324 | WARNING  | mineru.cli.common:aio_do_parse:749 - No valid PDF or image files to process.
2026-05-06 05:32:09.003 | INFO     | mineru.cli.client:run_planned_task:807 - Completed batch 1/1 | Processed 1/1 page | 1 of 1 batch finished | task#1 [设计验证报告-通用要求部分E0]
2026-05-06 05:32:09.029 | WARNING  | mineru.cli.client:log_visualization_future_result:390 - Skipping visualization for 设计验证报告-通用要求部分E0: missing origin.pdf: 设计验证报告-通用要求部分E0_origin.pdf
INFO:     Shutting down
INFO:     Waiting for application shutdown.
INFO:     Application shutdown complete.
INFO:     Finished server process [2746813]

2026-05-06 05:32:27.475 | INFO     | mineru.cli.client:run_orchestrated_cli:874 - Started local mineru-api at http://127.0.0.1:54921
2026-05-06 05:32:31.010 | INFO     | __main__:create_app:260 - Request concurrency limited to 3
INFO:     Started server process [2746989]
INFO:     Waiting for application startup.
INFO:     Application startup complete.
INFO:     Uvicorn running on http://127.0.0.1:54921 (Press CTRL+C to quit)
2026-05-06 05:32:31.507 | INFO     | mineru.cli.client:run_planned_task:771 - Submitting batch 1/1 | 1 document, 1 page in this batch | 1 page total | task#1 [设计验证报告封皮-T1阶段 E0]
2026-05-06 05:32:31.871 | WARNING  | mineru.cli.common:aio_do_parse:749 - No valid PDF or image files to process.
2026-05-06 05:32:32.662 | INFO     | mineru.cli.client:run_planned_task:807 - Completed batch 1/1 | Processed 1/1 page | 1 of 1 batch finished | task#1 [设计验证报告封皮-T1阶段 E0]
2026-05-06 05:32:32.690 | WARNING  | mineru.cli.client:log_visualization_future_result:390 - Skipping visualization for 设计验证报告封皮-T1阶段 E0: missing origin.pdf: 设计验证报告封皮-T1阶段 E0_origin.pdf
INFO:     Shutting down
INFO:     Waiting for application shutdown.
INFO:     Application shutdown complete.
INFO:     Finished server process [2746989]

2026-05-06 05:32:51.068 | INFO     | mineru.cli.client:run_orchestrated_cli:874 - Started local mineru-api at http://127.0.0.1:54409
2026-05-06 05:32:54.492 | INFO     | __main__:create_app:260 - Request concurrency limited to 3
INFO:     Started server process [2747185]
INFO:     Waiting for application startup.
INFO:     Application startup complete.
INFO:     Uvicorn running on http://127.0.0.1:54409 (Press CTRL+C to quit)
2026-05-06 05:32:55.100 | INFO     | mineru.cli.client:run_planned_task:771 - Submitting batch 1/1 | 1 document, 1 page in this batch | 1 page total | task#1 [T1样机设计评审记录E0]
2026-05-06 05:32:55.998 | WARNING  | mineru.cli.common:aio_do_parse:749 - No valid PDF or image files to process.
2026-05-06 05:32:56.274 | INFO     | mineru.cli.client:run_planned_task:807 - Completed batch 1/1 | Processed 1/1 page | 1 of 1 batch finished | task#1 [T1样机设计评审记录E0]
2026-05-06 05:32:56.301 | WARNING  | mineru.cli.client:log_visualization_future_result:390 - Skipping visualization for T1样机设计评审记录E0: missing origin.pdf: T1样机设计评审记录E0_origin.pdf
INFO:     Shutting down
INFO:     Waiting for application shutdown.
INFO:     Application shutdown complete.
INFO:     Finished server process [2747185]

2026-05-06 05:33:14.673 | INFO     | mineru.cli.client:run_orchestrated_cli:874 - Started local mineru-api at http://127.0.0.1:33515
2026-05-06 05:33:18.705 | INFO     | __main__:create_app:260 - Request concurrency limited to 3
INFO:     Started server process [2747362]
INFO:     Waiting for application startup.
INFO:     Application startup complete.
INFO:     Uvicorn running on http://127.0.0.1:33515 (Press CTRL+C to quit)
2026-05-06 05:33:19.710 | INFO     | mineru.cli.client:run_planned_task:771 - Submitting batch 1/1 | 1 document, 1 page in this batch | 1 page total | task#1 [T1样机评审检查表E0]
2026-05-06 05:33:19.990 | WARNING  | mineru.cli.common:aio_do_parse:749 - No valid PDF or image files to process.
2026-05-06 05:33:21.126 | INFO     | mineru.cli.client:run_planned_task:807 - Completed batch 1/1 | Processed 1/1 page | 1 of 1 batch finished | task#1 [T1样机评审检查表E0]
2026-05-06 05:33:21.161 | WARNING  | mineru.cli.client:log_visualization_future_result:390 - Skipping visualization for T1样机评审检查表E0: missing origin.pdf: T1样机评审检查表E0_origin.pdf
INFO:     Shutting down
INFO:     Waiting for application shutdown.
INFO:     Application shutdown complete.
INFO:     Finished server process [2747362]

2026-05-06 05:33:39.609 | INFO     | mineru.cli.client:run_orchestrated_cli:874 - Started local mineru-api at http://127.0.0.1:55721
2026-05-06 05:33:43.217 | INFO     | __main__:create_app:260 - Request concurrency limited to 3
INFO:     Started server process [2747539]
INFO:     Waiting for application startup.
INFO:     Application startup complete.
INFO:     Uvicorn running on http://127.0.0.1:55721 (Press CTRL+C to quit)
2026-05-06 05:33:43.644 | INFO     | mineru.cli.client:run_planned_task:771 - Submitting batch 1/1 | 1 document, 1 page in this batch | 1 page total | task#1 [设计评审计划表-T1样机E0]
2026-05-06 05:33:44.156 | WARNING  | mineru.cli.common:aio_do_parse:749 - No valid PDF or image files to process.
2026-05-06 05:33:44.799 | INFO     | mineru.cli.client:run_planned_task:807 - Completed batch 1/1 | Processed 1/1 page | 1 of 1 batch finished | task#1 [设计评审计划表-T1样机E0]
2026-05-06 05:33:44.831 | WARNING  | mineru.cli.client:log_visualization_future_result:390 - Skipping visualization for 设计评审计划表-T1样机E0: missing origin.pdf: 设计评审计划表-T1样机E0_origin.pdf
INFO:     Shutting down
INFO:     Waiting for application shutdown.
INFO:     Application shutdown complete.
INFO:     Finished server process [2747539]

2026-05-06 05:34:03.637 | INFO     | mineru.cli.client:run_orchestrated_cli:874 - Started local mineru-api at http://127.0.0.1:47731
2026-05-06 05:34:07.310 | INFO     | __main__:create_app:260 - Request concurrency limited to 3
INFO:     Started server process [2747720]
INFO:     Waiting for application startup.
INFO:     Application startup complete.
INFO:     Uvicorn running on http://127.0.0.1:47731 (Press CTRL+C to quit)
2026-05-06 05:34:07.670 | INFO     | mineru.cli.client:run_planned_task:771 - Submitting batch 1/1 | 1 document, 1 page in this batch | 1 page total | task#1 [包装类组件清单PT9L-PBOM V1.0]
2026-05-06 05:34:08.341 | WARNING  | mineru.cli.common:aio_do_parse:749 - No valid PDF or image files to process.
2026-05-06 05:34:08.880 | INFO     | mineru.cli.client:run_planned_task:807 - Completed batch 1/1 | Processed 1/1 page | 1 of 1 batch finished | task#1 [包装类组件清单PT9L-PBOM V1.0]
2026-05-06 05:34:08.909 | WARNING  | mineru.cli.client:log_visualization_future_result:390 - Skipping visualization for 包装类组件清单PT9L-PBOM V1.0: missing origin.pdf: 包装类组件清单PT9L-PBOM V1.0_origin.pdf
INFO:     Shutting down
INFO:     Waiting for application shutdown.
INFO:     Application shutdown complete.
INFO:     Finished server process [2747720]

2026-05-06 05:34:26.413 | INFO     | mineru.cli.client:run_orchestrated_cli:874 - Started local mineru-api at http://127.0.0.1:56193
2026-05-06 05:34:29.923 | INFO     | __main__:create_app:260 - Request concurrency limited to 3
INFO:     Started server process [2747895]
INFO:     Waiting for application startup.
INFO:     Application startup complete.
INFO:     Uvicorn running on http://127.0.0.1:56193 (Press CTRL+C to quit)
2026-05-06 05:34:30.446 | INFO     | mineru.cli.client:run_planned_task:771 - Submitting batch 1/1 | 1 document, 1 page in this batch | 1 page total | task#1 [总装类组件清单PT9L-ABOM01 V1.0]
2026-05-06 05:34:31.474 | WARNING  | mineru.cli.common:aio_do_parse:749 - No valid PDF or image files to process.
2026-05-06 05:34:31.625 | INFO     | mineru.cli.client:run_planned_task:807 - Completed batch 1/1 | Processed 1/1 page | 1 of 1 batch finished | task#1 [总装类组件清单PT9L-ABOM01 V1.0]
2026-05-06 05:34:31.655 | WARNING  | mineru.cli.client:log_visualization_future_result:390 - Skipping visualization for 总装类组件清单PT9L-ABOM01 V1.0: missing origin.pdf: 总装类组件清单PT9L-ABOM01 V1.0_origin.pdf
INFO:     Shutting down
INFO:     Waiting for application shutdown.
INFO:     Application shutdown complete.
INFO:     Finished server process [2747895]

2026-05-06 05:34:52.967 | INFO     | mineru.cli.client:run_orchestrated_cli:874 - Started local mineru-api at http://127.0.0.1:49393
2026-05-06 05:34:57.371 | INFO     | __main__:create_app:260 - Request concurrency limited to 3
INFO:     Started server process [2748082]
INFO:     Waiting for application startup.
INFO:     Application startup complete.
INFO:     Uvicorn running on http://127.0.0.1:49393 (Press CTRL+C to quit)
2026-05-06 05:34:58.002 | INFO     | mineru.cli.client:run_planned_task:771 - Submitting batch 1/1 | 1 document, 1 page in this batch | 1 page total | task#1 [机芯类组件清单PT9L-EBOM01 V1.0]
2026-05-06 05:34:59.004 | WARNING  | mineru.cli.common:aio_do_parse:749 - No valid PDF or image files to process.
2026-05-06 05:34:59.172 | INFO     | mineru.cli.client:run_planned_task:807 - Completed batch 1/1 | Processed 1/1 page | 1 of 1 batch finished | task#1 [机芯类组件清单PT9L-EBOM01 V1.0]
2026-05-06 05:34:59.204 | WARNING  | mineru.cli.client:log_visualization_future_result:390 - Skipping visualization for 机芯类组件清单PT9L-EBOM01 V1.0: missing origin.pdf: 机芯类组件清单PT9L-EBOM01 V1.0_origin.pdf
INFO:     Shutting down
INFO:     Waiting for application shutdown.
INFO:     Application shutdown complete.
INFO:     Finished server process [2748082]

2026-05-06 05:35:18.630 | INFO     | mineru.cli.client:run_orchestrated_cli:874 - Started local mineru-api at http://127.0.0.1:37299
2026-05-06 05:35:22.447 | INFO     | __main__:create_app:260 - Request concurrency limited to 3
INFO:     Started server process [2748346]
INFO:     Waiting for application startup.
INFO:     Application startup complete.
INFO:     Uvicorn running on http://127.0.0.1:37299 (Press CTRL+C to quit)
2026-05-06 05:35:22.666 | INFO     | mineru.cli.client:run_planned_task:771 - Submitting batch 1/1 | 1 document, 1 page in this batch | 1 page total | task#1 [SMT加工说明]
2026-05-06 05:35:23.298 | WARNING  | mineru.cli.common:aio_do_parse:749 - No valid PDF or image files to process.
2026-05-06 05:35:23.882 | INFO     | mineru.cli.client:run_planned_task:807 - Completed batch 1/1 | Processed 1/1 page | 1 of 1 batch finished | task#1 [SMT加工说明]
2026-05-06 05:35:23.913 | WARNING  | mineru.cli.client:log_visualization_future_result:390 - Skipping visualization for SMT加工说明: missing origin.pdf: SMT加工说明_origin.pdf
INFO:     Shutting down
INFO:     Waiting for application shutdown.
INFO:     Application shutdown complete.
INFO:     Finished server process [2748346]

2026-05-06 05:35:42.112 | INFO     | mineru.cli.client:run_orchestrated_cli:874 - Started local mineru-api at http://127.0.0.1:57081
2026-05-06 05:35:45.946 | INFO     | __main__:create_app:260 - Request concurrency limited to 3
INFO:     Started server process [2748507]
INFO:     Waiting for application startup.
INFO:     Application startup complete.
INFO:     Uvicorn running on http://127.0.0.1:57081 (Press CTRL+C to quit)
2026-05-06 05:35:46.145 | INFO     | mineru.cli.client:run_planned_task:771 - Submitting batch 1/1 | 1 document, 1 page in this batch | 1 page total | task#1 [产品概述]
2026-05-06 05:35:46.904 | WARNING  | mineru.cli.common:aio_do_parse:749 - No valid PDF or image files to process.
2026-05-06 05:35:47.321 | INFO     | mineru.cli.client:run_planned_task:807 - Completed batch 1/1 | Processed 1/1 page | 1 of 1 batch finished | task#1 [产品概述]
2026-05-06 05:35:47.356 | WARNING  | mineru.cli.client:log_visualization_future_result:390 - Skipping visualization for 产品概述: missing origin.pdf: 产品概述_origin.pdf
INFO:     Shutting down
INFO:     Waiting for application shutdown.
INFO:     Application shutdown complete.
INFO:     Finished server process [2748507]

2026-05-06 05:36:05.961 | INFO     | mineru.cli.client:run_orchestrated_cli:874 - Started local mineru-api at http://127.0.0.1:38245
2026-05-06 05:36:09.675 | INFO     | __main__:create_app:260 - Request concurrency limited to 3
INFO:     Started server process [2748725]
INFO:     Waiting for application startup.
INFO:     Application startup complete.
INFO:     Uvicorn running on http://127.0.0.1:38245 (Press CTRL+C to quit)
2026-05-06 05:36:09.994 | INFO     | mineru.cli.client:run_planned_task:771 - Submitting batch 1/1 | 1 document, 1 page in this batch | 1 page total | task#1 [产品维修指南]
2026-05-06 05:36:11.471 | WARNING  | mineru.cli.common:aio_do_parse:749 - No valid PDF or image files to process.
2026-05-06 05:36:11.512 | INFO     | mineru.cli.client:run_planned_task:807 - Completed batch 1/1 | Processed 1/1 page | 1 of 1 batch finished | task#1 [产品维修指南]
2026-05-06 05:36:11.541 | WARNING  | mineru.cli.client:log_visualization_future_result:390 - Skipping visualization for 产品维修指南: missing origin.pdf: 产品维修指南_origin.pdf
INFO:     Shutting down
INFO:     Waiting for application shutdown.
INFO:     Application shutdown complete.
INFO:     Finished server process [2748725]

2026-05-06 05:36:31.446 | INFO     | mineru.cli.client:run_orchestrated_cli:874 - Started local mineru-api at http://127.0.0.1:38519
2026-05-06 05:36:35.336 | INFO     | __main__:create_app:260 - Request concurrency limited to 3
INFO:     Started server process [2748904]
INFO:     Waiting for application startup.
INFO:     Application startup complete.
INFO:     Uvicorn running on http://127.0.0.1:38519 (Press CTRL+C to quit)
2026-05-06 05:36:35.481 | INFO     | mineru.cli.client:run_planned_task:771 - Submitting batch 1/1 | 1 document, 1 page in this batch | 1 page total | task#1 [产品缺陷定义V1.0]
2026-05-06 05:36:36.220 | WARNING  | mineru.cli.common:aio_do_parse:749 - No valid PDF or image files to process.
2026-05-06 05:36:36.648 | INFO     | mineru.cli.client:run_planned_task:807 - Completed batch 1/1 | Processed 1/1 page | 1 of 1 batch finished | task#1 [产品缺陷定义V1.0]
2026-05-06 05:36:36.683 | WARNING  | mineru.cli.client:log_visualization_future_result:390 - Skipping visualization for 产品缺陷定义V1.0: missing origin.pdf: 产品缺陷定义V1.0_origin.pdf
INFO:     Shutting down
INFO:     Waiting for application shutdown.
INFO:     Application shutdown complete.
INFO:     Finished server process [2748904]

2026-05-06 05:36:55.379 | INFO     | mineru.cli.client:run_orchestrated_cli:874 - Started local mineru-api at http://127.0.0.1:54817
2026-05-06 05:36:59.473 | INFO     | __main__:create_app:260 - Request concurrency limited to 3
INFO:     Started server process [2749089]
INFO:     Waiting for application startup.
INFO:     Application startup complete.
INFO:     Uvicorn running on http://127.0.0.1:54817 (Press CTRL+C to quit)
2026-05-06 05:37:00.417 | INFO     | mineru.cli.client:run_planned_task:771 - Submitting batch 1/1 | 1 document, 10 pages in this batch | 10 pages total | task#1 [PT9L-HFMP01 V1.0-带原理图]
2026-05-06 05:37:08.097 | INFO     | mineru.utils.engine_utils:get_vlm_engine:34 - Using vllm-async-engine as the inference engine for VLM.
2026-05-06 05:37:26.397 | INFO     | mineru.backend.vlm.utils:enable_custom_logits_processors:56 - compute_capability: 8.0 >= 8.0 and vllm version: 0.11.2 >= 0.10.1, enable custom_logits_processors
[1;36m(EngineCore_DP0 pid=2749224)[0;0m The image processor of type `Qwen2VLImageProcessor` is now loaded as a fast processor by default, even if the model checkpoint was saved with a slow processor. This is a breaking change and may produce slightly different outputs. To continue using the slow processor, instantiate this class with `use_fast=False`. Note that this behavior will be extended to all models in a future release.
[1;36m(EngineCore_DP0 pid=2749224)[0;0m /home/s2025244189/miniconda3/envs/mineru/lib/python3.10/site-packages/tvm_ffi/_optional_torch_c_dlpack.py:181: UserWarning: Failed to JIT torch c dlpack extension, EnvTensorAllocator will not be enabled.
[1;36m(EngineCore_DP0 pid=2749224)[0;0m We recommend installing via `pip install torch-c-dlpack-ext`
[1;36m(EngineCore_DP0 pid=2749224)[0;0m   warnings.warn(
[1;36m(EngineCore_DP0 pid=2749224)[0;0m 
Loading safetensors checkpoint shards:   0% Completed | 0/1 [00:00<?, ?it/s]
[1;36m(EngineCore_DP0 pid=2749224)[0;0m 
Loading safetensors checkpoint shards: 100% Completed | 1/1 [00:01<00:00,  1.20s/it]
[1;36m(EngineCore_DP0 pid=2749224)[0;0m 
Loading safetensors checkpoint shards: 100% Completed | 1/1 [00:01<00:00,  1.20s/it]
[1;36m(EngineCore_DP0 pid=2749224)[0;0m 
[1;36m(EngineCore_DP0 pid=2749224)[0;0m 
Capturing CUDA graphs (mixed prefill-decode, PIECEWISE):   0%|          | 0/35 [00:00<?, ?it/s]
Capturing CUDA graphs (mixed prefill-decode, PIECEWISE):   9%|▊         | 3/35 [00:00<00:01, 24.78it/s]
Capturing CUDA graphs (mixed prefill-decode, PIECEWISE):  17%|█▋        | 6/35 [00:00<00:01, 25.60it/s]
Capturing CUDA graphs (mixed prefill-decode, PIECEWISE):  26%|██▌       | 9/35 [00:00<00:01, 25.26it/s]
Capturing CUDA graphs (mixed prefill-decode, PIECEWISE):  34%|███▍      | 12/35 [00:00<00:00, 25.78it/s]
Capturing CUDA graphs (mixed prefill-decode, PIECEWISE):  43%|████▎     | 15/35 [00:00<00:00, 26.03it/s]
Capturing CUDA graphs (mixed prefill-decode, PIECEWISE):  51%|█████▏    | 18/35 [00:00<00:00, 26.26it/s]
Capturing CUDA graphs (mixed prefill-decode, PIECEWISE):  60%|██████    | 21/35 [00:00<00:00, 26.42it/s]
Capturing CUDA graphs (mixed prefill-decode, PIECEWISE):  69%|██████▊   | 24/35 [00:00<00:00, 26.53it/s]
Capturing CUDA graphs (mixed prefill-decode, PIECEWISE):  77%|███████▋  | 27/35 [00:01<00:00, 26.24it/s]
Capturing CUDA graphs (mixed prefill-decode, PIECEWISE):  86%|████████▌ | 30/35 [00:01<00:00, 23.87it/s]
Capturing CUDA graphs (mixed prefill-decode, PIECEWISE):  94%|█████████▍| 33/35 [00:01<00:00, 24.80it/s]
Capturing CUDA graphs (mixed prefill-decode, PIECEWISE): 100%|██████████| 35/35 [00:01<00:00, 25.48it/s]
[1;36m(EngineCore_DP0 pid=2749224)[0;0m 
Capturing CUDA graphs (decode, FULL):   0%|          | 0/19 [00:00<?, ?it/s]
Capturing CUDA graphs (decode, FULL):  16%|█▌        | 3/19 [00:00<00:00, 25.29it/s]
Capturing CUDA graphs (decode, FULL):  32%|███▏      | 6/19 [00:00<00:00, 25.02it/s]
Capturing CUDA graphs (decode, FULL):  47%|████▋     | 9/19 [00:00<00:00, 25.98it/s]
Capturing CUDA graphs (decode, FULL):  63%|██████▎   | 12/19 [00:00<00:00, 26.10it/s]
Capturing CUDA graphs (decode, FULL):  79%|███████▉  | 15/19 [00:00<00:00, 25.82it/s]
Capturing CUDA graphs (decode, FULL):  95%|█████████▍| 18/19 [00:00<00:00, 26.54it/s]
Capturing CUDA graphs (decode, FULL): 100%|██████████| 19/19 [00:00<00:00, 26.29it/s]
2026-05-06 05:38:24.579 | INFO     | mineru.backend.vlm.vlm_analyze:get_model:251 - get vllm-async-engine predictor cost: 62.31s
2026-05-06 05:38:25.618 | INFO     | mineru.backend.hybrid.hybrid_analyze:aio_doc_analyze:706 - Hybrid processing-window run. page_count=10, window_size=64, total_windows=1
2026-05-06 05:38:25.660 | INFO     | mineru.backend.hybrid.hybrid_analyze:get_batch_ratio:515 - hybrid batch ratio (auto, vram=79GB): 16
2026-05-06 05:38:33.939 | INFO     | mineru.backend.hybrid.hybrid_analyze:aio_doc_analyze:727 - Hybrid processing window 1/1: pages 1-10/10 (10 pages)

Two Step Extraction:   0%|          | 0/10 [00:00<?, ?it/s]The image processor of type `Qwen2VLImageProcessor` is now loaded as a fast processor by default, even if the model checkpoint was saved with a slow processor. This is a breaking change and may produce slightly different outputs. To continue using the slow processor, instantiate this class with `use_fast=False`. Note that this behavior will be extended to all models in a future release.

Two Step Extraction:  20%|██        | 2/10 [00:07<00:28,  3.54s/it]
Two Step Extraction:  30%|███       | 3/10 [00:07<00:15,  2.27s/it]
Two Step Extraction:  70%|███████   | 7/10 [00:07<00:02,  1.35it/s]2026-05-06 05:38:42.524 | WARNING  | mineru_vl_utils.post_process.image_analysis_postprocess:_normalize_chart_sub_class:509 - Unknown chart sub_class: Technical Drawing / Dimensional Diagram; mapped to other

Two Step Extraction:  80%|████████  | 8/10 [00:08<00:01,  1.39it/s]
Two Step Extraction:  90%|█████████ | 9/10 [00:08<00:00,  1.65it/s]2026-05-06 05:38:44.329 | WARNING  | mineru_vl_utils.post_process.image_analysis_postprocess:_normalize_chart_sub_class:509 - Unknown chart sub_class: Technical Drawing; mapped to other

Two Step Extraction: 100%|██████████| 10/10 [00:10<00:00,  1.19it/s]
Two Step Extraction: 100%|██████████| 10/10 [00:10<00:00,  1.04s/it]

Layout Predict:   0%|          | 0/10 [00:00<?, ?it/s]
Layout Predict:  80%|████████  | 8/10 [00:03<00:00,  2.64it/s]
Layout Predict: 100%|██████████| 10/10 [00:03<00:00,  3.35it/s]
Layout Predict: 100%|██████████| 10/10 [00:03<00:00,  3.15it/s]

OCR-det:   0%|          | 0/5 [00:00<?, ?it/s]
OCR-det:  60%|██████    | 3/5 [00:00<00:00,  9.11it/s]
OCR-det: 100%|██████████| 5/5 [00:00<00:00, 13.30it/s]

Processing pages:   0%|          | 0/10 [00:00<?, ?it/s]
Processing pages:  20%|██        | 2/10 [00:00<00:00, 10.66it/s]
Processing pages:  40%|████      | 4/10 [00:00<00:00, 11.39it/s]
Processing pages:  60%|██████    | 6/10 [00:00<00:00, 11.73it/s]
Processing pages:  80%|████████  | 8/10 [00:01<00:00,  3.86it/s]
Processing pages:  90%|█████████ | 9/10 [00:01<00:00,  3.39it/s]
Processing pages: 100%|██████████| 10/10 [00:02<00:00,  4.89it/s]
2026-05-06 05:38:57.106 | INFO     | mineru.cli.client:run_planned_task:807 - Completed batch 1/1 | Processed 10/10 pages | 1 of 1 batch finished | task#1 [PT9L-HFMP01 V1.0-带原理图]
INFO:     Shutting down
INFO:     Waiting for application shutdown.
INFO:     Application shutdown complete.
INFO:     Finished server process [2749089]

2026-05-06 05:39:21.359 | INFO     | mineru.cli.client:run_orchestrated_cli:874 - Started local mineru-api at http://127.0.0.1:47203
2026-05-06 05:39:25.259 | INFO     | __main__:create_app:260 - Request concurrency limited to 3
INFO:     Started server process [2749690]
INFO:     Waiting for application startup.
INFO:     Application startup complete.
INFO:     Uvicorn running on http://127.0.0.1:47203 (Press CTRL+C to quit)
2026-05-06 05:39:26.395 | INFO     | mineru.cli.client:run_planned_task:771 - Submitting batch 1/1 | 1 document, 1 page in this batch | 1 page total | task#1 [工作原理]
2026-05-06 05:39:26.959 | WARNING  | mineru.cli.common:aio_do_parse:749 - No valid PDF or image files to process.
2026-05-06 05:39:27.560 | INFO     | mineru.cli.client:run_planned_task:807 - Completed batch 1/1 | Processed 1/1 page | 1 of 1 batch finished | task#1 [工作原理]
2026-05-06 05:39:27.589 | WARNING  | mineru.cli.client:log_visualization_future_result:390 - Skipping visualization for 工作原理: missing origin.pdf: 工作原理_origin.pdf
INFO:     Shutting down
INFO:     Waiting for application shutdown.
INFO:     Application shutdown complete.
INFO:     Finished server process [2749690]

2026-05-06 05:39:45.855 | INFO     | mineru.cli.client:run_orchestrated_cli:874 - Started local mineru-api at http://127.0.0.1:52195
2026-05-06 05:39:49.548 | INFO     | __main__:create_app:260 - Request concurrency limited to 3
INFO:     Started server process [2749865]
INFO:     Waiting for application startup.
INFO:     Application startup complete.
INFO:     Uvicorn running on http://127.0.0.1:52195 (Press CTRL+C to quit)
2026-05-06 05:39:49.889 | INFO     | mineru.cli.client:run_planned_task:771 - Submitting batch 1/1 | 1 document, 1 page in this batch | 1 page total | task#1 [工艺说明-PT9L]
2026-05-06 05:39:50.416 | WARNING  | mineru.cli.common:aio_do_parse:749 - No valid PDF or image files to process.
2026-05-06 05:39:51.182 | INFO     | mineru.cli.client:run_planned_task:807 - Completed batch 1/1 | Processed 1/1 page | 1 of 1 batch finished | task#1 [工艺说明-PT9L]
2026-05-06 05:39:51.210 | WARNING  | mineru.cli.client:log_visualization_future_result:390 - Skipping visualization for 工艺说明-PT9L: missing origin.pdf: 工艺说明-PT9L_origin.pdf
INFO:     Shutting down
INFO:     Waiting for application shutdown.
INFO:     Application shutdown complete.
INFO:     Finished server process [2749865]

2026-05-06 05:40:09.608 | INFO     | mineru.cli.client:run_orchestrated_cli:874 - Started local mineru-api at http://127.0.0.1:42095
2026-05-06 05:40:13.492 | INFO     | __main__:create_app:260 - Request concurrency limited to 3
INFO:     Started server process [2750108]
INFO:     Waiting for application startup.
INFO:     Application startup complete.
INFO:     Uvicorn running on http://127.0.0.1:42095 (Press CTRL+C to quit)
2026-05-06 05:40:13.642 | INFO     | mineru.cli.client:run_planned_task:771 - Submitting batch 1/1 | 1 document, 1 page in this batch | 1 page total | task#1 [工艺说明首页]
2026-05-06 05:40:14.253 | WARNING  | mineru.cli.common:aio_do_parse:749 - No valid PDF or image files to process.
2026-05-06 05:40:14.805 | INFO     | mineru.cli.client:run_planned_task:807 - Completed batch 1/1 | Processed 1/1 page | 1 of 1 batch finished | task#1 [工艺说明首页]
2026-05-06 05:40:14.835 | WARNING  | mineru.cli.client:log_visualization_future_result:390 - Skipping visualization for 工艺说明首页: missing origin.pdf: 工艺说明首页_origin.pdf
INFO:     Shutting down
INFO:     Waiting for application shutdown.
INFO:     Application shutdown complete.
INFO:     Finished server process [2750108]

2026-05-06 05:40:33.935 | INFO     | mineru.cli.client:run_orchestrated_cli:874 - Started local mineru-api at http://127.0.0.1:33185
2026-05-06 05:40:37.958 | INFO     | __main__:create_app:260 - Request concurrency limited to 3
INFO:     Started server process [2750301]
INFO:     Waiting for application startup.
INFO:     Application startup complete.
INFO:     Uvicorn running on http://127.0.0.1:33185 (Press CTRL+C to quit)
2026-05-06 05:40:38.971 | INFO     | mineru.cli.client:run_planned_task:771 - Submitting batch 1/1 | 1 document, 1 page in this batch | 1 page total | task#1 [工装操作说明 V1.0-PT9L]
2026-05-06 05:40:39.887 | WARNING  | mineru.cli.common:aio_do_parse:749 - No valid PDF or image files to process.
2026-05-06 05:40:40.398 | INFO     | mineru.cli.client:run_planned_task:807 - Completed batch 1/1 | Processed 1/1 page | 1 of 1 batch finished | task#1 [工装操作说明 V1.0-PT9L]
2026-05-06 05:40:40.426 | WARNING  | mineru.cli.client:log_visualization_future_result:390 - Skipping visualization for 工装操作说明 V1.0-PT9L: missing origin.pdf: 工装操作说明 V1.0-PT9L_origin.pdf
INFO:     Shutting down
INFO:     Waiting for application shutdown.
INFO:     Application shutdown complete.
INFO:     Finished server process [2750301]

2026-05-06 05:41:00.299 | INFO     | mineru.cli.client:run_orchestrated_cli:874 - Started local mineru-api at http://127.0.0.1:52313
2026-05-06 05:41:04.836 | INFO     | __main__:create_app:260 - Request concurrency limited to 3
INFO:     Started server process [2750522]
INFO:     Waiting for application startup.
INFO:     Application startup complete.
INFO:     Uvicorn running on http://127.0.0.1:52313 (Press CTRL+C to quit)
2026-05-06 05:41:05.337 | INFO     | mineru.cli.client:run_planned_task:771 - Submitting batch 1/1 | 1 document, 1 page in this batch | 1 page total | task#1 [机芯类组件清单PT9L-EBOM01 V1.0]
2026-05-06 05:41:06.418 | WARNING  | mineru.cli.common:aio_do_parse:749 - No valid PDF or image files to process.
2026-05-06 05:41:06.513 | INFO     | mineru.cli.client:run_planned_task:807 - Completed batch 1/1 | Processed 1/1 page | 1 of 1 batch finished | task#1 [机芯类组件清单PT9L-EBOM01 V1.0]
2026-05-06 05:41:06.547 | WARNING  | mineru.cli.client:log_visualization_future_result:390 - Skipping visualization for 机芯类组件清单PT9L-EBOM01 V1.0: missing origin.pdf: 机芯类组件清单PT9L-EBOM01 V1.0_origin.pdf
INFO:     Shutting down
INFO:     Waiting for application shutdown.
INFO:     Application shutdown complete.
INFO:     Finished server process [2750522]

2026-05-06 05:41:25.406 | INFO     | mineru.cli.client:run_orchestrated_cli:874 - Started local mineru-api at http://127.0.0.1:49221
2026-05-06 05:41:29.167 | INFO     | __main__:create_app:260 - Request concurrency limited to 3
INFO:     Started server process [2750695]
INFO:     Waiting for application startup.
INFO:     Application startup complete.
INFO:     Uvicorn running on http://127.0.0.1:49221 (Press CTRL+C to quit)
2026-05-06 05:41:29.440 | INFO     | mineru.cli.client:run_planned_task:771 - Submitting batch 1/1 | 1 document, 1 page in this batch | 1 page total | task#1 [目标代码输出确认单]
2026-05-06 05:41:29.948 | WARNING  | mineru.cli.common:aio_do_parse:749 - No valid PDF or image files to process.
2026-05-06 05:41:30.618 | INFO     | mineru.cli.client:run_planned_task:807 - Completed batch 1/1 | Processed 1/1 page | 1 of 1 batch finished | task#1 [目标代码输出确认单]
2026-05-06 05:41:30.653 | WARNING  | mineru.cli.client:log_visualization_future_result:390 - Skipping visualization for 目标代码输出确认单: missing origin.pdf: 目标代码输出确认单_origin.pdf
INFO:     Shutting down
INFO:     Waiting for application shutdown.
INFO:     Application shutdown complete.
INFO:     Finished server process [2750695]

2026-05-06 05:41:49.744 | INFO     | mineru.cli.client:run_orchestrated_cli:874 - Started local mineru-api at http://127.0.0.1:41649
2026-05-06 05:41:53.730 | INFO     | __main__:create_app:260 - Request concurrency limited to 3
INFO:     Started server process [2750879]
INFO:     Waiting for application startup.
INFO:     Application startup complete.
INFO:     Uvicorn running on http://127.0.0.1:41649 (Press CTRL+C to quit)
2026-05-06 05:41:54.783 | INFO     | mineru.cli.client:run_planned_task:771 - Submitting batch 1/1 | 1 document, 1 page in this batch | 1 page total | task#1 [设计原理]
2026-05-06 05:41:55.362 | WARNING  | mineru.cli.common:aio_do_parse:749 - No valid PDF or image files to process.
2026-05-06 05:41:55.939 | INFO     | mineru.cli.client:run_planned_task:807 - Completed batch 1/1 | Processed 1/1 page | 1 of 1 batch finished | task#1 [设计原理]
2026-05-06 05:41:55.973 | WARNING  | mineru.cli.client:log_visualization_future_result:390 - Skipping visualization for 设计原理: missing origin.pdf: 设计原理_origin.pdf
INFO:     Shutting down
INFO:     Waiting for application shutdown.
INFO:     Application shutdown complete.
INFO:     Finished server process [2750879]

2026-05-06 05:42:14.083 | INFO     | mineru.cli.client:run_orchestrated_cli:874 - Started local mineru-api at http://127.0.0.1:47165
2026-05-06 05:42:17.545 | INFO     | __main__:create_app:260 - Request concurrency limited to 3
INFO:     Started server process [2751049]
INFO:     Waiting for application startup.
INFO:     Application startup complete.
INFO:     Uvicorn running on http://127.0.0.1:47165 (Press CTRL+C to quit)
2026-05-06 05:42:18.116 | INFO     | mineru.cli.client:run_planned_task:771 - Submitting batch 1/1 | 1 document, 1 page in this batch | 1 page total | task#1 [设计输出清单一]
2026-05-06 05:42:19.022 | WARNING  | mineru.cli.common:aio_do_parse:749 - No valid PDF or image files to process.
2026-05-06 05:42:19.287 | INFO     | mineru.cli.client:run_planned_task:807 - Completed batch 1/1 | Processed 1/1 page | 1 of 1 batch finished | task#1 [设计输出清单一]
2026-05-06 05:42:19.316 | WARNING  | mineru.cli.client:log_visualization_future_result:390 - Skipping visualization for 设计输出清单一: missing origin.pdf: 设计输出清单一_origin.pdf
INFO:     Shutting down
INFO:     Waiting for application shutdown.
INFO:     Application shutdown complete.
INFO:     Finished server process [2751049]

2026-05-06 05:42:37.304 | INFO     | mineru.cli.client:run_orchestrated_cli:874 - Started local mineru-api at http://127.0.0.1:38041
2026-05-06 05:42:40.890 | INFO     | __main__:create_app:260 - Request concurrency limited to 3
INFO:     Started server process [2751248]
INFO:     Waiting for application startup.
INFO:     Application startup complete.
INFO:     Uvicorn running on http://127.0.0.1:38041 (Press CTRL+C to quit)
2026-05-06 05:42:41.338 | INFO     | mineru.cli.client:run_planned_task:771 - Submitting batch 1/1 | 1 document, 1 page in this batch | 1 page total | task#1 [37ed31b4835c1e57463e2ca2628ef51]
2026-05-06 05:42:47.593 | INFO     | mineru.utils.engine_utils:get_vlm_engine:34 - Using vllm-async-engine as the inference engine for VLM.
2026-05-06 05:43:04.251 | INFO     | mineru.backend.vlm.utils:enable_custom_logits_processors:56 - compute_capability: 8.0 >= 8.0 and vllm version: 0.11.2 >= 0.10.1, enable custom_logits_processors
[1;36m(EngineCore_DP0 pid=2751385)[0;0m The image processor of type `Qwen2VLImageProcessor` is now loaded as a fast processor by default, even if the model checkpoint was saved with a slow processor. This is a breaking change and may produce slightly different outputs. To continue using the slow processor, instantiate this class with `use_fast=False`. Note that this behavior will be extended to all models in a future release.
[1;36m(EngineCore_DP0 pid=2751385)[0;0m /home/s2025244189/miniconda3/envs/mineru/lib/python3.10/site-packages/tvm_ffi/_optional_torch_c_dlpack.py:181: UserWarning: Failed to JIT torch c dlpack extension, EnvTensorAllocator will not be enabled.
[1;36m(EngineCore_DP0 pid=2751385)[0;0m We recommend installing via `pip install torch-c-dlpack-ext`
[1;36m(EngineCore_DP0 pid=2751385)[0;0m   warnings.warn(
[1;36m(EngineCore_DP0 pid=2751385)[0;0m 
Loading safetensors checkpoint shards:   0% Completed | 0/1 [00:00<?, ?it/s]
[1;36m(EngineCore_DP0 pid=2751385)[0;0m 
Loading safetensors checkpoint shards: 100% Completed | 1/1 [00:01<00:00,  1.42s/it]
[1;36m(EngineCore_DP0 pid=2751385)[0;0m 
Loading safetensors checkpoint shards: 100% Completed | 1/1 [00:01<00:00,  1.42s/it]
[1;36m(EngineCore_DP0 pid=2751385)[0;0m 
[1;36m(EngineCore_DP0 pid=2751385)[0;0m 
Capturing CUDA graphs (mixed prefill-decode, PIECEWISE):   0%|          | 0/35 [00:00<?, ?it/s]
Capturing CUDA graphs (mixed prefill-decode, PIECEWISE):   9%|▊         | 3/35 [00:00<00:01, 25.97it/s]
Capturing CUDA graphs (mixed prefill-decode, PIECEWISE):  17%|█▋        | 6/35 [00:00<00:01, 26.79it/s]
Capturing CUDA graphs (mixed prefill-decode, PIECEWISE):  26%|██▌       | 9/35 [00:00<00:00, 27.17it/s]
Capturing CUDA graphs (mixed prefill-decode, PIECEWISE):  34%|███▍      | 12/35 [00:00<00:00, 27.35it/s]
Capturing CUDA graphs (mixed prefill-decode, PIECEWISE):  43%|████▎     | 15/35 [00:00<00:00, 27.32it/s]
Capturing CUDA graphs (mixed prefill-decode, PIECEWISE):  51%|█████▏    | 18/35 [00:00<00:00, 26.61it/s]
Capturing CUDA graphs (mixed prefill-decode, PIECEWISE):  60%|██████    | 21/35 [00:00<00:00, 26.68it/s]
Capturing CUDA graphs (mixed prefill-decode, PIECEWISE):  69%|██████▊   | 24/35 [00:00<00:00, 26.94it/s]
Capturing CUDA graphs (mixed prefill-decode, PIECEWISE):  77%|███████▋  | 27/35 [00:01<00:00, 26.82it/s]
Capturing CUDA graphs (mixed prefill-decode, PIECEWISE):  86%|████████▌ | 30/35 [00:01<00:00, 24.00it/s]
Capturing CUDA graphs (mixed prefill-decode, PIECEWISE):  94%|█████████▍| 33/35 [00:01<00:00, 25.00it/s]
Capturing CUDA graphs (mixed prefill-decode, PIECEWISE): 100%|██████████| 35/35 [00:01<00:00, 26.09it/s]
[1;36m(EngineCore_DP0 pid=2751385)[0;0m 
Capturing CUDA graphs (decode, FULL):   0%|          | 0/19 [00:00<?, ?it/s]
Capturing CUDA graphs (decode, FULL):  16%|█▌        | 3/19 [00:00<00:00, 26.24it/s]
Capturing CUDA graphs (decode, FULL):  32%|███▏      | 6/19 [00:00<00:00, 26.61it/s]
Capturing CUDA graphs (decode, FULL):  47%|████▋     | 9/19 [00:00<00:00, 27.19it/s]
Capturing CUDA graphs (decode, FULL):  63%|██████▎   | 12/19 [00:00<00:00, 27.51it/s]
Capturing CUDA graphs (decode, FULL):  79%|███████▉  | 15/19 [00:00<00:00, 27.15it/s]
Capturing CUDA graphs (decode, FULL):  95%|█████████▍| 18/19 [00:00<00:00, 27.46it/s]
Capturing CUDA graphs (decode, FULL): 100%|██████████| 19/19 [00:00<00:00, 27.37it/s]
2026-05-06 05:44:04.075 | INFO     | mineru.backend.vlm.vlm_analyze:get_model:251 - get vllm-async-engine predictor cost: 64.18s
2026-05-06 05:44:04.080 | INFO     | mineru.backend.hybrid.hybrid_analyze:aio_doc_analyze:706 - Hybrid processing-window run. page_count=1, window_size=64, total_windows=1
2026-05-06 05:44:10.793 | INFO     | mineru.backend.hybrid.hybrid_analyze:aio_doc_analyze:727 - Hybrid processing window 1/1: pages 1-1/1 (1 pages)

Two Step Extraction:   0%|          | 0/1 [00:00<?, ?it/s]The image processor of type `Qwen2VLImageProcessor` is now loaded as a fast processor by default, even if the model checkpoint was saved with a slow processor. This is a breaking change and may produce slightly different outputs. To continue using the slow processor, instantiate this class with `use_fast=False`. Note that this behavior will be extended to all models in a future release.

Two Step Extraction: 100%|██████████| 1/1 [00:08<00:00,  8.71s/it]
Two Step Extraction: 100%|██████████| 1/1 [00:08<00:00,  8.71s/it]

Processing pages:   0%|          | 0/1 [00:00<?, ?it/s]
Processing pages: 100%|██████████| 1/1 [00:00<00:00, 28.55it/s]
2026-05-06 05:44:20.470 | INFO     | mineru.cli.client:run_planned_task:807 - Completed batch 1/1 | Processed 1/1 page | 1 of 1 batch finished | task#1 [37ed31b4835c1e57463e2ca2628ef51]
INFO:     Shutting down
INFO:     Waiting for application shutdown.
INFO:     Application shutdown complete.
INFO:     Finished server process [2751248]

2026-05-06 05:44:45.706 | INFO     | mineru.cli.client:run_orchestrated_cli:874 - Started local mineru-api at http://127.0.0.1:50361
2026-05-06 05:44:50.109 | INFO     | __main__:create_app:260 - Request concurrency limited to 3
INFO:     Started server process [2751777]
INFO:     Waiting for application startup.
INFO:     Application startup complete.
INFO:     Uvicorn running on http://127.0.0.1:50361 (Press CTRL+C to quit)
2026-05-06 05:44:50.751 | INFO     | mineru.cli.client:run_planned_task:771 - Submitting batch 1/1 | 1 document, 1 page in this batch | 1 page total | task#1 [PT9L包装BOM]
2026-05-06 05:44:53.727 | WARNING  | mineru.cli.common:aio_do_parse:749 - No valid PDF or image files to process.
2026-05-06 05:44:53.782 | INFO     | mineru.cli.client:run_planned_task:807 - Completed batch 1/1 | Processed 1/1 page | 1 of 1 batch finished | task#1 [PT9L包装BOM]
2026-05-06 05:44:53.810 | WARNING  | mineru.cli.client:log_visualization_future_result:390 - Skipping visualization for PT9L包装BOM: missing origin.pdf: PT9L包装BOM_origin.pdf
INFO:     Shutting down
INFO:     Waiting for application shutdown.
INFO:     Application shutdown complete.
INFO:     Finished server process [2751777]

Traceback (most recent call last):
  File "/home/s2025244189/miniconda3/envs/mineru/bin/mineru", line 3, in <module>
  File "/hpai/aios3.0/private/user/s2025244189/s2025244265/AI_driven_proj_Manage/MinerU/mineru/cli/client.py", line 23, in <module>
    from mineru.utils.guess_suffix_or_lang import guess_suffix_by_path
  File "/hpai/aios3.0/private/user/s2025244189/s2025244265/AI_driven_proj_Manage/MinerU/mineru/utils/guess_suffix_or_lang.py", line 5, in <module>
    from magika import Magika
ModuleNotFoundError: No module named 'magika'

ERROR conda.cli.main_run:execute(127): `conda run mineru -p /home/s2025244189/s2025244265/AI_driven_proj_Manage/data_Processed/DHF -梳理版_预处理/09-设计输出/设计输出清单二/包装/K040100014357620814-图纸-PT9L-F01+V1.0.pdf -o /home/s2025244189/s2025244265/AI_driven_proj_Manage/data_Processed/DHF -梳理版_预处理_hybrid-auto处理/09-设计输出/设计输出清单二/包装 -b hybrid-auto-engine -m auto -l ch` failed. (See above for error)
2026-05-06 05:45:17.261 | INFO     | mineru.cli.client:run_orchestrated_cli:874 - Started local mineru-api at http://127.0.0.1:41075
2026-05-06 05:45:21.534 | INFO     | __main__:create_app:260 - Request concurrency limited to 3
INFO:     Started server process [2752090]
INFO:     Waiting for application startup.
INFO:     Application startup complete.
INFO:     Uvicorn running on http://127.0.0.1:41075 (Press CTRL+C to quit)
2026-05-06 05:45:22.300 | INFO     | mineru.cli.client:run_planned_task:771 - Submitting batch 1/1 | 1 document, 1 page in this batch | 1 page total | task#1 [K040200021397620814-图纸-PT9L-CBZP01+V1.0]
2026-05-06 05:45:27.868 | INFO     | mineru.utils.engine_utils:get_vlm_engine:34 - Using vllm-async-engine as the inference engine for VLM.
2026-05-06 05:45:41.122 | INFO     | mineru.backend.vlm.utils:enable_custom_logits_processors:56 - compute_capability: 8.0 >= 8.0 and vllm version: 0.11.2 >= 0.10.1, enable custom_logits_processors
[1;36m(EngineCore_DP0 pid=2752209)[0;0m The image processor of type `Qwen2VLImageProcessor` is now loaded as a fast processor by default, even if the model checkpoint was saved with a slow processor. This is a breaking change and may produce slightly different outputs. To continue using the slow processor, instantiate this class with `use_fast=False`. Note that this behavior will be extended to all models in a future release.
[1;36m(EngineCore_DP0 pid=2752209)[0;0m /home/s2025244189/miniconda3/envs/mineru/lib/python3.10/site-packages/tvm_ffi/_optional_torch_c_dlpack.py:181: UserWarning: Failed to JIT torch c dlpack extension, EnvTensorAllocator will not be enabled.
[1;36m(EngineCore_DP0 pid=2752209)[0;0m We recommend installing via `pip install torch-c-dlpack-ext`
[1;36m(EngineCore_DP0 pid=2752209)[0;0m   warnings.warn(
[1;36m(EngineCore_DP0 pid=2752209)[0;0m 
Loading safetensors checkpoint shards:   0% Completed | 0/1 [00:00<?, ?it/s]
[1;36m(EngineCore_DP0 pid=2752209)[0;0m 
Loading safetensors checkpoint shards: 100% Completed | 1/1 [00:01<00:00,  1.26s/it]
[1;36m(EngineCore_DP0 pid=2752209)[0;0m 
Loading safetensors checkpoint shards: 100% Completed | 1/1 [00:01<00:00,  1.26s/it]
[1;36m(EngineCore_DP0 pid=2752209)[0;0m 
[1;36m(EngineCore_DP0 pid=2752209)[0;0m 
Capturing CUDA graphs (mixed prefill-decode, PIECEWISE):   0%|          | 0/35 [00:00<?, ?it/s]
Capturing CUDA graphs (mixed prefill-decode, PIECEWISE):   9%|▊         | 3/35 [00:00<00:01, 26.75it/s]
Capturing CUDA graphs (mixed prefill-decode, PIECEWISE):  17%|█▋        | 6/35 [00:00<00:01, 26.99it/s]
Capturing CUDA graphs (mixed prefill-decode, PIECEWISE):  26%|██▌       | 9/35 [00:00<00:01, 25.99it/s]
Capturing CUDA graphs (mixed prefill-decode, PIECEWISE):  34%|███▍      | 12/35 [00:00<00:00, 26.21it/s]
Capturing CUDA graphs (mixed prefill-decode, PIECEWISE):  43%|████▎     | 15/35 [00:00<00:00, 26.28it/s]
Capturing CUDA graphs (mixed prefill-decode, PIECEWISE):  51%|█████▏    | 18/35 [00:00<00:00, 26.11it/s]
Capturing CUDA graphs (mixed prefill-decode, PIECEWISE):  60%|██████    | 21/35 [00:00<00:00, 26.11it/s]
Capturing CUDA graphs (mixed prefill-decode, PIECEWISE):  69%|██████▊   | 24/35 [00:00<00:00, 26.30it/s]
Capturing CUDA graphs (mixed prefill-decode, PIECEWISE):  77%|███████▋  | 27/35 [00:01<00:00, 26.40it/s]
Capturing CUDA graphs (mixed prefill-decode, PIECEWISE):  86%|████████▌ | 30/35 [00:01<00:00, 23.92it/s]
Capturing CUDA graphs (mixed prefill-decode, PIECEWISE):  94%|█████████▍| 33/35 [00:01<00:00, 24.88it/s]
Capturing CUDA graphs (mixed prefill-decode, PIECEWISE): 100%|██████████| 35/35 [00:01<00:00, 25.70it/s]
[1;36m(EngineCore_DP0 pid=2752209)[0;0m 
Capturing CUDA graphs (decode, FULL):   0%|          | 0/19 [00:00<?, ?it/s]
Capturing CUDA graphs (decode, FULL):  16%|█▌        | 3/19 [00:00<00:00, 26.30it/s]
Capturing CUDA graphs (decode, FULL):  32%|███▏      | 6/19 [00:00<00:00, 26.20it/s]
Capturing CUDA graphs (decode, FULL):  47%|████▋     | 9/19 [00:00<00:00, 26.72it/s]
Capturing CUDA graphs (decode, FULL):  63%|██████▎   | 12/19 [00:00<00:00, 27.19it/s]
Capturing CUDA graphs (decode, FULL):  79%|███████▉  | 15/19 [00:00<00:00, 27.33it/s]
Capturing CUDA graphs (decode, FULL):  95%|█████████▍| 18/19 [00:00<00:00, 27.30it/s]
Capturing CUDA graphs (decode, FULL): 100%|██████████| 19/19 [00:00<00:00, 27.21it/s]
2026-05-06 05:46:37.516 | INFO     | mineru.backend.vlm.vlm_analyze:get_model:251 - get vllm-async-engine predictor cost: 60.19s
2026-05-06 05:46:37.571 | INFO     | mineru.backend.hybrid.hybrid_analyze:aio_doc_analyze:706 - Hybrid processing-window run. page_count=1, window_size=64, total_windows=1
2026-05-06 05:46:42.975 | INFO     | mineru.backend.hybrid.hybrid_analyze:aio_doc_analyze:727 - Hybrid processing window 1/1: pages 1-1/1 (1 pages)

Two Step Extraction:   0%|          | 0/1 [00:00<?, ?it/s]The image processor of type `Qwen2VLImageProcessor` is now loaded as a fast processor by default, even if the model checkpoint was saved with a slow processor. This is a breaking change and may produce slightly different outputs. To continue using the slow processor, instantiate this class with `use_fast=False`. Note that this behavior will be extended to all models in a future release.

Two Step Extraction: 100%|██████████| 1/1 [00:08<00:00,  8.99s/it]
Two Step Extraction: 100%|██████████| 1/1 [00:08<00:00,  8.99s/it]

Processing pages:   0%|          | 0/1 [00:00<?, ?it/s]
Processing pages: 100%|██████████| 1/1 [00:07<00:00,  7.67s/it]
Processing pages: 100%|██████████| 1/1 [00:07<00:00,  7.67s/it]
2026-05-06 05:47:01.709 | INFO     | mineru.cli.client:run_planned_task:807 - Completed batch 1/1 | Processed 1/1 page | 1 of 1 batch finished | task#1 [K040200021397620814-图纸-PT9L-CBZP01+V1.0]
INFO:     Shutting down
INFO:     Waiting for application shutdown.
INFO:     Application shutdown complete.
INFO:     Finished server process [2752090]

2026-05-06 05:47:25.504 | INFO     | mineru.cli.client:run_orchestrated_cli:874 - Started local mineru-api at http://127.0.0.1:39561
2026-05-06 05:47:29.563 | INFO     | __main__:create_app:260 - Request concurrency limited to 3
INFO:     Started server process [2752655]
INFO:     Waiting for application startup.
INFO:     Application startup complete.
INFO:     Uvicorn running on http://127.0.0.1:39561 (Press CTRL+C to quit)
2026-05-06 05:47:30.593 | INFO     | mineru.cli.client:run_planned_task:771 - Submitting batch 1/1 | 1 document, 1 page in this batch | 1 page total | task#1 [K040200021397620814-图纸-PT9L-CBZP01+V2.0]
2026-05-06 05:47:35.708 | INFO     | mineru.utils.engine_utils:get_vlm_engine:34 - Using vllm-async-engine as the inference engine for VLM.
2026-05-06 05:47:47.002 | INFO     | mineru.backend.vlm.utils:enable_custom_logits_processors:56 - compute_capability: 8.0 >= 8.0 and vllm version: 0.11.2 >= 0.10.1, enable custom_logits_processors
[1;36m(EngineCore_DP0 pid=2752805)[0;0m The image processor of type `Qwen2VLImageProcessor` is now loaded as a fast processor by default, even if the model checkpoint was saved with a slow processor. This is a breaking change and may produce slightly different outputs. To continue using the slow processor, instantiate this class with `use_fast=False`. Note that this behavior will be extended to all models in a future release.
[1;36m(EngineCore_DP0 pid=2752805)[0;0m /home/s2025244189/miniconda3/envs/mineru/lib/python3.10/site-packages/tvm_ffi/_optional_torch_c_dlpack.py:181: UserWarning: Failed to JIT torch c dlpack extension, EnvTensorAllocator will not be enabled.
[1;36m(EngineCore_DP0 pid=2752805)[0;0m We recommend installing via `pip install torch-c-dlpack-ext`
[1;36m(EngineCore_DP0 pid=2752805)[0;0m   warnings.warn(
[1;36m(EngineCore_DP0 pid=2752805)[0;0m 
Loading safetensors checkpoint shards:   0% Completed | 0/1 [00:00<?, ?it/s]
[1;36m(EngineCore_DP0 pid=2752805)[0;0m 
Loading safetensors checkpoint shards: 100% Completed | 1/1 [00:01<00:00,  1.33s/it]
[1;36m(EngineCore_DP0 pid=2752805)[0;0m 
Loading safetensors checkpoint shards: 100% Completed | 1/1 [00:01<00:00,  1.33s/it]
[1;36m(EngineCore_DP0 pid=2752805)[0;0m 
[1;36m(EngineCore_DP0 pid=2752805)[0;0m 
Capturing CUDA graphs (mixed prefill-decode, PIECEWISE):   0%|          | 0/35 [00:00<?, ?it/s]
Capturing CUDA graphs (mixed prefill-decode, PIECEWISE):   9%|▊         | 3/35 [00:00<00:01, 27.93it/s]
Capturing CUDA graphs (mixed prefill-decode, PIECEWISE):  17%|█▋        | 6/35 [00:00<00:01, 28.07it/s]
Capturing CUDA graphs (mixed prefill-decode, PIECEWISE):  26%|██▌       | 9/35 [00:00<00:00, 28.33it/s]
Capturing CUDA graphs (mixed prefill-decode, PIECEWISE):  34%|███▍      | 12/35 [00:00<00:00, 28.62it/s]
Capturing CUDA graphs (mixed prefill-decode, PIECEWISE):  43%|████▎     | 15/35 [00:00<00:00, 28.59it/s]
Capturing CUDA graphs (mixed prefill-decode, PIECEWISE):  51%|█████▏    | 18/35 [00:00<00:00, 28.38it/s]
Capturing CUDA graphs (mixed prefill-decode, PIECEWISE):  60%|██████    | 21/35 [00:00<00:00, 28.64it/s]
Capturing CUDA graphs (mixed prefill-decode, PIECEWISE):  69%|██████▊   | 24/35 [00:00<00:00, 28.84it/s]
Capturing CUDA graphs (mixed prefill-decode, PIECEWISE):  77%|███████▋  | 27/35 [00:00<00:00, 28.88it/s]
Capturing CUDA graphs (mixed prefill-decode, PIECEWISE):  86%|████████▌ | 30/35 [00:01<00:00, 25.65it/s]
Capturing CUDA graphs (mixed prefill-decode, PIECEWISE):  94%|█████████▍| 33/35 [00:01<00:00, 26.06it/s]
Capturing CUDA graphs (mixed prefill-decode, PIECEWISE): 100%|██████████| 35/35 [00:01<00:00, 27.53it/s]
[1;36m(EngineCore_DP0 pid=2752805)[0;0m 
Capturing CUDA graphs (decode, FULL):   0%|          | 0/19 [00:00<?, ?it/s]
Capturing CUDA graphs (decode, FULL):  16%|█▌        | 3/19 [00:00<00:00, 27.21it/s]
Capturing CUDA graphs (decode, FULL):  32%|███▏      | 6/19 [00:00<00:00, 27.79it/s]
Capturing CUDA graphs (decode, FULL):  47%|████▋     | 9/19 [00:00<00:00, 28.27it/s]
Capturing CUDA graphs (decode, FULL):  63%|██████▎   | 12/19 [00:00<00:00, 28.76it/s]
Capturing CUDA graphs (decode, FULL):  79%|███████▉  | 15/19 [00:00<00:00, 28.53it/s]
Capturing CUDA graphs (decode, FULL):  95%|█████████▍| 18/19 [00:00<00:00, 28.84it/s]
Capturing CUDA graphs (decode, FULL): 100%|██████████| 19/19 [00:00<00:00, 28.65it/s]
2026-05-06 05:48:40.051 | INFO     | mineru.backend.vlm.vlm_analyze:get_model:251 - get vllm-async-engine predictor cost: 56.45s
2026-05-06 05:48:40.110 | INFO     | mineru.backend.hybrid.hybrid_analyze:aio_doc_analyze:706 - Hybrid processing-window run. page_count=1, window_size=64, total_windows=1
2026-05-06 05:48:46.139 | INFO     | mineru.backend.hybrid.hybrid_analyze:aio_doc_analyze:727 - Hybrid processing window 1/1: pages 1-1/1 (1 pages)

Two Step Extraction:   0%|          | 0/1 [00:00<?, ?it/s]The image processor of type `Qwen2VLImageProcessor` is now loaded as a fast processor by default, even if the model checkpoint was saved with a slow processor. This is a breaking change and may produce slightly different outputs. To continue using the slow processor, instantiate this class with `use_fast=False`. Note that this behavior will be extended to all models in a future release.

Two Step Extraction: 100%|██████████| 1/1 [00:08<00:00,  8.51s/it]
Two Step Extraction: 100%|██████████| 1/1 [00:08<00:00,  8.51s/it]

Processing pages:   0%|          | 0/1 [00:00<?, ?it/s]
Processing pages: 100%|██████████| 1/1 [00:07<00:00,  7.60s/it]
Processing pages: 100%|██████████| 1/1 [00:07<00:00,  7.60s/it]
2026-05-06 05:49:04.434 | INFO     | mineru.cli.client:run_planned_task:807 - Completed batch 1/1 | Processed 1/1 page | 1 of 1 batch finished | task#1 [K040200021397620814-图纸-PT9L-CBZP01+V2.0]
INFO:     Shutting down
INFO:     Waiting for application shutdown.
INFO:     Application shutdown complete.
INFO:     Finished server process [2752655]

2026-05-06 05:49:27.398 | INFO     | mineru.cli.client:run_orchestrated_cli:874 - Started local mineru-api at http://127.0.0.1:42939
2026-05-06 05:49:31.597 | INFO     | __main__:create_app:260 - Request concurrency limited to 3
INFO:     Started server process [2753209]
INFO:     Waiting for application startup.
INFO:     Application startup complete.
INFO:     Uvicorn running on http://127.0.0.1:42939 (Press CTRL+C to quit)
2026-05-06 05:49:32.435 | INFO     | mineru.cli.client:run_planned_task:771 - Submitting batch 1/1 | 1 document, 1 page in this batch | 1 page total | task#1 [K040500002717620814-图纸-PT9L-F04+V1.0]
2026-05-06 05:49:37.286 | INFO     | mineru.utils.engine_utils:get_vlm_engine:34 - Using vllm-async-engine as the inference engine for VLM.
2026-05-06 05:49:47.888 | INFO     | mineru.backend.vlm.utils:enable_custom_logits_processors:56 - compute_capability: 8.0 >= 8.0 and vllm version: 0.11.2 >= 0.10.1, enable custom_logits_processors
[1;36m(EngineCore_DP0 pid=2753352)[0;0m The image processor of type `Qwen2VLImageProcessor` is now loaded as a fast processor by default, even if the model checkpoint was saved with a slow processor. This is a breaking change and may produce slightly different outputs. To continue using the slow processor, instantiate this class with `use_fast=False`. Note that this behavior will be extended to all models in a future release.
[1;36m(EngineCore_DP0 pid=2753352)[0;0m /home/s2025244189/miniconda3/envs/mineru/lib/python3.10/site-packages/tvm_ffi/_optional_torch_c_dlpack.py:181: UserWarning: Failed to JIT torch c dlpack extension, EnvTensorAllocator will not be enabled.
[1;36m(EngineCore_DP0 pid=2753352)[0;0m We recommend installing via `pip install torch-c-dlpack-ext`
[1;36m(EngineCore_DP0 pid=2753352)[0;0m   warnings.warn(
[1;36m(EngineCore_DP0 pid=2753352)[0;0m 
Loading safetensors checkpoint shards:   0% Completed | 0/1 [00:00<?, ?it/s]
[1;36m(EngineCore_DP0 pid=2753352)[0;0m 
Loading safetensors checkpoint shards: 100% Completed | 1/1 [00:01<00:00,  1.24s/it]
[1;36m(EngineCore_DP0 pid=2753352)[0;0m 
Loading safetensors checkpoint shards: 100% Completed | 1/1 [00:01<00:00,  1.24s/it]
[1;36m(EngineCore_DP0 pid=2753352)[0;0m 
[1;36m(EngineCore_DP0 pid=2753352)[0;0m 
Capturing CUDA graphs (mixed prefill-decode, PIECEWISE):   0%|          | 0/35 [00:00<?, ?it/s]
Capturing CUDA graphs (mixed prefill-decode, PIECEWISE):   9%|▊         | 3/35 [00:00<00:01, 24.92it/s]
Capturing CUDA graphs (mixed prefill-decode, PIECEWISE):  17%|█▋        | 6/35 [00:00<00:01, 24.94it/s]
Capturing CUDA graphs (mixed prefill-decode, PIECEWISE):  26%|██▌       | 9/35 [00:00<00:01, 25.41it/s]
Capturing CUDA graphs (mixed prefill-decode, PIECEWISE):  34%|███▍      | 12/35 [00:00<00:00, 25.68it/s]
Capturing CUDA graphs (mixed prefill-decode, PIECEWISE):  43%|████▎     | 15/35 [00:00<00:00, 25.59it/s]
Capturing CUDA graphs (mixed prefill-decode, PIECEWISE):  51%|█████▏    | 18/35 [00:00<00:00, 25.68it/s]
Capturing CUDA graphs (mixed prefill-decode, PIECEWISE):  60%|██████    | 21/35 [00:00<00:00, 25.75it/s]
Capturing CUDA graphs (mixed prefill-decode, PIECEWISE):  69%|██████▊   | 24/35 [00:00<00:00, 25.91it/s]
Capturing CUDA graphs (mixed prefill-decode, PIECEWISE):  77%|███████▋  | 27/35 [00:01<00:00, 25.93it/s]
Capturing CUDA graphs (mixed prefill-decode, PIECEWISE):  86%|████████▌ | 30/35 [00:01<00:00, 23.06it/s]
Capturing CUDA graphs (mixed prefill-decode, PIECEWISE):  94%|█████████▍| 33/35 [00:01<00:00, 23.32it/s]
Capturing CUDA graphs (mixed prefill-decode, PIECEWISE): 100%|██████████| 35/35 [00:01<00:00, 24.75it/s]
[1;36m(EngineCore_DP0 pid=2753352)[0;0m 
Capturing CUDA graphs (decode, FULL):   0%|          | 0/19 [00:00<?, ?it/s]
Capturing CUDA graphs (decode, FULL):  16%|█▌        | 3/19 [00:00<00:00, 26.71it/s]
Capturing CUDA graphs (decode, FULL):  32%|███▏      | 6/19 [00:00<00:00, 25.36it/s]
Capturing CUDA graphs (decode, FULL):  47%|████▋     | 9/19 [00:00<00:00, 25.68it/s]
Capturing CUDA graphs (decode, FULL):  63%|██████▎   | 12/19 [00:00<00:00, 25.64it/s]
Capturing CUDA graphs (decode, FULL):  79%|███████▉  | 15/19 [00:00<00:00, 25.54it/s]
Capturing CUDA graphs (decode, FULL):  95%|█████████▍| 18/19 [00:00<00:00, 25.57it/s]
Capturing CUDA graphs (decode, FULL): 100%|██████████| 19/19 [00:00<00:00, 25.71it/s]
2026-05-06 05:50:40.063 | INFO     | mineru.backend.vlm.vlm_analyze:get_model:251 - get vllm-async-engine predictor cost: 55.5s
2026-05-06 05:50:40.088 | INFO     | mineru.backend.hybrid.hybrid_analyze:aio_doc_analyze:706 - Hybrid processing-window run. page_count=1, window_size=64, total_windows=1
2026-05-06 05:50:45.747 | INFO     | mineru.backend.hybrid.hybrid_analyze:aio_doc_analyze:727 - Hybrid processing window 1/1: pages 1-1/1 (1 pages)

Two Step Extraction:   0%|          | 0/1 [00:00<?, ?it/s]The image processor of type `Qwen2VLImageProcessor` is now loaded as a fast processor by default, even if the model checkpoint was saved with a slow processor. This is a breaking change and may produce slightly different outputs. To continue using the slow processor, instantiate this class with `use_fast=False`. Note that this behavior will be extended to all models in a future release.

Two Step Extraction: 100%|██████████| 1/1 [00:08<00:00,  8.60s/it]
Two Step Extraction: 100%|██████████| 1/1 [00:08<00:00,  8.60s/it]

Processing pages:   0%|          | 0/1 [00:00<?, ?it/s]
Processing pages: 100%|██████████| 1/1 [00:07<00:00,  7.90s/it]
Processing pages: 100%|██████████| 1/1 [00:07<00:00,  7.90s/it]
2026-05-06 05:51:02.962 | INFO     | mineru.cli.client:run_planned_task:807 - Completed batch 1/1 | Processed 1/1 page | 1 of 1 batch finished | task#1 [K040500002717620814-图纸-PT9L-F04+V1.0]
INFO:     Shutting down
[rank0]:[W506 05:51:13.498738231 ProcessGroupNCCL.cpp:1524] Warning: WARNING: destroy_process_group() was not called before program exit, which can leak resources. For more info, please see https://pytorch.org/docs/stable/distributed.html#shutdown (function operator())
INFO:     Waiting for application shutdown.
INFO:     Application shutdown complete.
INFO:     Finished server process [2753209]

2026-05-06 05:51:24.666 | INFO     | mineru.cli.client:run_orchestrated_cli:874 - Started local mineru-api at http://127.0.0.1:46019
2026-05-06 05:51:28.569 | INFO     | __main__:create_app:260 - Request concurrency limited to 3
INFO:     Started server process [2753866]
INFO:     Waiting for application startup.
INFO:     Application startup complete.
INFO:     Uvicorn running on http://127.0.0.1:46019 (Press CTRL+C to quit)
2026-05-06 05:51:29.705 | INFO     | mineru.cli.client:run_planned_task:771 - Submitting batch 1/1 | 1 document, 1 page in this batch | 1 page total | task#1 [K040700022027620814-图纸-PT9L-SMSP01+V1.0 (1)]
2026-05-06 05:51:35.661 | INFO     | mineru.utils.engine_utils:get_vlm_engine:34 - Using vllm-async-engine as the inference engine for VLM.
2026-05-06 05:51:46.063 | INFO     | mineru.backend.vlm.utils:enable_custom_logits_processors:56 - compute_capability: 8.0 >= 8.0 and vllm version: 0.11.2 >= 0.10.1, enable custom_logits_processors
[1;36m(EngineCore_DP0 pid=2754000)[0;0m The image processor of type `Qwen2VLImageProcessor` is now loaded as a fast processor by default, even if the model checkpoint was saved with a slow processor. This is a breaking change and may produce slightly different outputs. To continue using the slow processor, instantiate this class with `use_fast=False`. Note that this behavior will be extended to all models in a future release.
[1;36m(EngineCore_DP0 pid=2754000)[0;0m /home/s2025244189/miniconda3/envs/mineru/lib/python3.10/site-packages/tvm_ffi/_optional_torch_c_dlpack.py:181: UserWarning: Failed to JIT torch c dlpack extension, EnvTensorAllocator will not be enabled.
[1;36m(EngineCore_DP0 pid=2754000)[0;0m We recommend installing via `pip install torch-c-dlpack-ext`
[1;36m(EngineCore_DP0 pid=2754000)[0;0m   warnings.warn(
[1;36m(EngineCore_DP0 pid=2754000)[0;0m 
Loading safetensors checkpoint shards:   0% Completed | 0/1 [00:00<?, ?it/s]
[1;36m(EngineCore_DP0 pid=2754000)[0;0m 
Loading safetensors checkpoint shards: 100% Completed | 1/1 [00:01<00:00,  1.28s/it]
[1;36m(EngineCore_DP0 pid=2754000)[0;0m 
Loading safetensors checkpoint shards: 100% Completed | 1/1 [00:01<00:00,  1.29s/it]
[1;36m(EngineCore_DP0 pid=2754000)[0;0m 
[1;36m(EngineCore_DP0 pid=2754000)[0;0m 
Capturing CUDA graphs (mixed prefill-decode, PIECEWISE):   0%|          | 0/35 [00:00<?, ?it/s]
Capturing CUDA graphs (mixed prefill-decode, PIECEWISE):   9%|▊         | 3/35 [00:00<00:01, 25.70it/s]
Capturing CUDA graphs (mixed prefill-decode, PIECEWISE):  17%|█▋        | 6/35 [00:00<00:01, 25.78it/s]
Capturing CUDA graphs (mixed prefill-decode, PIECEWISE):  26%|██▌       | 9/35 [00:00<00:00, 26.49it/s]
Capturing CUDA graphs (mixed prefill-decode, PIECEWISE):  34%|███▍      | 12/35 [00:00<00:00, 26.40it/s]
Capturing CUDA graphs (mixed prefill-decode, PIECEWISE):  43%|████▎     | 15/35 [00:00<00:00, 26.70it/s]
Capturing CUDA graphs (mixed prefill-decode, PIECEWISE):  51%|█████▏    | 18/35 [00:00<00:00, 27.04it/s]
Capturing CUDA graphs (mixed prefill-decode, PIECEWISE):  60%|██████    | 21/35 [00:00<00:00, 27.30it/s]
Capturing CUDA graphs (mixed prefill-decode, PIECEWISE):  69%|██████▊   | 24/35 [00:00<00:00, 27.11it/s]
Capturing CUDA graphs (mixed prefill-decode, PIECEWISE):  77%|███████▋  | 27/35 [00:01<00:00, 27.26it/s]
Capturing CUDA graphs (mixed prefill-decode, PIECEWISE):  86%|████████▌ | 30/35 [00:01<00:00, 24.52it/s]
Capturing CUDA graphs (mixed prefill-decode, PIECEWISE):  94%|█████████▍| 33/35 [00:01<00:00, 25.18it/s]
Capturing CUDA graphs (mixed prefill-decode, PIECEWISE): 100%|██████████| 35/35 [00:01<00:00, 26.15it/s]
[1;36m(EngineCore_DP0 pid=2754000)[0;0m 
Capturing CUDA graphs (decode, FULL):   0%|          | 0/19 [00:00<?, ?it/s]
Capturing CUDA graphs (decode, FULL):  16%|█▌        | 3/19 [00:00<00:00, 27.31it/s]
Capturing CUDA graphs (decode, FULL):  32%|███▏      | 6/19 [00:00<00:00, 26.26it/s]
Capturing CUDA graphs (decode, FULL):  47%|████▋     | 9/19 [00:00<00:00, 27.07it/s]
Capturing CUDA graphs (decode, FULL):  63%|██████▎   | 12/19 [00:00<00:00, 27.49it/s]
Capturing CUDA graphs (decode, FULL):  79%|███████▉  | 15/19 [00:00<00:00, 27.19it/s]
Capturing CUDA graphs (decode, FULL):  95%|█████████▍| 18/19 [00:00<00:00, 27.42it/s]
Capturing CUDA graphs (decode, FULL): 100%|██████████| 19/19 [00:00<00:00, 27.34it/s]
2026-05-06 05:52:39.384 | INFO     | mineru.backend.vlm.vlm_analyze:get_model:251 - get vllm-async-engine predictor cost: 56.69s
2026-05-06 05:52:41.077 | INFO     | mineru.backend.hybrid.hybrid_analyze:aio_doc_analyze:706 - Hybrid processing-window run. page_count=1, window_size=64, total_windows=1
2026-05-06 05:52:47.947 | INFO     | mineru.backend.hybrid.hybrid_analyze:aio_doc_analyze:727 - Hybrid processing window 1/1: pages 1-1/1 (1 pages)

Two Step Extraction:   0%|          | 0/1 [00:00<?, ?it/s]The image processor of type `Qwen2VLImageProcessor` is now loaded as a fast processor by default, even if the model checkpoint was saved with a slow processor. This is a breaking change and may produce slightly different outputs. To continue using the slow processor, instantiate this class with `use_fast=False`. Note that this behavior will be extended to all models in a future release.

Two Step Extraction: 100%|██████████| 1/1 [00:20<00:00, 20.11s/it]
Two Step Extraction: 100%|██████████| 1/1 [00:20<00:00, 20.11s/it]

Processing pages:   0%|          | 0/1 [00:00<?, ?it/s]
Processing pages: 100%|██████████| 1/1 [00:08<00:00,  8.76s/it]
Processing pages: 100%|██████████| 1/1 [00:08<00:00,  8.76s/it]
2026-05-06 05:53:18.536 | INFO     | mineru.cli.client:run_planned_task:807 - Completed batch 1/1 | Processed 1/1 page | 1 of 1 batch finished | task#1 [K040700022027620814-图纸-PT9L-SMSP01+V1.0 (1)]
INFO:     Shutting down
INFO:     Waiting for application shutdown.
INFO:     Application shutdown complete.
INFO:     Finished server process [2753866]

2026-05-06 05:53:43.559 | INFO     | mineru.cli.client:run_orchestrated_cli:874 - Started local mineru-api at http://127.0.0.1:43997
2026-05-06 05:53:47.602 | INFO     | __main__:create_app:260 - Request concurrency limited to 3
INFO:     Started server process [2754429]
INFO:     Waiting for application startup.
INFO:     Application startup complete.
INFO:     Uvicorn running on http://127.0.0.1:43997 (Press CTRL+C to quit)
2026-05-06 05:53:48.596 | INFO     | mineru.cli.client:run_planned_task:771 - Submitting batch 1/1 | 1 document, 1 page in this batch | 1 page total | task#1 [K040700022027620814-图纸-PT9L-SMSP01+V1.0]
2026-05-06 05:53:54.545 | INFO     | mineru.utils.engine_utils:get_vlm_engine:34 - Using vllm-async-engine as the inference engine for VLM.
2026-05-06 05:54:06.406 | INFO     | mineru.backend.vlm.utils:enable_custom_logits_processors:56 - compute_capability: 8.0 >= 8.0 and vllm version: 0.11.2 >= 0.10.1, enable custom_logits_processors
[1;36m(EngineCore_DP0 pid=2754567)[0;0m The image processor of type `Qwen2VLImageProcessor` is now loaded as a fast processor by default, even if the model checkpoint was saved with a slow processor. This is a breaking change and may produce slightly different outputs. To continue using the slow processor, instantiate this class with `use_fast=False`. Note that this behavior will be extended to all models in a future release.
[1;36m(EngineCore_DP0 pid=2754567)[0;0m /home/s2025244189/miniconda3/envs/mineru/lib/python3.10/site-packages/tvm_ffi/_optional_torch_c_dlpack.py:181: UserWarning: Failed to JIT torch c dlpack extension, EnvTensorAllocator will not be enabled.
[1;36m(EngineCore_DP0 pid=2754567)[0;0m We recommend installing via `pip install torch-c-dlpack-ext`
[1;36m(EngineCore_DP0 pid=2754567)[0;0m   warnings.warn(
[1;36m(EngineCore_DP0 pid=2754567)[0;0m 
Loading safetensors checkpoint shards:   0% Completed | 0/1 [00:00<?, ?it/s]
[1;36m(EngineCore_DP0 pid=2754567)[0;0m 
Loading safetensors checkpoint shards: 100% Completed | 1/1 [00:01<00:00,  1.21s/it]
[1;36m(EngineCore_DP0 pid=2754567)[0;0m 
Loading safetensors checkpoint shards: 100% Completed | 1/1 [00:01<00:00,  1.21s/it]
[1;36m(EngineCore_DP0 pid=2754567)[0;0m 
[1;36m(EngineCore_DP0 pid=2754567)[0;0m 
Capturing CUDA graphs (mixed prefill-decode, PIECEWISE):   0%|          | 0/35 [00:00<?, ?it/s]
Capturing CUDA graphs (mixed prefill-decode, PIECEWISE):   9%|▊         | 3/35 [00:00<00:01, 23.93it/s]
Capturing CUDA graphs (mixed prefill-decode, PIECEWISE):  17%|█▋        | 6/35 [00:00<00:01, 22.85it/s]
Capturing CUDA graphs (mixed prefill-decode, PIECEWISE):  26%|██▌       | 9/35 [00:00<00:01, 23.65it/s]
Capturing CUDA graphs (mixed prefill-decode, PIECEWISE):  34%|███▍      | 12/35 [00:00<00:00, 24.33it/s]
Capturing CUDA graphs (mixed prefill-decode, PIECEWISE):  43%|████▎     | 15/35 [00:00<00:00, 24.91it/s]
Capturing CUDA graphs (mixed prefill-decode, PIECEWISE):  51%|█████▏    | 18/35 [00:00<00:00, 25.14it/s]
Capturing CUDA graphs (mixed prefill-decode, PIECEWISE):  60%|██████    | 21/35 [00:00<00:00, 25.50it/s]
Capturing CUDA graphs (mixed prefill-decode, PIECEWISE):  69%|██████▊   | 24/35 [00:00<00:00, 25.53it/s]
Capturing CUDA graphs (mixed prefill-decode, PIECEWISE):  77%|███████▋  | 27/35 [00:01<00:00, 24.92it/s]
Capturing CUDA graphs (mixed prefill-decode, PIECEWISE):  86%|████████▌ | 30/35 [00:01<00:00, 22.00it/s]
Capturing CUDA graphs (mixed prefill-decode, PIECEWISE):  94%|█████████▍| 33/35 [00:01<00:00, 23.32it/s]
Capturing CUDA graphs (mixed prefill-decode, PIECEWISE): 100%|██████████| 35/35 [00:01<00:00, 24.01it/s]
[1;36m(EngineCore_DP0 pid=2754567)[0;0m 
Capturing CUDA graphs (decode, FULL):   0%|          | 0/19 [00:00<?, ?it/s]
Capturing CUDA graphs (decode, FULL):  16%|█▌        | 3/19 [00:00<00:00, 25.15it/s]
Capturing CUDA graphs (decode, FULL):  32%|███▏      | 6/19 [00:00<00:00, 24.69it/s]
Capturing CUDA graphs (decode, FULL):  47%|████▋     | 9/19 [00:00<00:00, 25.08it/s]
Capturing CUDA graphs (decode, FULL):  63%|██████▎   | 12/19 [00:00<00:00, 25.56it/s]
Capturing CUDA graphs (decode, FULL):  79%|███████▉  | 15/19 [00:00<00:00, 25.81it/s]
Capturing CUDA graphs (decode, FULL):  95%|█████████▍| 18/19 [00:00<00:00, 26.32it/s]
Capturing CUDA graphs (decode, FULL): 100%|██████████| 19/19 [00:00<00:00, 25.91it/s]
2026-05-06 05:55:00.567 | INFO     | mineru.backend.vlm.vlm_analyze:get_model:251 - get vllm-async-engine predictor cost: 57.63s
2026-05-06 05:55:00.911 | INFO     | mineru.backend.hybrid.hybrid_analyze:aio_doc_analyze:706 - Hybrid processing-window run. page_count=1, window_size=64, total_windows=1
2026-05-06 05:55:06.498 | INFO     | mineru.backend.hybrid.hybrid_analyze:aio_doc_analyze:727 - Hybrid processing window 1/1: pages 1-1/1 (1 pages)

Two Step Extraction:   0%|          | 0/1 [00:00<?, ?it/s]The image processor of type `Qwen2VLImageProcessor` is now loaded as a fast processor by default, even if the model checkpoint was saved with a slow processor. This is a breaking change and may produce slightly different outputs. To continue using the slow processor, instantiate this class with `use_fast=False`. Note that this behavior will be extended to all models in a future release.

Two Step Extraction: 100%|██████████| 1/1 [00:17<00:00, 17.08s/it]
Two Step Extraction: 100%|██████████| 1/1 [00:17<00:00, 17.08s/it]

Processing pages:   0%|          | 0/1 [00:00<?, ?it/s]
Processing pages: 100%|██████████| 1/1 [00:08<00:00,  8.17s/it]
Processing pages: 100%|██████████| 1/1 [00:08<00:00,  8.17s/it]
2026-05-06 05:55:33.377 | INFO     | mineru.cli.client:run_planned_task:807 - Completed batch 1/1 | Processed 1/1 page | 1 of 1 batch finished | task#1 [K040700022027620814-图纸-PT9L-SMSP01+V1.0]
INFO:     Shutting down
INFO:     Waiting for application shutdown.
INFO:     Application shutdown complete.
INFO:     Finished server process [2754429]

2026-05-06 05:55:57.149 | INFO     | mineru.cli.client:run_orchestrated_cli:874 - Started local mineru-api at http://127.0.0.1:37663
2026-05-06 05:56:01.066 | INFO     | __main__:create_app:260 - Request concurrency limited to 3
INFO:     Started server process [2755109]
INFO:     Waiting for application startup.
INFO:     Application startup complete.
INFO:     Uvicorn running on http://127.0.0.1:37663 (Press CTRL+C to quit)
2026-05-06 05:56:02.185 | INFO     | mineru.cli.client:run_planned_task:771 - Submitting batch 1/1 | 1 document, 1 page in this batch | 1 page total | task#1 [K040800021467620814-图纸-PT1-F05+V1.0]
2026-05-06 05:56:06.769 | INFO     | mineru.utils.engine_utils:get_vlm_engine:34 - Using vllm-async-engine as the inference engine for VLM.
2026-05-06 05:56:18.198 | INFO     | mineru.backend.vlm.utils:enable_custom_logits_processors:56 - compute_capability: 8.0 >= 8.0 and vllm version: 0.11.2 >= 0.10.1, enable custom_logits_processors
[1;36m(EngineCore_DP0 pid=2755236)[0;0m The image processor of type `Qwen2VLImageProcessor` is now loaded as a fast processor by default, even if the model checkpoint was saved with a slow processor. This is a breaking change and may produce slightly different outputs. To continue using the slow processor, instantiate this class with `use_fast=False`. Note that this behavior will be extended to all models in a future release.
[1;36m(EngineCore_DP0 pid=2755236)[0;0m /home/s2025244189/miniconda3/envs/mineru/lib/python3.10/site-packages/tvm_ffi/_optional_torch_c_dlpack.py:181: UserWarning: Failed to JIT torch c dlpack extension, EnvTensorAllocator will not be enabled.
[1;36m(EngineCore_DP0 pid=2755236)[0;0m We recommend installing via `pip install torch-c-dlpack-ext`
[1;36m(EngineCore_DP0 pid=2755236)[0;0m   warnings.warn(
[1;36m(EngineCore_DP0 pid=2755236)[0;0m 
Loading safetensors checkpoint shards:   0% Completed | 0/1 [00:00<?, ?it/s]
[1;36m(EngineCore_DP0 pid=2755236)[0;0m 
Loading safetensors checkpoint shards: 100% Completed | 1/1 [00:01<00:00,  1.16s/it]
[1;36m(EngineCore_DP0 pid=2755236)[0;0m 
Loading safetensors checkpoint shards: 100% Completed | 1/1 [00:01<00:00,  1.16s/it]
[1;36m(EngineCore_DP0 pid=2755236)[0;0m 
[1;36m(EngineCore_DP0 pid=2755236)[0;0m 
Capturing CUDA graphs (mixed prefill-decode, PIECEWISE):   0%|          | 0/35 [00:00<?, ?it/s]
Capturing CUDA graphs (mixed prefill-decode, PIECEWISE):   9%|▊         | 3/35 [00:00<00:01, 25.55it/s]
Capturing CUDA graphs (mixed prefill-decode, PIECEWISE):  17%|█▋        | 6/35 [00:00<00:01, 25.65it/s]
Capturing CUDA graphs (mixed prefill-decode, PIECEWISE):  26%|██▌       | 9/35 [00:00<00:00, 26.26it/s]
Capturing CUDA graphs (mixed prefill-decode, PIECEWISE):  34%|███▍      | 12/35 [00:00<00:00, 26.41it/s]
Capturing CUDA graphs (mixed prefill-decode, PIECEWISE):  43%|████▎     | 15/35 [00:00<00:00, 26.28it/s]
Capturing CUDA graphs (mixed prefill-decode, PIECEWISE):  51%|█████▏    | 18/35 [00:00<00:00, 25.24it/s]
Capturing CUDA graphs (mixed prefill-decode, PIECEWISE):  60%|██████    | 21/35 [00:00<00:00, 25.62it/s]
Capturing CUDA graphs (mixed prefill-decode, PIECEWISE):  69%|██████▊   | 24/35 [00:00<00:00, 26.01it/s]
Capturing CUDA graphs (mixed prefill-decode, PIECEWISE):  77%|███████▋  | 27/35 [00:01<00:00, 26.00it/s]
Capturing CUDA graphs (mixed prefill-decode, PIECEWISE):  86%|████████▌ | 30/35 [00:01<00:00, 23.50it/s]
Capturing CUDA graphs (mixed prefill-decode, PIECEWISE):  94%|█████████▍| 33/35 [00:01<00:00, 24.34it/s]
Capturing CUDA graphs (mixed prefill-decode, PIECEWISE): 100%|██████████| 35/35 [00:01<00:00, 25.30it/s]
[1;36m(EngineCore_DP0 pid=2755236)[0;0m 
Capturing CUDA graphs (decode, FULL):   0%|          | 0/19 [00:00<?, ?it/s]
Capturing CUDA graphs (decode, FULL):  16%|█▌        | 3/19 [00:00<00:00, 26.80it/s]
Capturing CUDA graphs (decode, FULL):  32%|███▏      | 6/19 [00:00<00:00, 26.26it/s]
Capturing CUDA graphs (decode, FULL):  47%|████▋     | 9/19 [00:00<00:00, 27.01it/s]
Capturing CUDA graphs (decode, FULL):  63%|██████▎   | 12/19 [00:00<00:00, 27.42it/s]
Capturing CUDA graphs (decode, FULL):  79%|███████▉  | 15/19 [00:00<00:00, 27.25it/s]
Capturing CUDA graphs (decode, FULL):  95%|█████████▍| 18/19 [00:00<00:00, 27.58it/s]
Capturing CUDA graphs (decode, FULL): 100%|██████████| 19/19 [00:00<00:00, 27.31it/s]
2026-05-06 05:57:11.240 | INFO     | mineru.backend.vlm.vlm_analyze:get_model:251 - get vllm-async-engine predictor cost: 56.52s
2026-05-06 05:57:11.279 | INFO     | mineru.backend.hybrid.hybrid_analyze:aio_doc_analyze:706 - Hybrid processing-window run. page_count=1, window_size=64, total_windows=1
2026-05-06 05:57:16.743 | INFO     | mineru.backend.hybrid.hybrid_analyze:aio_doc_analyze:727 - Hybrid processing window 1/1: pages 1-1/1 (1 pages)

Two Step Extraction:   0%|          | 0/1 [00:00<?, ?it/s]The image processor of type `Qwen2VLImageProcessor` is now loaded as a fast processor by default, even if the model checkpoint was saved with a slow processor. This is a breaking change and may produce slightly different outputs. To continue using the slow processor, instantiate this class with `use_fast=False`. Note that this behavior will be extended to all models in a future release.

Two Step Extraction: 100%|██████████| 1/1 [00:10<00:00, 10.17s/it]
Two Step Extraction: 100%|██████████| 1/1 [00:10<00:00, 10.17s/it]

Processing pages:   0%|          | 0/1 [00:00<?, ?it/s]
Processing pages: 100%|██████████| 1/1 [00:08<00:00,  8.75s/it]
Processing pages: 100%|██████████| 1/1 [00:08<00:00,  8.75s/it]
2026-05-06 05:57:36.480 | INFO     | mineru.cli.client:run_planned_task:807 - Completed batch 1/1 | Processed 1/1 page | 1 of 1 batch finished | task#1 [K040800021467620814-图纸-PT1-F05+V1.0]
INFO:     Shutting down
INFO:     Waiting for application shutdown.
INFO:     Application shutdown complete.
INFO:     Finished server process [2755109]

2026-05-06 05:58:00.444 | INFO     | mineru.cli.client:run_orchestrated_cli:874 - Started local mineru-api at http://127.0.0.1:43899
2026-05-06 05:58:04.668 | INFO     | __main__:create_app:260 - Request concurrency limited to 3
INFO:     Started server process [2755660]
INFO:     Waiting for application startup.
INFO:     Application startup complete.
INFO:     Uvicorn running on http://127.0.0.1:43899 (Press CTRL+C to quit)
2026-05-06 05:58:05.481 | INFO     | mineru.cli.client:run_planned_task:771 - Submitting batch 1/1 | 1 document, 1 page in this batch | 1 page total | task#1 [K040800021487620814-图纸-PT1-F07+V1.0(1)]
2026-05-06 05:58:10.157 | INFO     | mineru.utils.engine_utils:get_vlm_engine:34 - Using vllm-async-engine as the inference engine for VLM.
2026-05-06 05:58:21.224 | INFO     | mineru.backend.vlm.utils:enable_custom_logits_processors:56 - compute_capability: 8.0 >= 8.0 and vllm version: 0.11.2 >= 0.10.1, enable custom_logits_processors
[1;36m(EngineCore_DP0 pid=2755783)[0;0m The image processor of type `Qwen2VLImageProcessor` is now loaded as a fast processor by default, even if the model checkpoint was saved with a slow processor. This is a breaking change and may produce slightly different outputs. To continue using the slow processor, instantiate this class with `use_fast=False`. Note that this behavior will be extended to all models in a future release.
[1;36m(EngineCore_DP0 pid=2755783)[0;0m /home/s2025244189/miniconda3/envs/mineru/lib/python3.10/site-packages/tvm_ffi/_optional_torch_c_dlpack.py:181: UserWarning: Failed to JIT torch c dlpack extension, EnvTensorAllocator will not be enabled.
[1;36m(EngineCore_DP0 pid=2755783)[0;0m We recommend installing via `pip install torch-c-dlpack-ext`
[1;36m(EngineCore_DP0 pid=2755783)[0;0m   warnings.warn(
[1;36m(EngineCore_DP0 pid=2755783)[0;0m 
Loading safetensors checkpoint shards:   0% Completed | 0/1 [00:00<?, ?it/s]
[1;36m(EngineCore_DP0 pid=2755783)[0;0m 
Loading safetensors checkpoint shards: 100% Completed | 1/1 [00:01<00:00,  1.21s/it]
[1;36m(EngineCore_DP0 pid=2755783)[0;0m 
Loading safetensors checkpoint shards: 100% Completed | 1/1 [00:01<00:00,  1.21s/it]
[1;36m(EngineCore_DP0 pid=2755783)[0;0m 
[1;36m(EngineCore_DP0 pid=2755783)[0;0m 
Capturing CUDA graphs (mixed prefill-decode, PIECEWISE):   0%|          | 0/35 [00:00<?, ?it/s]
Capturing CUDA graphs (mixed prefill-decode, PIECEWISE):   9%|▊         | 3/35 [00:00<00:01, 26.09it/s]
Capturing CUDA graphs (mixed prefill-decode, PIECEWISE):  17%|█▋        | 6/35 [00:00<00:01, 25.77it/s]
Capturing CUDA graphs (mixed prefill-decode, PIECEWISE):  26%|██▌       | 9/35 [00:00<00:01, 25.45it/s]
Capturing CUDA graphs (mixed prefill-decode, PIECEWISE):  34%|███▍      | 12/35 [00:00<00:00, 25.73it/s]
Capturing CUDA graphs (mixed prefill-decode, PIECEWISE):  43%|████▎     | 15/35 [00:00<00:00, 26.44it/s]
Capturing CUDA graphs (mixed prefill-decode, PIECEWISE):  51%|█████▏    | 18/35 [00:00<00:00, 26.42it/s]
Capturing CUDA graphs (mixed prefill-decode, PIECEWISE):  60%|██████    | 21/35 [00:00<00:00, 26.70it/s]
Capturing CUDA graphs (mixed prefill-decode, PIECEWISE):  69%|██████▊   | 24/35 [00:00<00:00, 26.87it/s]
Capturing CUDA graphs (mixed prefill-decode, PIECEWISE):  77%|███████▋  | 27/35 [00:01<00:00, 26.65it/s]
Capturing CUDA graphs (mixed prefill-decode, PIECEWISE):  86%|████████▌ | 30/35 [00:01<00:00, 23.64it/s]
Capturing CUDA graphs (mixed prefill-decode, PIECEWISE):  94%|█████████▍| 33/35 [00:01<00:00, 24.13it/s]
Capturing CUDA graphs (mixed prefill-decode, PIECEWISE): 100%|██████████| 35/35 [00:01<00:00, 25.34it/s]
[1;36m(EngineCore_DP0 pid=2755783)[0;0m 
Capturing CUDA graphs (decode, FULL):   0%|          | 0/19 [00:00<?, ?it/s]
Capturing CUDA graphs (decode, FULL):  16%|█▌        | 3/19 [00:00<00:00, 26.49it/s]
Capturing CUDA graphs (decode, FULL):  32%|███▏      | 6/19 [00:00<00:00, 26.48it/s]
Capturing CUDA graphs (decode, FULL):  47%|████▋     | 9/19 [00:00<00:00, 25.66it/s]
Capturing CUDA graphs (decode, FULL):  63%|██████▎   | 12/19 [00:00<00:00, 25.95it/s]
Capturing CUDA graphs (decode, FULL):  79%|███████▉  | 15/19 [00:00<00:00, 25.83it/s]
Capturing CUDA graphs (decode, FULL):  95%|█████████▍| 18/19 [00:00<00:00, 26.51it/s]
Capturing CUDA graphs (decode, FULL): 100%|██████████| 19/19 [00:00<00:00, 26.46it/s]
2026-05-06 05:59:12.347 | INFO     | mineru.backend.vlm.vlm_analyze:get_model:251 - get vllm-async-engine predictor cost: 54.87s
2026-05-06 05:59:12.373 | INFO     | mineru.backend.hybrid.hybrid_analyze:aio_doc_analyze:706 - Hybrid processing-window run. page_count=1, window_size=64, total_windows=1
2026-05-06 05:59:18.990 | INFO     | mineru.backend.hybrid.hybrid_analyze:aio_doc_analyze:727 - Hybrid processing window 1/1: pages 1-1/1 (1 pages)

Two Step Extraction:   0%|          | 0/1 [00:00<?, ?it/s]The image processor of type `Qwen2VLImageProcessor` is now loaded as a fast processor by default, even if the model checkpoint was saved with a slow processor. This is a breaking change and may produce slightly different outputs. To continue using the slow processor, instantiate this class with `use_fast=False`. Note that this behavior will be extended to all models in a future release.

Two Step Extraction: 100%|██████████| 1/1 [00:07<00:00,  7.34s/it]
Two Step Extraction: 100%|██████████| 1/1 [00:07<00:00,  7.34s/it]

Processing pages:   0%|          | 0/1 [00:00<?, ?it/s]
Processing pages: 100%|██████████| 1/1 [00:07<00:00,  7.36s/it]
Processing pages: 100%|██████████| 1/1 [00:07<00:00,  7.36s/it]
2026-05-06 05:59:34.432 | INFO     | mineru.cli.client:run_planned_task:807 - Completed batch 1/1 | Processed 1/1 page | 1 of 1 batch finished | task#1 [K040800021487620814-图纸-PT1-F07+V1.0(1)]
INFO:     Shutting down
[rank0]:[W506 05:59:44.985686273 ProcessGroupNCCL.cpp:1524] Warning: WARNING: destroy_process_group() was not called before program exit, which can leak resources. For more info, please see https://pytorch.org/docs/stable/distributed.html#shutdown (function operator())
INFO:     Waiting for application shutdown.
INFO:     Application shutdown complete.
INFO:     Finished server process [2755660]

2026-05-06 05:59:57.786 | INFO     | mineru.cli.client:run_orchestrated_cli:874 - Started local mineru-api at http://127.0.0.1:44509
2026-05-06 06:00:02.101 | INFO     | __main__:create_app:260 - Request concurrency limited to 3
INFO:     Started server process [2756186]
INFO:     Waiting for application startup.
INFO:     Application startup complete.
INFO:     Uvicorn running on http://127.0.0.1:44509 (Press CTRL+C to quit)
2026-05-06 06:00:02.825 | INFO     | mineru.cli.client:run_planned_task:771 - Submitting batch 1/1 | 1 document, 1 page in this batch | 1 page total | task#1 [K040800021487620814-图纸-PT1-F07+V1.0]
2026-05-06 06:00:07.923 | INFO     | mineru.utils.engine_utils:get_vlm_engine:34 - Using vllm-async-engine as the inference engine for VLM.
2026-05-06 06:00:18.431 | INFO     | mineru.backend.vlm.utils:enable_custom_logits_processors:56 - compute_capability: 8.0 >= 8.0 and vllm version: 0.11.2 >= 0.10.1, enable custom_logits_processors
[1;36m(EngineCore_DP0 pid=2756408)[0;0m The image processor of type `Qwen2VLImageProcessor` is now loaded as a fast processor by default, even if the model checkpoint was saved with a slow processor. This is a breaking change and may produce slightly different outputs. To continue using the slow processor, instantiate this class with `use_fast=False`. Note that this behavior will be extended to all models in a future release.
[1;36m(EngineCore_DP0 pid=2756408)[0;0m /home/s2025244189/miniconda3/envs/mineru/lib/python3.10/site-packages/tvm_ffi/_optional_torch_c_dlpack.py:181: UserWarning: Failed to JIT torch c dlpack extension, EnvTensorAllocator will not be enabled.
[1;36m(EngineCore_DP0 pid=2756408)[0;0m We recommend installing via `pip install torch-c-dlpack-ext`
[1;36m(EngineCore_DP0 pid=2756408)[0;0m   warnings.warn(
[1;36m(EngineCore_DP0 pid=2756408)[0;0m 
Loading safetensors checkpoint shards:   0% Completed | 0/1 [00:00<?, ?it/s]
[1;36m(EngineCore_DP0 pid=2756408)[0;0m 
Loading safetensors checkpoint shards: 100% Completed | 1/1 [00:01<00:00,  1.45s/it]
[1;36m(EngineCore_DP0 pid=2756408)[0;0m 
Loading safetensors checkpoint shards: 100% Completed | 1/1 [00:01<00:00,  1.46s/it]
[1;36m(EngineCore_DP0 pid=2756408)[0;0m 
[1;36m(EngineCore_DP0 pid=2756408)[0;0m 
Capturing CUDA graphs (mixed prefill-decode, PIECEWISE):   0%|          | 0/35 [00:00<?, ?it/s]
Capturing CUDA graphs (mixed prefill-decode, PIECEWISE):   9%|▊         | 3/35 [00:00<00:01, 26.08it/s]
Capturing CUDA graphs (mixed prefill-decode, PIECEWISE):  17%|█▋        | 6/35 [00:00<00:01, 26.60it/s]
Capturing CUDA graphs (mixed prefill-decode, PIECEWISE):  26%|██▌       | 9/35 [00:00<00:00, 26.26it/s]
Capturing CUDA graphs (mixed prefill-decode, PIECEWISE):  34%|███▍      | 12/35 [00:00<00:00, 25.90it/s]
Capturing CUDA graphs (mixed prefill-decode, PIECEWISE):  43%|████▎     | 15/35 [00:00<00:00, 26.08it/s]
Capturing CUDA graphs (mixed prefill-decode, PIECEWISE):  51%|█████▏    | 18/35 [00:00<00:00, 26.34it/s]
Capturing CUDA graphs (mixed prefill-decode, PIECEWISE):  60%|██████    | 21/35 [00:00<00:00, 26.46it/s]
Capturing CUDA graphs (mixed prefill-decode, PIECEWISE):  69%|██████▊   | 24/35 [00:00<00:00, 26.44it/s]
Capturing CUDA graphs (mixed prefill-decode, PIECEWISE):  77%|███████▋  | 27/35 [00:01<00:00, 26.71it/s]
Capturing CUDA graphs (mixed prefill-decode, PIECEWISE):  86%|████████▌ | 30/35 [00:01<00:00, 24.00it/s]
Capturing CUDA graphs (mixed prefill-decode, PIECEWISE):  94%|█████████▍| 33/35 [00:01<00:00, 24.66it/s]
Capturing CUDA graphs (mixed prefill-decode, PIECEWISE): 100%|██████████| 35/35 [00:01<00:00, 25.72it/s]
[1;36m(EngineCore_DP0 pid=2756408)[0;0m 
Capturing CUDA graphs (decode, FULL):   0%|          | 0/19 [00:00<?, ?it/s]
Capturing CUDA graphs (decode, FULL):  16%|█▌        | 3/19 [00:00<00:00, 26.77it/s]
Capturing CUDA graphs (decode, FULL):  32%|███▏      | 6/19 [00:00<00:00, 25.94it/s]
Capturing CUDA graphs (decode, FULL):  47%|████▋     | 9/19 [00:00<00:00, 26.28it/s]
Capturing CUDA graphs (decode, FULL):  63%|██████▎   | 12/19 [00:00<00:00, 26.79it/s]
Capturing CUDA graphs (decode, FULL):  79%|███████▉  | 15/19 [00:00<00:00, 26.38it/s]
Capturing CUDA graphs (decode, FULL):  95%|█████████▍| 18/19 [00:00<00:00, 26.79it/s]
Capturing CUDA graphs (decode, FULL): 100%|██████████| 19/19 [00:00<00:00, 26.70it/s]
2026-05-06 06:01:15.246 | INFO     | mineru.backend.vlm.vlm_analyze:get_model:251 - get vllm-async-engine predictor cost: 60.11s
2026-05-06 06:01:15.270 | INFO     | mineru.backend.hybrid.hybrid_analyze:aio_doc_analyze:706 - Hybrid processing-window run. page_count=1, window_size=64, total_windows=1
2026-05-06 06:01:20.299 | INFO     | mineru.backend.hybrid.hybrid_analyze:aio_doc_analyze:727 - Hybrid processing window 1/1: pages 1-1/1 (1 pages)

Two Step Extraction:   0%|          | 0/1 [00:00<?, ?it/s]The image processor of type `Qwen2VLImageProcessor` is now loaded as a fast processor by default, even if the model checkpoint was saved with a slow processor. This is a breaking change and may produce slightly different outputs. To continue using the slow processor, instantiate this class with `use_fast=False`. Note that this behavior will be extended to all models in a future release.

Two Step Extraction: 100%|██████████| 1/1 [00:06<00:00,  6.96s/it]
Two Step Extraction: 100%|██████████| 1/1 [00:06<00:00,  6.96s/it]

Processing pages:   0%|          | 0/1 [00:00<?, ?it/s]
Processing pages: 100%|██████████| 1/1 [00:07<00:00,  7.64s/it]
Processing pages: 100%|██████████| 1/1 [00:07<00:00,  7.64s/it]
2026-05-06 06:01:35.633 | INFO     | mineru.cli.client:run_planned_task:807 - Completed batch 1/1 | Processed 1/1 page | 1 of 1 batch finished | task#1 [K040800021487620814-图纸-PT1-F07+V1.0]
INFO:     Shutting down
[rank0]:[W506 06:01:45.178236621 ProcessGroupNCCL.cpp:1524] Warning: WARNING: destroy_process_group() was not called before program exit, which can leak resources. For more info, please see https://pytorch.org/docs/stable/distributed.html#shutdown (function operator())
INFO:     Waiting for application shutdown.
INFO:     Application shutdown complete.
INFO:     Finished server process [2756186]

2026-05-06 06:01:57.377 | INFO     | mineru.cli.client:run_orchestrated_cli:874 - Started local mineru-api at http://127.0.0.1:35857
2026-05-06 06:02:00.684 | INFO     | __main__:create_app:260 - Request concurrency limited to 3
INFO:     Started server process [2756836]
INFO:     Waiting for application startup.
INFO:     Application startup complete.
INFO:     Uvicorn running on http://127.0.0.1:35857 (Press CTRL+C to quit)
2026-05-06 06:02:01.450 | INFO     | mineru.cli.client:run_planned_task:771 - Submitting batch 1/1 | 1 document, 1 page in this batch | 1 page total | task#1 [K040800025021030093-图纸-PT9L-F02+V1.0(1)]
2026-05-06 06:02:04.596 | INFO     | mineru.utils.engine_utils:get_vlm_engine:34 - Using vllm-async-engine as the inference engine for VLM.
2026-05-06 06:02:12.058 | INFO     | mineru.backend.vlm.utils:enable_custom_logits_processors:56 - compute_capability: 8.0 >= 8.0 and vllm version: 0.11.2 >= 0.10.1, enable custom_logits_processors
[1;36m(EngineCore_DP0 pid=2756944)[0;0m The image processor of type `Qwen2VLImageProcessor` is now loaded as a fast processor by default, even if the model checkpoint was saved with a slow processor. This is a breaking change and may produce slightly different outputs. To continue using the slow processor, instantiate this class with `use_fast=False`. Note that this behavior will be extended to all models in a future release.
[1;36m(EngineCore_DP0 pid=2756944)[0;0m /home/s2025244189/miniconda3/envs/mineru/lib/python3.10/site-packages/tvm_ffi/_optional_torch_c_dlpack.py:181: UserWarning: Failed to JIT torch c dlpack extension, EnvTensorAllocator will not be enabled.
[1;36m(EngineCore_DP0 pid=2756944)[0;0m We recommend installing via `pip install torch-c-dlpack-ext`
[1;36m(EngineCore_DP0 pid=2756944)[0;0m   warnings.warn(
[1;36m(EngineCore_DP0 pid=2756944)[0;0m 
Loading safetensors checkpoint shards:   0% Completed | 0/1 [00:00<?, ?it/s]
[1;36m(EngineCore_DP0 pid=2756944)[0;0m 
Loading safetensors checkpoint shards: 100% Completed | 1/1 [00:01<00:00,  1.36s/it]
[1;36m(EngineCore_DP0 pid=2756944)[0;0m 
Loading safetensors checkpoint shards: 100% Completed | 1/1 [00:01<00:00,  1.36s/it]
[1;36m(EngineCore_DP0 pid=2756944)[0;0m 
[1;36m(EngineCore_DP0 pid=2756944)[0;0m 
Capturing CUDA graphs (mixed prefill-decode, PIECEWISE):   0%|          | 0/35 [00:00<?, ?it/s]
Capturing CUDA graphs (mixed prefill-decode, PIECEWISE):   9%|▊         | 3/35 [00:00<00:01, 26.02it/s]
Capturing CUDA graphs (mixed prefill-decode, PIECEWISE):  17%|█▋        | 6/35 [00:00<00:01, 26.55it/s]
Capturing CUDA graphs (mixed prefill-decode, PIECEWISE):  26%|██▌       | 9/35 [00:00<00:00, 26.80it/s]
Capturing CUDA graphs (mixed prefill-decode, PIECEWISE):  34%|███▍      | 12/35 [00:00<00:00, 26.48it/s]
Capturing CUDA graphs (mixed prefill-decode, PIECEWISE):  43%|████▎     | 15/35 [00:00<00:00, 25.75it/s]
Capturing CUDA graphs (mixed prefill-decode, PIECEWISE):  51%|█████▏    | 18/35 [00:00<00:00, 25.85it/s]
Capturing CUDA graphs (mixed prefill-decode, PIECEWISE):  60%|██████    | 21/35 [00:00<00:00, 26.02it/s]
Capturing CUDA graphs (mixed prefill-decode, PIECEWISE):  69%|██████▊   | 24/35 [00:00<00:00, 25.74it/s]
Capturing CUDA graphs (mixed prefill-decode, PIECEWISE):  77%|███████▋  | 27/35 [00:01<00:00, 25.95it/s]
Capturing CUDA graphs (mixed prefill-decode, PIECEWISE):  86%|████████▌ | 30/35 [00:01<00:00, 23.20it/s]
Capturing CUDA graphs (mixed prefill-decode, PIECEWISE):  94%|█████████▍| 33/35 [00:01<00:00, 23.99it/s]
Capturing CUDA graphs (mixed prefill-decode, PIECEWISE): 100%|██████████| 35/35 [00:01<00:00, 25.23it/s]
[1;36m(EngineCore_DP0 pid=2756944)[0;0m 
Capturing CUDA graphs (decode, FULL):   0%|          | 0/19 [00:00<?, ?it/s]
Capturing CUDA graphs (decode, FULL):  16%|█▌        | 3/19 [00:00<00:00, 24.29it/s]
Capturing CUDA graphs (decode, FULL):  32%|███▏      | 6/19 [00:00<00:00, 25.63it/s]
Capturing CUDA graphs (decode, FULL):  47%|████▋     | 9/19 [00:00<00:00, 25.68it/s]
Capturing CUDA graphs (decode, FULL):  63%|██████▎   | 12/19 [00:00<00:00, 26.15it/s]
Capturing CUDA graphs (decode, FULL):  79%|███████▉  | 15/19 [00:00<00:00, 25.92it/s]
Capturing CUDA graphs (decode, FULL):  95%|█████████▍| 18/19 [00:00<00:00, 26.69it/s]
Capturing CUDA graphs (decode, FULL): 100%|██████████| 19/19 [00:00<00:00, 26.31it/s]
2026-05-06 06:03:01.777 | INFO     | mineru.backend.vlm.vlm_analyze:get_model:251 - get vllm-async-engine predictor cost: 52.51s
2026-05-06 06:03:01.816 | INFO     | mineru.backend.hybrid.hybrid_analyze:aio_doc_analyze:706 - Hybrid processing-window run. page_count=1, window_size=64, total_windows=1
2026-05-06 06:03:06.368 | INFO     | mineru.backend.hybrid.hybrid_analyze:aio_doc_analyze:727 - Hybrid processing window 1/1: pages 1-1/1 (1 pages)

Two Step Extraction:   0%|          | 0/1 [00:00<?, ?it/s]The image processor of type `Qwen2VLImageProcessor` is now loaded as a fast processor by default, even if the model checkpoint was saved with a slow processor. This is a breaking change and may produce slightly different outputs. To continue using the slow processor, instantiate this class with `use_fast=False`. Note that this behavior will be extended to all models in a future release.

Two Step Extraction: 100%|██████████| 1/1 [00:09<00:00,  9.24s/it]
Two Step Extraction: 100%|██████████| 1/1 [00:09<00:00,  9.24s/it]

Processing pages:   0%|          | 0/1 [00:00<?, ?it/s]
Processing pages: 100%|██████████| 1/1 [00:06<00:00,  6.81s/it]
Processing pages: 100%|██████████| 1/1 [00:06<00:00,  6.81s/it]
2026-05-06 06:03:23.168 | INFO     | mineru.cli.client:run_planned_task:807 - Completed batch 1/1 | Processed 1/1 page | 1 of 1 batch finished | task#1 [K040800025021030093-图纸-PT9L-F02+V1.0(1)]
INFO:     Shutting down
INFO:     Waiting for application shutdown.
INFO:     Application shutdown complete.
INFO:     Finished server process [2756836]

2026-05-06 06:03:45.539 | INFO     | mineru.cli.client:run_orchestrated_cli:874 - Started local mineru-api at http://127.0.0.1:45909
2026-05-06 06:03:49.216 | INFO     | __main__:create_app:260 - Request concurrency limited to 3
INFO:     Started server process [2757357]
INFO:     Waiting for application startup.
INFO:     Application startup complete.
INFO:     Uvicorn running on http://127.0.0.1:45909 (Press CTRL+C to quit)
2026-05-06 06:03:49.574 | INFO     | mineru.cli.client:run_planned_task:771 - Submitting batch 1/1 | 1 document, 1 page in this batch | 1 page total | task#1 [K040800025021030093-图纸-PT9L-F02+V1.0]
2026-05-06 06:03:53.480 | INFO     | mineru.utils.engine_utils:get_vlm_engine:34 - Using vllm-async-engine as the inference engine for VLM.
2026-05-06 06:04:02.209 | INFO     | mineru.backend.vlm.utils:enable_custom_logits_processors:56 - compute_capability: 8.0 >= 8.0 and vllm version: 0.11.2 >= 0.10.1, enable custom_logits_processors
[1;36m(EngineCore_DP0 pid=2757483)[0;0m The image processor of type `Qwen2VLImageProcessor` is now loaded as a fast processor by default, even if the model checkpoint was saved with a slow processor. This is a breaking change and may produce slightly different outputs. To continue using the slow processor, instantiate this class with `use_fast=False`. Note that this behavior will be extended to all models in a future release.
[1;36m(EngineCore_DP0 pid=2757483)[0;0m /home/s2025244189/miniconda3/envs/mineru/lib/python3.10/site-packages/tvm_ffi/_optional_torch_c_dlpack.py:181: UserWarning: Failed to JIT torch c dlpack extension, EnvTensorAllocator will not be enabled.
[1;36m(EngineCore_DP0 pid=2757483)[0;0m We recommend installing via `pip install torch-c-dlpack-ext`
[1;36m(EngineCore_DP0 pid=2757483)[0;0m   warnings.warn(
[1;36m(EngineCore_DP0 pid=2757483)[0;0m 
Loading safetensors checkpoint shards:   0% Completed | 0/1 [00:00<?, ?it/s]
[1;36m(EngineCore_DP0 pid=2757483)[0;0m 
Loading safetensors checkpoint shards: 100% Completed | 1/1 [00:01<00:00,  1.30s/it]
[1;36m(EngineCore_DP0 pid=2757483)[0;0m 
Loading safetensors checkpoint shards: 100% Completed | 1/1 [00:01<00:00,  1.30s/it]
[1;36m(EngineCore_DP0 pid=2757483)[0;0m 
[1;36m(EngineCore_DP0 pid=2757483)[0;0m 
Capturing CUDA graphs (mixed prefill-decode, PIECEWISE):   0%|          | 0/35 [00:00<?, ?it/s]
Capturing CUDA graphs (mixed prefill-decode, PIECEWISE):   9%|▊         | 3/35 [00:00<00:01, 22.37it/s]
Capturing CUDA graphs (mixed prefill-decode, PIECEWISE):  17%|█▋        | 6/35 [00:00<00:01, 23.10it/s]
Capturing CUDA graphs (mixed prefill-decode, PIECEWISE):  26%|██▌       | 9/35 [00:00<00:01, 23.55it/s]
Capturing CUDA graphs (mixed prefill-decode, PIECEWISE):  34%|███▍      | 12/35 [00:00<00:00, 23.64it/s]
Capturing CUDA graphs (mixed prefill-decode, PIECEWISE):  43%|████▎     | 15/35 [00:00<00:00, 24.85it/s]
Capturing CUDA graphs (mixed prefill-decode, PIECEWISE):  51%|█████▏    | 18/35 [00:00<00:00, 25.21it/s]
Capturing CUDA graphs (mixed prefill-decode, PIECEWISE):  60%|██████    | 21/35 [00:00<00:00, 25.64it/s]
Capturing CUDA graphs (mixed prefill-decode, PIECEWISE):  69%|██████▊   | 24/35 [00:00<00:00, 26.09it/s]
Capturing CUDA graphs (mixed prefill-decode, PIECEWISE):  77%|███████▋  | 27/35 [00:01<00:00, 26.13it/s]
Capturing CUDA graphs (mixed prefill-decode, PIECEWISE):  86%|████████▌ | 30/35 [00:01<00:00, 23.66it/s]
Capturing CUDA graphs (mixed prefill-decode, PIECEWISE):  94%|█████████▍| 33/35 [00:01<00:00, 24.43it/s]
Capturing CUDA graphs (mixed prefill-decode, PIECEWISE): 100%|██████████| 35/35 [00:01<00:00, 24.54it/s]
[1;36m(EngineCore_DP0 pid=2757483)[0;0m 
Capturing CUDA graphs (decode, FULL):   0%|          | 0/19 [00:00<?, ?it/s]
Capturing CUDA graphs (decode, FULL):  16%|█▌        | 3/19 [00:00<00:00, 25.19it/s]
Capturing CUDA graphs (decode, FULL):  32%|███▏      | 6/19 [00:00<00:00, 24.37it/s]
Capturing CUDA graphs (decode, FULL):  47%|████▋     | 9/19 [00:00<00:00, 24.74it/s]
Capturing CUDA graphs (decode, FULL):  63%|██████▎   | 12/19 [00:00<00:00, 25.28it/s]
Capturing CUDA graphs (decode, FULL):  79%|███████▉  | 15/19 [00:00<00:00, 24.80it/s]
Capturing CUDA graphs (decode, FULL):  95%|█████████▍| 18/19 [00:00<00:00, 24.89it/s]
Capturing CUDA graphs (decode, FULL): 100%|██████████| 19/19 [00:00<00:00, 24.95it/s]
2026-05-06 06:04:55.820 | INFO     | mineru.backend.vlm.vlm_analyze:get_model:251 - get vllm-async-engine predictor cost: 56.8s
2026-05-06 06:04:55.861 | INFO     | mineru.backend.hybrid.hybrid_analyze:aio_doc_analyze:706 - Hybrid processing-window run. page_count=1, window_size=64, total_windows=1
2026-05-06 06:05:01.618 | INFO     | mineru.backend.hybrid.hybrid_analyze:aio_doc_analyze:727 - Hybrid processing window 1/1: pages 1-1/1 (1 pages)

Two Step Extraction:   0%|          | 0/1 [00:00<?, ?it/s]The image processor of type `Qwen2VLImageProcessor` is now loaded as a fast processor by default, even if the model checkpoint was saved with a slow processor. This is a breaking change and may produce slightly different outputs. To continue using the slow processor, instantiate this class with `use_fast=False`. Note that this behavior will be extended to all models in a future release.

Two Step Extraction: 100%|██████████| 1/1 [00:09<00:00,  9.84s/it]
Two Step Extraction: 100%|██████████| 1/1 [00:09<00:00,  9.84s/it]

Processing pages:   0%|          | 0/1 [00:00<?, ?it/s]
Processing pages: 100%|██████████| 1/1 [00:07<00:00,  7.86s/it]
Processing pages: 100%|██████████| 1/1 [00:07<00:00,  7.86s/it]
2026-05-06 06:05:20.130 | INFO     | mineru.cli.client:run_planned_task:807 - Completed batch 1/1 | Processed 1/1 page | 1 of 1 batch finished | task#1 [K040800025021030093-图纸-PT9L-F02+V1.0]
INFO:     Shutting down
INFO:     Waiting for application shutdown.
INFO:     Application shutdown complete.
INFO:     Finished server process [2757357]

2026-05-06 06:05:43.590 | INFO     | mineru.cli.client:run_orchestrated_cli:874 - Started local mineru-api at http://127.0.0.1:57469
2026-05-06 06:05:47.411 | INFO     | __main__:create_app:260 - Request concurrency limited to 3
INFO:     Started server process [2757964]
INFO:     Waiting for application startup.
INFO:     Application startup complete.
INFO:     Uvicorn running on http://127.0.0.1:57469 (Press CTRL+C to quit)
2026-05-06 06:05:47.624 | INFO     | mineru.cli.client:run_planned_task:771 - Submitting batch 1/1 | 1 document, 1 page in this batch | 1 page total | task#1 [K040800025031030093-图纸-PT9L-F03+V1.0(1)]
2026-05-06 06:05:52.192 | INFO     | mineru.utils.engine_utils:get_vlm_engine:34 - Using vllm-async-engine as the inference engine for VLM.
2026-05-06 06:06:02.534 | INFO     | mineru.backend.vlm.utils:enable_custom_logits_processors:56 - compute_capability: 8.0 >= 8.0 and vllm version: 0.11.2 >= 0.10.1, enable custom_logits_processors
[1;36m(EngineCore_DP0 pid=2758126)[0;0m The image processor of type `Qwen2VLImageProcessor` is now loaded as a fast processor by default, even if the model checkpoint was saved with a slow processor. This is a breaking change and may produce slightly different outputs. To continue using the slow processor, instantiate this class with `use_fast=False`. Note that this behavior will be extended to all models in a future release.
[1;36m(EngineCore_DP0 pid=2758126)[0;0m /home/s2025244189/miniconda3/envs/mineru/lib/python3.10/site-packages/tvm_ffi/_optional_torch_c_dlpack.py:181: UserWarning: Failed to JIT torch c dlpack extension, EnvTensorAllocator will not be enabled.
[1;36m(EngineCore_DP0 pid=2758126)[0;0m We recommend installing via `pip install torch-c-dlpack-ext`
[1;36m(EngineCore_DP0 pid=2758126)[0;0m   warnings.warn(
[1;36m(EngineCore_DP0 pid=2758126)[0;0m 
Loading safetensors checkpoint shards:   0% Completed | 0/1 [00:00<?, ?it/s]
[1;36m(EngineCore_DP0 pid=2758126)[0;0m 
Loading safetensors checkpoint shards: 100% Completed | 1/1 [00:01<00:00,  1.21s/it]
[1;36m(EngineCore_DP0 pid=2758126)[0;0m 
Loading safetensors checkpoint shards: 100% Completed | 1/1 [00:01<00:00,  1.21s/it]
[1;36m(EngineCore_DP0 pid=2758126)[0;0m 
[1;36m(EngineCore_DP0 pid=2758126)[0;0m 
Capturing CUDA graphs (mixed prefill-decode, PIECEWISE):   0%|          | 0/35 [00:00<?, ?it/s]
Capturing CUDA graphs (mixed prefill-decode, PIECEWISE):   9%|▊         | 3/35 [00:00<00:01, 24.38it/s]
Capturing CUDA graphs (mixed prefill-decode, PIECEWISE):  17%|█▋        | 6/35 [00:00<00:01, 24.13it/s]
Capturing CUDA graphs (mixed prefill-decode, PIECEWISE):  26%|██▌       | 9/35 [00:00<00:01, 25.66it/s]
Capturing CUDA graphs (mixed prefill-decode, PIECEWISE):  34%|███▍      | 12/35 [00:00<00:00, 26.18it/s]
Capturing CUDA graphs (mixed prefill-decode, PIECEWISE):  43%|████▎     | 15/35 [00:00<00:00, 25.49it/s]
Capturing CUDA graphs (mixed prefill-decode, PIECEWISE):  51%|█████▏    | 18/35 [00:00<00:00, 24.76it/s]
Capturing CUDA graphs (mixed prefill-decode, PIECEWISE):  60%|██████    | 21/35 [00:00<00:00, 25.22it/s]
Capturing CUDA graphs (mixed prefill-decode, PIECEWISE):  69%|██████▊   | 24/35 [00:00<00:00, 25.63it/s]
Capturing CUDA graphs (mixed prefill-decode, PIECEWISE):  77%|███████▋  | 27/35 [00:01<00:00, 25.82it/s]
Capturing CUDA graphs (mixed prefill-decode, PIECEWISE):  86%|████████▌ | 30/35 [00:01<00:00, 22.86it/s]
Capturing CUDA graphs (mixed prefill-decode, PIECEWISE):  94%|█████████▍| 33/35 [00:01<00:00, 22.07it/s]
Capturing CUDA graphs (mixed prefill-decode, PIECEWISE): 100%|██████████| 35/35 [00:01<00:00, 24.21it/s]
[1;36m(EngineCore_DP0 pid=2758126)[0;0m 
Capturing CUDA graphs (decode, FULL):   0%|          | 0/19 [00:00<?, ?it/s]
Capturing CUDA graphs (decode, FULL):  16%|█▌        | 3/19 [00:00<00:00, 26.50it/s]
Capturing CUDA graphs (decode, FULL):  32%|███▏      | 6/19 [00:00<00:00, 27.34it/s]
Capturing CUDA graphs (decode, FULL):  47%|████▋     | 9/19 [00:00<00:00, 27.77it/s]
Capturing CUDA graphs (decode, FULL):  63%|██████▎   | 12/19 [00:00<00:00, 27.02it/s]
Capturing CUDA graphs (decode, FULL):  79%|███████▉  | 15/19 [00:00<00:00, 26.36it/s]
Capturing CUDA graphs (decode, FULL):  95%|█████████▍| 18/19 [00:00<00:00, 26.56it/s]
Capturing CUDA graphs (decode, FULL): 100%|██████████| 19/19 [00:00<00:00, 26.93it/s]
2026-05-06 06:06:53.521 | INFO     | mineru.backend.vlm.vlm_analyze:get_model:251 - get vllm-async-engine predictor cost: 54.34s
2026-05-06 06:06:53.561 | INFO     | mineru.backend.hybrid.hybrid_analyze:aio_doc_analyze:706 - Hybrid processing-window run. page_count=1, window_size=64, total_windows=1
2026-05-06 06:06:57.875 | INFO     | mineru.backend.hybrid.hybrid_analyze:aio_doc_analyze:727 - Hybrid processing window 1/1: pages 1-1/1 (1 pages)

Two Step Extraction:   0%|          | 0/1 [00:00<?, ?it/s]The image processor of type `Qwen2VLImageProcessor` is now loaded as a fast processor by default, even if the model checkpoint was saved with a slow processor. This is a breaking change and may produce slightly different outputs. To continue using the slow processor, instantiate this class with `use_fast=False`. Note that this behavior will be extended to all models in a future release.

Two Step Extraction: 100%|██████████| 1/1 [00:10<00:00, 10.39s/it]
Two Step Extraction: 100%|██████████| 1/1 [00:10<00:00, 10.39s/it]

Processing pages:   0%|          | 0/1 [00:00<?, ?it/s]
Processing pages: 100%|██████████| 1/1 [00:00<00:00, 17.69it/s]
2026-05-06 06:07:09.023 | INFO     | mineru.cli.client:run_planned_task:807 - Completed batch 1/1 | Processed 1/1 page | 1 of 1 batch finished | task#1 [K040800025031030093-图纸-PT9L-F03+V1.0(1)]
INFO:     Shutting down
INFO:     Waiting for application shutdown.
[rank0]:[W506 06:07:19.589071236 ProcessGroupNCCL.cpp:1524] Warning: WARNING: destroy_process_group() was not called before program exit, which can leak resources. For more info, please see https://pytorch.org/docs/stable/distributed.html#shutdown (function operator())
INFO:     Application shutdown complete.
INFO:     Finished server process [2757964]

2026-05-06 06:07:30.035 | INFO     | mineru.cli.client:run_orchestrated_cli:874 - Started local mineru-api at http://127.0.0.1:58295
2026-05-06 06:07:33.803 | INFO     | __main__:create_app:260 - Request concurrency limited to 3
INFO:     Started server process [2758504]
INFO:     Waiting for application startup.
INFO:     Application startup complete.
INFO:     Uvicorn running on http://127.0.0.1:58295 (Press CTRL+C to quit)
2026-05-06 06:07:34.069 | INFO     | mineru.cli.client:run_planned_task:771 - Submitting batch 1/1 | 1 document, 1 page in this batch | 1 page total | task#1 [K040800025031030093-图纸-PT9L-F03+V1.0]
2026-05-06 06:07:37.264 | INFO     | mineru.utils.engine_utils:get_vlm_engine:34 - Using vllm-async-engine as the inference engine for VLM.
2026-05-06 06:07:43.941 | INFO     | mineru.backend.vlm.utils:enable_custom_logits_processors:56 - compute_capability: 8.0 >= 8.0 and vllm version: 0.11.2 >= 0.10.1, enable custom_logits_processors
[1;36m(EngineCore_DP0 pid=2758628)[0;0m The image processor of type `Qwen2VLImageProcessor` is now loaded as a fast processor by default, even if the model checkpoint was saved with a slow processor. This is a breaking change and may produce slightly different outputs. To continue using the slow processor, instantiate this class with `use_fast=False`. Note that this behavior will be extended to all models in a future release.
[1;36m(EngineCore_DP0 pid=2758628)[0;0m /home/s2025244189/miniconda3/envs/mineru/lib/python3.10/site-packages/tvm_ffi/_optional_torch_c_dlpack.py:181: UserWarning: Failed to JIT torch c dlpack extension, EnvTensorAllocator will not be enabled.
[1;36m(EngineCore_DP0 pid=2758628)[0;0m We recommend installing via `pip install torch-c-dlpack-ext`
[1;36m(EngineCore_DP0 pid=2758628)[0;0m   warnings.warn(
[1;36m(EngineCore_DP0 pid=2758628)[0;0m 
Loading safetensors checkpoint shards:   0% Completed | 0/1 [00:00<?, ?it/s]
[1;36m(EngineCore_DP0 pid=2758628)[0;0m 
Loading safetensors checkpoint shards: 100% Completed | 1/1 [00:01<00:00,  1.19s/it]
[1;36m(EngineCore_DP0 pid=2758628)[0;0m 
Loading safetensors checkpoint shards: 100% Completed | 1/1 [00:01<00:00,  1.19s/it]
[1;36m(EngineCore_DP0 pid=2758628)[0;0m 
[1;36m(EngineCore_DP0 pid=2758628)[0;0m 
Capturing CUDA graphs (mixed prefill-decode, PIECEWISE):   0%|          | 0/35 [00:00<?, ?it/s]
Capturing CUDA graphs (mixed prefill-decode, PIECEWISE):   9%|▊         | 3/35 [00:00<00:01, 24.91it/s]
Capturing CUDA graphs (mixed prefill-decode, PIECEWISE):  17%|█▋        | 6/35 [00:00<00:01, 25.31it/s]
Capturing CUDA graphs (mixed prefill-decode, PIECEWISE):  26%|██▌       | 9/35 [00:00<00:01, 25.30it/s]
Capturing CUDA graphs (mixed prefill-decode, PIECEWISE):  34%|███▍      | 12/35 [00:00<00:00, 25.55it/s]
Capturing CUDA graphs (mixed prefill-decode, PIECEWISE):  43%|████▎     | 15/35 [00:00<00:00, 25.62it/s]
Capturing CUDA graphs (mixed prefill-decode, PIECEWISE):  51%|█████▏    | 18/35 [00:00<00:00, 25.34it/s]
Capturing CUDA graphs (mixed prefill-decode, PIECEWISE):  60%|██████    | 21/35 [00:00<00:00, 25.39it/s]
Capturing CUDA graphs (mixed prefill-decode, PIECEWISE):  69%|██████▊   | 24/35 [00:00<00:00, 24.37it/s]
Capturing CUDA graphs (mixed prefill-decode, PIECEWISE):  77%|███████▋  | 27/35 [00:01<00:00, 24.49it/s]
Capturing CUDA graphs (mixed prefill-decode, PIECEWISE):  86%|████████▌ | 30/35 [00:01<00:00, 21.40it/s]
Capturing CUDA graphs (mixed prefill-decode, PIECEWISE):  94%|█████████▍| 33/35 [00:01<00:00, 22.04it/s]
Capturing CUDA graphs (mixed prefill-decode, PIECEWISE): 100%|██████████| 35/35 [00:01<00:00, 23.79it/s]
[1;36m(EngineCore_DP0 pid=2758628)[0;0m 
Capturing CUDA graphs (decode, FULL):   0%|          | 0/19 [00:00<?, ?it/s]
Capturing CUDA graphs (decode, FULL):  16%|█▌        | 3/19 [00:00<00:00, 23.59it/s]
Capturing CUDA graphs (decode, FULL):  32%|███▏      | 6/19 [00:00<00:00, 24.19it/s]
Capturing CUDA graphs (decode, FULL):  47%|████▋     | 9/19 [00:00<00:00, 25.07it/s]
Capturing CUDA graphs (decode, FULL):  63%|██████▎   | 12/19 [00:00<00:00, 25.19it/s]
Capturing CUDA graphs (decode, FULL):  79%|███████▉  | 15/19 [00:00<00:00, 23.84it/s]
Capturing CUDA graphs (decode, FULL):  95%|█████████▍| 18/19 [00:00<00:00, 24.02it/s]
Capturing CUDA graphs (decode, FULL): 100%|██████████| 19/19 [00:00<00:00, 24.35it/s]
2026-05-06 06:08:33.027 | INFO     | mineru.backend.vlm.vlm_analyze:get_model:251 - get vllm-async-engine predictor cost: 51.59s
2026-05-06 06:08:33.067 | INFO     | mineru.backend.hybrid.hybrid_analyze:aio_doc_analyze:706 - Hybrid processing-window run. page_count=1, window_size=64, total_windows=1
2026-05-06 06:08:37.656 | INFO     | mineru.backend.hybrid.hybrid_analyze:aio_doc_analyze:727 - Hybrid processing window 1/1: pages 1-1/1 (1 pages)

Two Step Extraction:   0%|          | 0/1 [00:00<?, ?it/s]The image processor of type `Qwen2VLImageProcessor` is now loaded as a fast processor by default, even if the model checkpoint was saved with a slow processor. This is a breaking change and may produce slightly different outputs. To continue using the slow processor, instantiate this class with `use_fast=False`. Note that this behavior will be extended to all models in a future release.

Two Step Extraction: 100%|██████████| 1/1 [00:09<00:00,  9.04s/it]
Two Step Extraction: 100%|██████████| 1/1 [00:09<00:00,  9.04s/it]

Processing pages:   0%|          | 0/1 [00:00<?, ?it/s]
Processing pages: 100%|██████████| 1/1 [00:00<00:00, 17.47it/s]
2026-05-06 06:08:47.453 | INFO     | mineru.cli.client:run_planned_task:807 - Completed batch 1/1 | Processed 1/1 page | 1 of 1 batch finished | task#1 [K040800025031030093-图纸-PT9L-F03+V1.0]
INFO:     Shutting down
[rank0]:[W506 06:08:57.999382341 ProcessGroupNCCL.cpp:1524] Warning: WARNING: destroy_process_group() was not called before program exit, which can leak resources. For more info, please see https://pytorch.org/docs/stable/distributed.html#shutdown (function operator())
INFO:     Waiting for application shutdown.
INFO:     Application shutdown complete.
INFO:     Finished server process [2758504]

2026-05-06 06:09:07.939 | INFO     | mineru.cli.client:run_orchestrated_cli:874 - Started local mineru-api at http://127.0.0.1:47645
2026-05-06 06:09:11.703 | INFO     | __main__:create_app:260 - Request concurrency limited to 3
INFO:     Started server process [2759022]
INFO:     Waiting for application startup.
INFO:     Application startup complete.
INFO:     Uvicorn running on http://127.0.0.1:47645 (Press CTRL+C to quit)
2026-05-06 06:09:11.972 | INFO     | mineru.cli.client:run_planned_task:771 - Submitting batch 1/1 | 1 document, 1 page in this batch | 1 page total | task#1 [KF-931D-F01]
2026-05-06 06:09:16.183 | INFO     | mineru.utils.engine_utils:get_vlm_engine:34 - Using vllm-async-engine as the inference engine for VLM.
2026-05-06 06:09:23.863 | INFO     | mineru.backend.vlm.utils:enable_custom_logits_processors:56 - compute_capability: 8.0 >= 8.0 and vllm version: 0.11.2 >= 0.10.1, enable custom_logits_processors
[1;36m(EngineCore_DP0 pid=2759146)[0;0m The image processor of type `Qwen2VLImageProcessor` is now loaded as a fast processor by default, even if the model checkpoint was saved with a slow processor. This is a breaking change and may produce slightly different outputs. To continue using the slow processor, instantiate this class with `use_fast=False`. Note that this behavior will be extended to all models in a future release.
[1;36m(EngineCore_DP0 pid=2759146)[0;0m /home/s2025244189/miniconda3/envs/mineru/lib/python3.10/site-packages/tvm_ffi/_optional_torch_c_dlpack.py:181: UserWarning: Failed to JIT torch c dlpack extension, EnvTensorAllocator will not be enabled.
[1;36m(EngineCore_DP0 pid=2759146)[0;0m We recommend installing via `pip install torch-c-dlpack-ext`
[1;36m(EngineCore_DP0 pid=2759146)[0;0m   warnings.warn(
[1;36m(EngineCore_DP0 pid=2759146)[0;0m 
Loading safetensors checkpoint shards:   0% Completed | 0/1 [00:00<?, ?it/s]
[1;36m(EngineCore_DP0 pid=2759146)[0;0m 
Loading safetensors checkpoint shards: 100% Completed | 1/1 [00:01<00:00,  1.19s/it]
[1;36m(EngineCore_DP0 pid=2759146)[0;0m 
Loading safetensors checkpoint shards: 100% Completed | 1/1 [00:01<00:00,  1.19s/it]
[1;36m(EngineCore_DP0 pid=2759146)[0;0m 
[1;36m(EngineCore_DP0 pid=2759146)[0;0m 
Capturing CUDA graphs (mixed prefill-decode, PIECEWISE):   0%|          | 0/35 [00:00<?, ?it/s]
Capturing CUDA graphs (mixed prefill-decode, PIECEWISE):   9%|▊         | 3/35 [00:00<00:01, 24.40it/s]
Capturing CUDA graphs (mixed prefill-decode, PIECEWISE):  17%|█▋        | 6/35 [00:00<00:01, 25.69it/s]
Capturing CUDA graphs (mixed prefill-decode, PIECEWISE):  26%|██▌       | 9/35 [00:00<00:00, 26.19it/s]
Capturing CUDA graphs (mixed prefill-decode, PIECEWISE):  34%|███▍      | 12/35 [00:00<00:00, 26.30it/s]
Capturing CUDA graphs (mixed prefill-decode, PIECEWISE):  43%|████▎     | 15/35 [00:00<00:00, 26.43it/s]
Capturing CUDA graphs (mixed prefill-decode, PIECEWISE):  51%|█████▏    | 18/35 [00:00<00:00, 26.33it/s]
Capturing CUDA graphs (mixed prefill-decode, PIECEWISE):  60%|██████    | 21/35 [00:00<00:00, 26.19it/s]
Capturing CUDA graphs (mixed prefill-decode, PIECEWISE):  69%|██████▊   | 24/35 [00:00<00:00, 26.01it/s]
Capturing CUDA graphs (mixed prefill-decode, PIECEWISE):  77%|███████▋  | 27/35 [00:01<00:00, 26.02it/s]
Capturing CUDA graphs (mixed prefill-decode, PIECEWISE):  86%|████████▌ | 30/35 [00:01<00:00, 23.50it/s]
Capturing CUDA graphs (mixed prefill-decode, PIECEWISE):  94%|█████████▍| 33/35 [00:01<00:00, 24.28it/s]
Capturing CUDA graphs (mixed prefill-decode, PIECEWISE): 100%|██████████| 35/35 [00:01<00:00, 25.35it/s]
[1;36m(EngineCore_DP0 pid=2759146)[0;0m 
Capturing CUDA graphs (decode, FULL):   0%|          | 0/19 [00:00<?, ?it/s]
Capturing CUDA graphs (decode, FULL):  16%|█▌        | 3/19 [00:00<00:00, 26.72it/s]
Capturing CUDA graphs (decode, FULL):  32%|███▏      | 6/19 [00:00<00:00, 25.88it/s]
Capturing CUDA graphs (decode, FULL):  47%|████▋     | 9/19 [00:00<00:00, 26.15it/s]
Capturing CUDA graphs (decode, FULL):  63%|██████▎   | 12/19 [00:00<00:00, 26.36it/s]
Capturing CUDA graphs (decode, FULL):  79%|███████▉  | 15/19 [00:00<00:00, 26.28it/s]
Capturing CUDA graphs (decode, FULL):  95%|█████████▍| 18/19 [00:00<00:00, 26.73it/s]
Capturing CUDA graphs (decode, FULL): 100%|██████████| 19/19 [00:00<00:00, 26.58it/s]
2026-05-06 06:10:13.384 | INFO     | mineru.backend.vlm.vlm_analyze:get_model:251 - get vllm-async-engine predictor cost: 52.62s
2026-05-06 06:10:13.388 | INFO     | mineru.backend.hybrid.hybrid_analyze:aio_doc_analyze:706 - Hybrid processing-window run. page_count=1, window_size=64, total_windows=1
2026-05-06 06:10:18.124 | INFO     | mineru.backend.hybrid.hybrid_analyze:aio_doc_analyze:727 - Hybrid processing window 1/1: pages 1-1/1 (1 pages)

Two Step Extraction:   0%|          | 0/1 [00:00<?, ?it/s]The image processor of type `Qwen2VLImageProcessor` is now loaded as a fast processor by default, even if the model checkpoint was saved with a slow processor. This is a breaking change and may produce slightly different outputs. To continue using the slow processor, instantiate this class with `use_fast=False`. Note that this behavior will be extended to all models in a future release.

Two Step Extraction: 100%|██████████| 1/1 [00:08<00:00,  8.03s/it]
Two Step Extraction: 100%|██████████| 1/1 [00:08<00:00,  8.03s/it]

Processing pages:   0%|          | 0/1 [00:00<?, ?it/s]
Processing pages: 100%|██████████| 1/1 [00:07<00:00,  7.51s/it]
Processing pages: 100%|██████████| 1/1 [00:07<00:00,  7.51s/it]
2026-05-06 06:10:34.370 | INFO     | mineru.cli.client:run_planned_task:807 - Completed batch 1/1 | Processed 1/1 page | 1 of 1 batch finished | task#1 [KF-931D-F01]
INFO:     Shutting down
INFO:     Waiting for application shutdown.
INFO:     Application shutdown complete.
INFO:     Finished server process [2759022]

2026-05-06 06:10:57.069 | INFO     | mineru.cli.client:run_orchestrated_cli:874 - Started local mineru-api at http://127.0.0.1:56791
2026-05-06 06:11:00.908 | INFO     | __main__:create_app:260 - Request concurrency limited to 3
INFO:     Started server process [2759660]
INFO:     Waiting for application startup.
INFO:     Application startup complete.
INFO:     Uvicorn running on http://127.0.0.1:56791 (Press CTRL+C to quit)
2026-05-06 06:11:01.102 | INFO     | mineru.cli.client:run_planned_task:771 - Submitting batch 1/1 | 1 document, 1 page in this batch | 1 page total | task#1 [T040800073941030093-PT3-F21]
2026-05-06 06:11:04.963 | INFO     | mineru.utils.engine_utils:get_vlm_engine:34 - Using vllm-async-engine as the inference engine for VLM.
2026-05-06 06:11:14.266 | INFO     | mineru.backend.vlm.utils:enable_custom_logits_processors:56 - compute_capability: 8.0 >= 8.0 and vllm version: 0.11.2 >= 0.10.1, enable custom_logits_processors
[1;36m(EngineCore_DP0 pid=2759769)[0;0m The image processor of type `Qwen2VLImageProcessor` is now loaded as a fast processor by default, even if the model checkpoint was saved with a slow processor. This is a breaking change and may produce slightly different outputs. To continue using the slow processor, instantiate this class with `use_fast=False`. Note that this behavior will be extended to all models in a future release.
[1;36m(EngineCore_DP0 pid=2759769)[0;0m /home/s2025244189/miniconda3/envs/mineru/lib/python3.10/site-packages/tvm_ffi/_optional_torch_c_dlpack.py:181: UserWarning: Failed to JIT torch c dlpack extension, EnvTensorAllocator will not be enabled.
[1;36m(EngineCore_DP0 pid=2759769)[0;0m We recommend installing via `pip install torch-c-dlpack-ext`
[1;36m(EngineCore_DP0 pid=2759769)[0;0m   warnings.warn(
[1;36m(EngineCore_DP0 pid=2759769)[0;0m 
Loading safetensors checkpoint shards:   0% Completed | 0/1 [00:00<?, ?it/s]
[1;36m(EngineCore_DP0 pid=2759769)[0;0m 
Loading safetensors checkpoint shards: 100% Completed | 1/1 [00:01<00:00,  1.25s/it]
[1;36m(EngineCore_DP0 pid=2759769)[0;0m 
Loading safetensors checkpoint shards: 100% Completed | 1/1 [00:01<00:00,  1.26s/it]
[1;36m(EngineCore_DP0 pid=2759769)[0;0m 
[1;36m(EngineCore_DP0 pid=2759769)[0;0m 
Capturing CUDA graphs (mixed prefill-decode, PIECEWISE):   0%|          | 0/35 [00:00<?, ?it/s]
Capturing CUDA graphs (mixed prefill-decode, PIECEWISE):   9%|▊         | 3/35 [00:00<00:01, 27.44it/s]
Capturing CUDA graphs (mixed prefill-decode, PIECEWISE):  17%|█▋        | 6/35 [00:00<00:01, 26.82it/s]
Capturing CUDA graphs (mixed prefill-decode, PIECEWISE):  26%|██▌       | 9/35 [00:00<00:00, 27.16it/s]
Capturing CUDA graphs (mixed prefill-decode, PIECEWISE):  34%|███▍      | 12/35 [00:00<00:00, 26.78it/s]
Capturing CUDA graphs (mixed prefill-decode, PIECEWISE):  43%|████▎     | 15/35 [00:00<00:00, 26.59it/s]
Capturing CUDA graphs (mixed prefill-decode, PIECEWISE):  51%|█████▏    | 18/35 [00:00<00:00, 26.15it/s]
Capturing CUDA graphs (mixed prefill-decode, PIECEWISE):  60%|██████    | 21/35 [00:00<00:00, 26.32it/s]
Capturing CUDA graphs (mixed prefill-decode, PIECEWISE):  69%|██████▊   | 24/35 [00:00<00:00, 26.50it/s]
Capturing CUDA graphs (mixed prefill-decode, PIECEWISE):  77%|███████▋  | 27/35 [00:01<00:00, 26.13it/s]
Capturing CUDA graphs (mixed prefill-decode, PIECEWISE):  86%|████████▌ | 30/35 [00:01<00:00, 22.96it/s]
Capturing CUDA graphs (mixed prefill-decode, PIECEWISE):  94%|█████████▍| 33/35 [00:01<00:00, 23.76it/s]
Capturing CUDA graphs (mixed prefill-decode, PIECEWISE): 100%|██████████| 35/35 [00:01<00:00, 25.40it/s]
[1;36m(EngineCore_DP0 pid=2759769)[0;0m 
Capturing CUDA graphs (decode, FULL):   0%|          | 0/19 [00:00<?, ?it/s]
Capturing CUDA graphs (decode, FULL):  16%|█▌        | 3/19 [00:00<00:00, 26.94it/s]
Capturing CUDA graphs (decode, FULL):  32%|███▏      | 6/19 [00:00<00:00, 26.39it/s]
Capturing CUDA graphs (decode, FULL):  47%|████▋     | 9/19 [00:00<00:00, 26.09it/s]
Capturing CUDA graphs (decode, FULL):  63%|██████▎   | 12/19 [00:00<00:00, 25.34it/s]
Capturing CUDA graphs (decode, FULL):  79%|███████▉  | 15/19 [00:00<00:00, 25.83it/s]
Capturing CUDA graphs (decode, FULL):  95%|█████████▍| 18/19 [00:00<00:00, 26.36it/s]
Capturing CUDA graphs (decode, FULL): 100%|██████████| 19/19 [00:00<00:00, 26.27it/s]
2026-05-06 06:12:07.151 | INFO     | mineru.backend.vlm.vlm_analyze:get_model:251 - get vllm-async-engine predictor cost: 55.94s
2026-05-06 06:12:07.171 | INFO     | mineru.backend.hybrid.hybrid_analyze:aio_doc_analyze:706 - Hybrid processing-window run. page_count=1, window_size=64, total_windows=1
2026-05-06 06:12:11.881 | INFO     | mineru.backend.hybrid.hybrid_analyze:aio_doc_analyze:727 - Hybrid processing window 1/1: pages 1-1/1 (1 pages)

Two Step Extraction:   0%|          | 0/1 [00:00<?, ?it/s]The image processor of type `Qwen2VLImageProcessor` is now loaded as a fast processor by default, even if the model checkpoint was saved with a slow processor. This is a breaking change and may produce slightly different outputs. To continue using the slow processor, instantiate this class with `use_fast=False`. Note that this behavior will be extended to all models in a future release.

Two Step Extraction: 100%|██████████| 1/1 [00:09<00:00,  9.19s/it]
Two Step Extraction: 100%|██████████| 1/1 [00:09<00:00,  9.19s/it]

Processing pages:   0%|          | 0/1 [00:00<?, ?it/s]
Processing pages: 100%|██████████| 1/1 [00:07<00:00,  7.31s/it]
Processing pages: 100%|██████████| 1/1 [00:07<00:00,  7.31s/it]
2026-05-06 06:12:29.133 | INFO     | mineru.cli.client:run_planned_task:807 - Completed batch 1/1 | Processed 1/1 page | 1 of 1 batch finished | task#1 [T040800073941030093-PT3-F21]
INFO:     Shutting down
INFO:     Waiting for application shutdown.
INFO:     Application shutdown complete.
INFO:     Finished server process [2759660]

2026-05-06 06:12:52.425 | INFO     | mineru.cli.client:run_orchestrated_cli:874 - Started local mineru-api at http://127.0.0.1:51577
2026-05-06 06:12:56.594 | INFO     | __main__:create_app:260 - Request concurrency limited to 3
INFO:     Started server process [2760200]
INFO:     Waiting for application startup.
INFO:     Application startup complete.
INFO:     Uvicorn running on http://127.0.0.1:51577 (Press CTRL+C to quit)
2026-05-06 06:12:57.460 | INFO     | mineru.cli.client:run_planned_task:771 - Submitting batch 1/1 | 1 document, 1 page in this batch | 1 page total | task#1 [外箱条码标签-PT1-F07 V1.0]
2026-05-06 06:13:01.427 | INFO     | mineru.utils.engine_utils:get_vlm_engine:34 - Using vllm-async-engine as the inference engine for VLM.
2026-05-06 06:13:11.048 | INFO     | mineru.backend.vlm.utils:enable_custom_logits_processors:56 - compute_capability: 8.0 >= 8.0 and vllm version: 0.11.2 >= 0.10.1, enable custom_logits_processors
[1;36m(EngineCore_DP0 pid=2760314)[0;0m The image processor of type `Qwen2VLImageProcessor` is now loaded as a fast processor by default, even if the model checkpoint was saved with a slow processor. This is a breaking change and may produce slightly different outputs. To continue using the slow processor, instantiate this class with `use_fast=False`. Note that this behavior will be extended to all models in a future release.
[1;36m(EngineCore_DP0 pid=2760314)[0;0m /home/s2025244189/miniconda3/envs/mineru/lib/python3.10/site-packages/tvm_ffi/_optional_torch_c_dlpack.py:181: UserWarning: Failed to JIT torch c dlpack extension, EnvTensorAllocator will not be enabled.
[1;36m(EngineCore_DP0 pid=2760314)[0;0m We recommend installing via `pip install torch-c-dlpack-ext`
[1;36m(EngineCore_DP0 pid=2760314)[0;0m   warnings.warn(
[1;36m(EngineCore_DP0 pid=2760314)[0;0m 
Loading safetensors checkpoint shards:   0% Completed | 0/1 [00:00<?, ?it/s]
[1;36m(EngineCore_DP0 pid=2760314)[0;0m 
Loading safetensors checkpoint shards: 100% Completed | 1/1 [00:01<00:00,  1.15s/it]
[1;36m(EngineCore_DP0 pid=2760314)[0;0m 
Loading safetensors checkpoint shards: 100% Completed | 1/1 [00:01<00:00,  1.16s/it]
[1;36m(EngineCore_DP0 pid=2760314)[0;0m 
[1;36m(EngineCore_DP0 pid=2760314)[0;0m 
Capturing CUDA graphs (mixed prefill-decode, PIECEWISE):   0%|          | 0/35 [00:00<?, ?it/s]
Capturing CUDA graphs (mixed prefill-decode, PIECEWISE):   9%|▊         | 3/35 [00:00<00:01, 24.85it/s]
Capturing CUDA graphs (mixed prefill-decode, PIECEWISE):  17%|█▋        | 6/35 [00:00<00:01, 25.57it/s]
Capturing CUDA graphs (mixed prefill-decode, PIECEWISE):  26%|██▌       | 9/35 [00:00<00:01, 25.63it/s]
Capturing CUDA graphs (mixed prefill-decode, PIECEWISE):  34%|███▍      | 12/35 [00:00<00:00, 26.31it/s]
Capturing CUDA graphs (mixed prefill-decode, PIECEWISE):  43%|████▎     | 15/35 [00:00<00:00, 26.03it/s]
Capturing CUDA graphs (mixed prefill-decode, PIECEWISE):  51%|█████▏    | 18/35 [00:00<00:00, 26.30it/s]
Capturing CUDA graphs (mixed prefill-decode, PIECEWISE):  60%|██████    | 21/35 [00:00<00:00, 26.40it/s]
Capturing CUDA graphs (mixed prefill-decode, PIECEWISE):  69%|██████▊   | 24/35 [00:00<00:00, 26.61it/s]
Capturing CUDA graphs (mixed prefill-decode, PIECEWISE):  77%|███████▋  | 27/35 [00:01<00:00, 26.31it/s]
Capturing CUDA graphs (mixed prefill-decode, PIECEWISE):  86%|████████▌ | 30/35 [00:01<00:00, 23.62it/s]
Capturing CUDA graphs (mixed prefill-decode, PIECEWISE):  94%|█████████▍| 33/35 [00:01<00:00, 24.54it/s]
Capturing CUDA graphs (mixed prefill-decode, PIECEWISE): 100%|██████████| 35/35 [00:01<00:00, 25.50it/s]
[1;36m(EngineCore_DP0 pid=2760314)[0;0m 
Capturing CUDA graphs (decode, FULL):   0%|          | 0/19 [00:00<?, ?it/s]
Capturing CUDA graphs (decode, FULL):  16%|█▌        | 3/19 [00:00<00:00, 28.57it/s]
Capturing CUDA graphs (decode, FULL):  32%|███▏      | 6/19 [00:00<00:00, 28.12it/s]
Capturing CUDA graphs (decode, FULL):  47%|████▋     | 9/19 [00:00<00:00, 27.92it/s]
Capturing CUDA graphs (decode, FULL):  63%|██████▎   | 12/19 [00:00<00:00, 27.92it/s]
Capturing CUDA graphs (decode, FULL):  79%|███████▉  | 15/19 [00:00<00:00, 27.58it/s]
Capturing CUDA graphs (decode, FULL):  95%|█████████▍| 18/19 [00:00<00:00, 28.04it/s]
Capturing CUDA graphs (decode, FULL): 100%|██████████| 19/19 [00:00<00:00, 28.07it/s]
2026-05-06 06:14:04.322 | INFO     | mineru.backend.vlm.vlm_analyze:get_model:251 - get vllm-async-engine predictor cost: 56.52s
2026-05-06 06:14:04.350 | INFO     | mineru.backend.hybrid.hybrid_analyze:aio_doc_analyze:706 - Hybrid processing-window run. page_count=1, window_size=64, total_windows=1
2026-05-06 06:14:10.164 | INFO     | mineru.backend.hybrid.hybrid_analyze:aio_doc_analyze:727 - Hybrid processing window 1/1: pages 1-1/1 (1 pages)

Two Step Extraction:   0%|          | 0/1 [00:00<?, ?it/s]The image processor of type `Qwen2VLImageProcessor` is now loaded as a fast processor by default, even if the model checkpoint was saved with a slow processor. This is a breaking change and may produce slightly different outputs. To continue using the slow processor, instantiate this class with `use_fast=False`. Note that this behavior will be extended to all models in a future release.

Two Step Extraction: 100%|██████████| 1/1 [00:08<00:00,  8.53s/it]
Two Step Extraction: 100%|██████████| 1/1 [00:08<00:00,  8.53s/it]

Processing pages:   0%|          | 0/1 [00:00<?, ?it/s]
Processing pages: 100%|██████████| 1/1 [00:07<00:00,  7.65s/it]
Processing pages: 100%|██████████| 1/1 [00:07<00:00,  7.65s/it]
2026-05-06 06:14:27.100 | INFO     | mineru.cli.client:run_planned_task:807 - Completed batch 1/1 | Processed 1/1 page | 1 of 1 batch finished | task#1 [外箱条码标签-PT1-F07 V1.0]
INFO:     Shutting down
[rank0]:[W506 06:14:37.659698720 ProcessGroupNCCL.cpp:1524] Warning: WARNING: destroy_process_group() was not called before program exit, which can leak resources. For more info, please see https://pytorch.org/docs/stable/distributed.html#shutdown (function operator())
INFO:     Waiting for application shutdown.
INFO:     Application shutdown complete.
INFO:     Finished server process [2760200]

2026-05-06 06:14:50.230 | INFO     | mineru.cli.client:run_orchestrated_cli:874 - Started local mineru-api at http://127.0.0.1:33347
2026-05-06 06:14:54.301 | INFO     | __main__:create_app:260 - Request concurrency limited to 3
INFO:     Started server process [2760726]
INFO:     Waiting for application startup.
INFO:     Application startup complete.
INFO:     Uvicorn running on http://127.0.0.1:33347 (Press CTRL+C to quit)
2026-05-06 06:14:55.267 | INFO     | mineru.cli.client:run_planned_task:771 - Submitting batch 1/1 | 1 document, 1 page in this batch | 1 page total | task#1 [75CEE0-Model]
2026-05-06 06:15:00.398 | INFO     | mineru.utils.engine_utils:get_vlm_engine:34 - Using vllm-async-engine as the inference engine for VLM.
2026-05-06 06:15:10.133 | ERROR    | __main__:_process_task:1321 - Async task failed: 04cbe735-bcd7-4ed0-9012-273bd3251064
Traceback (most recent call last):

  File "/hpai/aios3.0/private/user/s2025244189/s2025244265/AI_driven_proj_Manage/MinerU/mineru/backend/vlm/vlm_analyze.py", line 145, in get_model
    from vllm.engine.arg_utils import AsyncEngineArgs

  File "/home/s2025244189/miniconda3/envs/mineru/lib/python3.10/site-packages/vllm/engine/arg_utils.py", line 93, in <module>
    from vllm.v1.sample.logits_processor import LogitsProcessor
  File "/home/s2025244189/miniconda3/envs/mineru/lib/python3.10/site-packages/vllm/v1/sample/logits_processor/__init__.py", line 15, in <module>
  File "/home/s2025244189/miniconda3/envs/mineru/lib/python3.10/site-packages/vllm/sampling_params.py", line 18, in <module>
  File "/home/s2025244189/miniconda3/envs/mineru/lib/python3.10/site-packages/vllm/v1/serial_utils.py", line 24, in <module>
  File "/home/s2025244189/miniconda3/envs/mineru/lib/python3.10/site-packages/vllm/multimodal/__init__.py", line 15, in <module>
  File "/home/s2025244189/miniconda3/envs/mineru/lib/python3.10/site-packages/vllm/multimodal/registry.py", line 14, in <module>

ModuleNotFoundError: No module named 'vllm.multimodal.cache'


During handling of the above exception, another exception occurred:


Traceback (most recent call last):

  File "/home/s2025244189/miniconda3/envs/mineru/lib/python3.10/runpy.py", line 196, in _run_module_as_main
    return _run_code(code, main_globals, None,
           │         │     └ {'__name__': '__main__', '__doc__': None, '__package__': 'mineru.cli', '__loader__': <_frozen_importlib_external.SourceFileLo...
           │         └ <code object <module> at 0x7f1a66ccb680, file "/hpai/aios3.0/private/user/s2025244189/s2025244265/AI_driven_proj_Manage/Miner...
           └ <function _run_code at 0x7f1a66cb7be0>
  File "/home/s2025244189/miniconda3/envs/mineru/lib/python3.10/runpy.py", line 86, in _run_code
    exec(code, run_globals)
         │     └ {'__name__': '__main__', '__doc__': None, '__package__': 'mineru.cli', '__loader__': <_frozen_importlib_external.SourceFileLo...
         └ <code object <module> at 0x7f1a66ccb680, file "/hpai/aios3.0/private/user/s2025244189/s2025244265/AI_driven_proj_Manage/Miner...

  File "/hpai/aios3.0/private/user/s2025244189/s2025244265/AI_driven_proj_Manage/MinerU/mineru/cli/fast_api.py", line 1641, in <module>
    main()
    └ <Command main>

  File "/home/s2025244189/miniconda3/envs/mineru/lib/python3.10/site-packages/click/core.py", line 1514, in __call__
    return self.main(*args, **kwargs)
           │    │     │       └ {}
           │    │     └ ()
           │    └ <function Command.main at 0x7f1a65eef520>
           └ <Command main>
  File "/home/s2025244189/miniconda3/envs/mineru/lib/python3.10/site-packages/click/core.py", line 1435, in main
    rv = self.invoke(ctx)
         │    │      └ <click.core.Context object at 0x7f18559da890>
         │    └ <function Command.invoke at 0x7f1a65eef400>
         └ <Command main>
  File "/home/s2025244189/miniconda3/envs/mineru/lib/python3.10/site-packages/click/core.py", line 1298, in invoke
    return ctx.invoke(self.callback, **ctx.params)
           │   │      │    │           │   └ {'host': '127.0.0.1', 'port': 33347, 'reload': False, 'allow_public_http_client': False, 'enable_vlm_preload': False}
           │   │      │    │           └ <click.core.Context object at 0x7f18559da890>
           │   │      │    └ <function main at 0x7f185571cd30>
           │   │      └ <Command main>
           │   └ <function Context.invoke at 0x7f1a65eee7a0>
           └ <click.core.Context object at 0x7f18559da890>
  File "/home/s2025244189/miniconda3/envs/mineru/lib/python3.10/site-packages/click/core.py", line 853, in invoke
    return callback(*args, **kwargs)
           │         │       └ {'host': '127.0.0.1', 'port': 33347, 'reload': False, 'allow_public_http_client': False, 'enable_vlm_preload': False}
           │         └ ()
           └ <function main at 0x7f185571cd30>
  File "/home/s2025244189/miniconda3/envs/mineru/lib/python3.10/site-packages/click/decorators.py", line 34, in new_func
    return f(get_current_context(), *args, **kwargs)
           │ │                       │       └ {'host': '127.0.0.1', 'port': 33347, 'reload': False, 'allow_public_http_client': False, 'enable_vlm_preload': False}
           │ │                       └ ()
           │ └ <function get_current_context at 0x7f1a65ed23b0>
           └ <function main at 0x7f185571d000>

  File "/hpai/aios3.0/private/user/s2025244189/s2025244265/AI_driven_proj_Manage/MinerU/mineru/cli/fast_api.py", line 1637, in main
    server.run()
    │      └ <function Server.run at 0x7f1a65e1ce50>
    └ <uvicorn.server.Server object at 0x7f1855715d50>

  File "/home/s2025244189/miniconda3/envs/mineru/lib/python3.10/site-packages/uvicorn/server.py", line 75, in run
    return asyncio_run(self.serve(sockets=sockets), loop_factory=self.config.get_loop_factory())
           │           │    │             │                      │    │      └ <function Config.get_loop_factory at 0x7f1a65dbc280>
           │           │    │             │                      │    └ <uvicorn.config.Config object at 0x7f18559d9d80>
           │           │    │             │                      └ <uvicorn.server.Server object at 0x7f1855715d50>
           │           │    │             └ None
           │           │    └ <function Server.serve at 0x7f1a65e1cee0>
           │           └ <uvicorn.server.Server object at 0x7f1855715d50>
           └ <function asyncio_run at 0x7f1a65d47010>
  File "/home/s2025244189/miniconda3/envs/mineru/lib/python3.10/site-packages/uvicorn/_compat.py", line 60, in asyncio_run
    return loop.run_until_complete(main)
           │    │                  └ <coroutine object Server.serve at 0x7f18558d4cf0>
           │    └ <cyfunction Loop.run_until_complete at 0x7f185587d900>
           └ <uvloop.Loop running=True closed=False debug=False>

> File "/hpai/aios3.0/private/user/s2025244189/s2025244265/AI_driven_proj_Manage/MinerU/mineru/cli/fast_api.py", line 1311, in _process_task
    await self._run_task(task)
          │    │         └ AsyncParseTask(task_id='04cbe735-bcd7-4ed0-9012-273bd3251064', status='failed', backend='hybrid-auto-engine', file_names=['75...
          │    └ <function AsyncTaskManager._run_task at 0x7f18559cd900>
          └ <__main__.AsyncTaskManager object at 0x7f1854c60430>

  File "/hpai/aios3.0/private/user/s2025244189/s2025244265/AI_driven_proj_Manage/MinerU/mineru/cli/fast_api.py", line 1341, in _run_task
    await run_parse_job(
          └ <function run_parse_job at 0x7f18559ccdc0>

  File "/hpai/aios3.0/private/user/s2025244189/s2025244265/AI_driven_proj_Manage/MinerU/mineru/cli/fast_api.py", line 1036, in run_parse_job
    await aio_do_parse(**parse_kwargs)
          │              └ {'output_dir': '/tmp/mineru-api-client-k4f29ci1/output/04cbe735-bcd7-4ed0-9012-273bd3251064', 'pdf_file_names': ['75CEE0-Mode...
          └ <function aio_do_parse at 0x7f18559c6290>

  File "/hpai/aios3.0/private/user/s2025244189/s2025244265/AI_driven_proj_Manage/MinerU/mineru/cli/common.py", line 795, in aio_do_parse
    await _async_process_hybrid(
          └ <function _async_process_hybrid at 0x7f18559c60e0>

  File "/hpai/aios3.0/private/user/s2025244189/s2025244265/AI_driven_proj_Manage/MinerU/mineru/cli/common.py", line 545, in _async_process_hybrid
    middle_json, infer_result, _vlm_ocr_enable = await aio_hybrid_doc_analyze(
                                                       └ <function aio_doc_analyze at 0x7f17cb564c10>

  File "/hpai/aios3.0/private/user/s2025244189/s2025244265/AI_driven_proj_Manage/MinerU/mineru/backend/hybrid/hybrid_analyze.py", line 685, in aio_doc_analyze
    predictor = await _get_model_async(backend, model_path, server_url, **kwargs)
                      │                │        │           │             └ {}
                      │                │        │           └ None
                      │                │        └ None
                      │                └ 'vllm-async-engine'
                      └ <function _get_model_async at 0x7f1859cd72e0>

  File "/hpai/aios3.0/private/user/s2025244189/s2025244265/AI_driven_proj_Manage/MinerU/mineru/backend/vlm/vlm_analyze.py", line 271, in _get_model_async
    return await asyncio.to_thread(
                 │       └ <function to_thread at 0x7f1a661f9510>
                 └ <module 'asyncio' from '/home/s2025244189/miniconda3/envs/mineru/lib/python3.10/asyncio/__init__.py'>

  File "/home/s2025244189/miniconda3/envs/mineru/lib/python3.10/asyncio/threads.py", line 25, in to_thread
    return await loop.run_in_executor(None, func_call)
                 │    │                     └ functools.partial(<built-in method run of _contextvars.Context object at 0x7f17cd2307c0>, <bound method ModelSingleton.get_mo...
                 │    └ <cyfunction Loop.run_in_executor at 0x7f185587ebc0>
                 └ <uvloop.Loop running=True closed=False debug=False>
  File "/home/s2025244189/miniconda3/envs/mineru/lib/python3.10/concurrent/futures/thread.py", line 58, in run
    result = self.fn(*self.args, **self.kwargs)
             │        │            └ None
             │        └ None
             └ None

  File "/hpai/aios3.0/private/user/s2025244189/s2025244265/AI_driven_proj_Manage/MinerU/mineru/backend/vlm/vlm_analyze.py", line 149, in get_model
    raise ImportError("Please install vllm to use the vllm-async-engine backend.")

ImportError: Please install vllm to use the vllm-async-engine backend.
INFO:     Shutting down
INFO:     Waiting for application shutdown.
INFO:     Application shutdown complete.
INFO:     Finished server process [2760726]
Error: 1 task(s) failed while processing documents:
- task#1 (75CEE0-Model): Task 04cbe735-bcd7-4ed0-9012-273bd3251064 failed for task#1 [75CEE0-Model]: {"task_id": "04cbe735-bcd7-4ed0-9012-273bd3251064", "status": "failed", "backend": "hybrid-auto-engine", "file_names": ["75CEE0-Model"], "created_at": "2026-05-05T22:14:55.370194+00:00", "started_at": "2026-05-05T22:14:55.371102+00:00", "completed_at": "2026-05-05T22:15:10.133320+00:00", "error": "Please install vllm to use the vllm-async-engine backend.", "status_url": "http://127.0.0.1:33347/tasks/04cbe735-bcd7-4ed0-9012-273bd3251064", "result_url": "http://127.0.0.1:33347/tasks/04cbe735-bcd7-4ed0-9012-273bd3251064/result", "queued_ahead": 0}

ERROR conda.cli.main_run:execute(127): `conda run mineru -p /home/s2025244189/s2025244265/AI_driven_proj_Manage/data_Processed/DHF -梳理版_预处理/09-设计输出/设计输出清单二/图纸/75CEE0-Model.pdf -o /home/s2025244189/s2025244265/AI_driven_proj_Manage/data_Processed/DHF -梳理版_预处理_hybrid-auto处理/09-设计输出/设计输出清单二/图纸 -b hybrid-auto-engine -m auto -l ch` failed. (See above for error)
2026-05-06 06:15:22.984 | INFO     | mineru.cli.client:run_orchestrated_cli:874 - Started local mineru-api at http://127.0.0.1:52593
2026-05-06 06:15:26.326 | INFO     | __main__:create_app:260 - Request concurrency limited to 3
INFO:     Started server process [2761015]
INFO:     Waiting for application startup.
INFO:     Application startup complete.
INFO:     Uvicorn running on http://127.0.0.1:52593 (Press CTRL+C to quit)
2026-05-06 06:15:27.016 | INFO     | mineru.cli.client:run_planned_task:771 - Submitting batch 1/1 | 1 document, 1 page in this batch | 1 page total | task#1 [FDIR-V14_散热器压块_REV01_0714]
2026-05-06 06:15:30.281 | INFO     | mineru.utils.engine_utils:get_vlm_engine:34 - Using vllm-async-engine as the inference engine for VLM.
2026-05-06 06:15:36.325 | INFO     | mineru.backend.vlm.utils:enable_custom_logits_processors:56 - compute_capability: 8.0 >= 8.0 and vllm version: 0.11.2 >= 0.10.1, enable custom_logits_processors
[1;36m(EngineCore_DP0 pid=2761122)[0;0m The image processor of type `Qwen2VLImageProcessor` is now loaded as a fast processor by default, even if the model checkpoint was saved with a slow processor. This is a breaking change and may produce slightly different outputs. To continue using the slow processor, instantiate this class with `use_fast=False`. Note that this behavior will be extended to all models in a future release.
[1;36m(EngineCore_DP0 pid=2761122)[0;0m /home/s2025244189/miniconda3/envs/mineru/lib/python3.10/site-packages/tvm_ffi/_optional_torch_c_dlpack.py:181: UserWarning: Failed to JIT torch c dlpack extension, EnvTensorAllocator will not be enabled.
[1;36m(EngineCore_DP0 pid=2761122)[0;0m We recommend installing via `pip install torch-c-dlpack-ext`
[1;36m(EngineCore_DP0 pid=2761122)[0;0m   warnings.warn(
[1;36m(EngineCore_DP0 pid=2761122)[0;0m 
Loading safetensors checkpoint shards:   0% Completed | 0/1 [00:00<?, ?it/s]
[1;36m(EngineCore_DP0 pid=2761122)[0;0m 
Loading safetensors checkpoint shards: 100% Completed | 1/1 [00:01<00:00,  1.36s/it]
[1;36m(EngineCore_DP0 pid=2761122)[0;0m 
Loading safetensors checkpoint shards: 100% Completed | 1/1 [00:01<00:00,  1.36s/it]
[1;36m(EngineCore_DP0 pid=2761122)[0;0m 
[1;36m(EngineCore_DP0 pid=2761122)[0;0m 
Capturing CUDA graphs (mixed prefill-decode, PIECEWISE):   0%|          | 0/35 [00:00<?, ?it/s]
Capturing CUDA graphs (mixed prefill-decode, PIECEWISE):   9%|▊         | 3/35 [00:00<00:01, 28.26it/s]
Capturing CUDA graphs (mixed prefill-decode, PIECEWISE):  17%|█▋        | 6/35 [00:00<00:01, 28.67it/s]
Capturing CUDA graphs (mixed prefill-decode, PIECEWISE):  26%|██▌       | 9/35 [00:00<00:00, 28.99it/s]
Capturing CUDA graphs (mixed prefill-decode, PIECEWISE):  34%|███▍      | 12/35 [00:00<00:00, 28.91it/s]
Capturing CUDA graphs (mixed prefill-decode, PIECEWISE):  43%|████▎     | 15/35 [00:00<00:00, 28.89it/s]
Capturing CUDA graphs (mixed prefill-decode, PIECEWISE):  51%|█████▏    | 18/35 [00:00<00:00, 28.63it/s]
Capturing CUDA graphs (mixed prefill-decode, PIECEWISE):  60%|██████    | 21/35 [00:00<00:00, 28.82it/s]
Capturing CUDA graphs (mixed prefill-decode, PIECEWISE):  69%|██████▊   | 24/35 [00:00<00:00, 28.59it/s]
Capturing CUDA graphs (mixed prefill-decode, PIECEWISE):  77%|███████▋  | 27/35 [00:00<00:00, 28.91it/s]
Capturing CUDA graphs (mixed prefill-decode, PIECEWISE):  86%|████████▌ | 30/35 [00:01<00:00, 25.71it/s]
Capturing CUDA graphs (mixed prefill-decode, PIECEWISE):  94%|█████████▍| 33/35 [00:01<00:00, 26.42it/s]
Capturing CUDA graphs (mixed prefill-decode, PIECEWISE): 100%|██████████| 35/35 [00:01<00:00, 27.73it/s]
[1;36m(EngineCore_DP0 pid=2761122)[0;0m 
Capturing CUDA graphs (decode, FULL):   0%|          | 0/19 [00:00<?, ?it/s]
Capturing CUDA graphs (decode, FULL):  16%|█▌        | 3/19 [00:00<00:00, 28.55it/s]
Capturing CUDA graphs (decode, FULL):  32%|███▏      | 6/19 [00:00<00:00, 28.90it/s]
Capturing CUDA graphs (decode, FULL):  47%|████▋     | 9/19 [00:00<00:00, 28.72it/s]
Capturing CUDA graphs (decode, FULL):  63%|██████▎   | 12/19 [00:00<00:00, 28.95it/s]
Capturing CUDA graphs (decode, FULL):  79%|███████▉  | 15/19 [00:00<00:00, 28.87it/s]
Capturing CUDA graphs (decode, FULL):  95%|█████████▍| 18/19 [00:00<00:00, 29.12it/s]
Capturing CUDA graphs (decode, FULL): 100%|██████████| 19/19 [00:00<00:00, 29.10it/s]
2026-05-06 06:16:28.885 | INFO     | mineru.backend.vlm.vlm_analyze:get_model:251 - get vllm-async-engine predictor cost: 55.25s
2026-05-06 06:16:28.980 | INFO     | mineru.backend.hybrid.hybrid_analyze:aio_doc_analyze:706 - Hybrid processing-window run. page_count=1, window_size=64, total_windows=1
2026-05-06 06:16:29.021 | INFO     | mineru.backend.hybrid.hybrid_analyze:get_batch_ratio:515 - hybrid batch ratio (auto, vram=79GB): 16
2026-05-06 06:16:34.552 | INFO     | mineru.backend.hybrid.hybrid_analyze:aio_doc_analyze:727 - Hybrid processing window 1/1: pages 1-1/1 (1 pages)

Two Step Extraction:   0%|          | 0/1 [00:00<?, ?it/s]The image processor of type `Qwen2VLImageProcessor` is now loaded as a fast processor by default, even if the model checkpoint was saved with a slow processor. This is a breaking change and may produce slightly different outputs. To continue using the slow processor, instantiate this class with `use_fast=False`. Note that this behavior will be extended to all models in a future release.

Two Step Extraction: 100%|██████████| 1/1 [00:09<00:00,  9.14s/it]
Two Step Extraction: 100%|██████████| 1/1 [00:09<00:00,  9.14s/it]

Layout Predict:   0%|          | 0/1 [00:00<?, ?it/s]
Layout Predict: 100%|██████████| 1/1 [00:03<00:00,  3.56s/it]
Layout Predict: 100%|██████████| 1/1 [00:03<00:00,  3.56s/it]

OCR-det:   0%|          | 0/7 [00:00<?, ?it/s]
OCR-det:  57%|█████▋    | 4/7 [00:00<00:00, 39.73it/s]
OCR-det: 100%|██████████| 7/7 [00:00<00:00, 41.19it/s]

Processing pages:   0%|          | 0/1 [00:00<?, ?it/s]
Processing pages: 100%|██████████| 1/1 [00:00<00:00, 12.09it/s]

OCR-rec Predict:   0%|          | 0/3 [00:00<?, ?it/s]
OCR-rec Predict: 100%|██████████| 3/3 [00:00<00:00, 137.32it/s]
2026-05-06 06:16:56.815 | INFO     | mineru.cli.client:run_planned_task:807 - Completed batch 1/1 | Processed 1/1 page | 1 of 1 batch finished | task#1 [FDIR-V14_散热器压块_REV01_0714]
INFO:     Shutting down
INFO:     Waiting for application shutdown.
INFO:     Application shutdown complete.
INFO:     Finished server process [2761015]

2026-05-06 06:17:18.922 | INFO     | mineru.cli.client:run_orchestrated_cli:874 - Started local mineru-api at http://127.0.0.1:55595
2026-05-06 06:17:22.682 | INFO     | __main__:create_app:260 - Request concurrency limited to 3
INFO:     Started server process [2761570]
INFO:     Waiting for application startup.
INFO:     Application startup complete.
INFO:     Uvicorn running on http://127.0.0.1:55595 (Press CTRL+C to quit)
2026-05-06 06:17:22.956 | INFO     | mineru.cli.client:run_planned_task:771 - Submitting batch 1/1 | 1 document, 1 page in this batch | 1 page total | task#1 [PT3_双联弹簧_REV01]
2026-05-06 06:17:27.455 | INFO     | mineru.utils.engine_utils:get_vlm_engine:34 - Using vllm-async-engine as the inference engine for VLM.
2026-05-06 06:17:35.964 | INFO     | mineru.backend.vlm.utils:enable_custom_logits_processors:56 - compute_capability: 8.0 >= 8.0 and vllm version: 0.11.2 >= 0.10.1, enable custom_logits_processors
[1;36m(EngineCore_DP0 pid=2761697)[0;0m The image processor of type `Qwen2VLImageProcessor` is now loaded as a fast processor by default, even if the model checkpoint was saved with a slow processor. This is a breaking change and may produce slightly different outputs. To continue using the slow processor, instantiate this class with `use_fast=False`. Note that this behavior will be extended to all models in a future release.
[1;36m(EngineCore_DP0 pid=2761697)[0;0m /home/s2025244189/miniconda3/envs/mineru/lib/python3.10/site-packages/tvm_ffi/_optional_torch_c_dlpack.py:181: UserWarning: Failed to JIT torch c dlpack extension, EnvTensorAllocator will not be enabled.
[1;36m(EngineCore_DP0 pid=2761697)[0;0m We recommend installing via `pip install torch-c-dlpack-ext`
[1;36m(EngineCore_DP0 pid=2761697)[0;0m   warnings.warn(
[1;36m(EngineCore_DP0 pid=2761697)[0;0m 
Loading safetensors checkpoint shards:   0% Completed | 0/1 [00:00<?, ?it/s]
[1;36m(EngineCore_DP0 pid=2761697)[0;0m 
Loading safetensors checkpoint shards: 100% Completed | 1/1 [00:01<00:00,  1.45s/it]
[1;36m(EngineCore_DP0 pid=2761697)[0;0m 
Loading safetensors checkpoint shards: 100% Completed | 1/1 [00:01<00:00,  1.45s/it]
[1;36m(EngineCore_DP0 pid=2761697)[0;0m 
[1;36m(EngineCore_DP0 pid=2761697)[0;0m 
Capturing CUDA graphs (mixed prefill-decode, PIECEWISE):   0%|          | 0/35 [00:00<?, ?it/s]
Capturing CUDA graphs (mixed prefill-decode, PIECEWISE):   9%|▊         | 3/35 [00:00<00:01, 25.17it/s]
Capturing CUDA graphs (mixed prefill-decode, PIECEWISE):  17%|█▋        | 6/35 [00:00<00:01, 24.72it/s]
Capturing CUDA graphs (mixed prefill-decode, PIECEWISE):  26%|██▌       | 9/35 [00:00<00:01, 24.41it/s]
Capturing CUDA graphs (mixed prefill-decode, PIECEWISE):  34%|███▍      | 12/35 [00:00<00:00, 25.31it/s]
Capturing CUDA graphs (mixed prefill-decode, PIECEWISE):  43%|████▎     | 15/35 [00:00<00:00, 25.58it/s]
Capturing CUDA graphs (mixed prefill-decode, PIECEWISE):  51%|█████▏    | 18/35 [00:00<00:00, 24.55it/s]
Capturing CUDA graphs (mixed prefill-decode, PIECEWISE):  60%|██████    | 21/35 [00:00<00:00, 24.21it/s]
Capturing CUDA graphs (mixed prefill-decode, PIECEWISE):  69%|██████▊   | 24/35 [00:00<00:00, 24.72it/s]
Capturing CUDA graphs (mixed prefill-decode, PIECEWISE):  77%|███████▋  | 27/35 [00:01<00:00, 24.89it/s]
Capturing CUDA graphs (mixed prefill-decode, PIECEWISE):  86%|████████▌ | 30/35 [00:01<00:00, 22.31it/s]
Capturing CUDA graphs (mixed prefill-decode, PIECEWISE):  94%|█████████▍| 33/35 [00:01<00:00, 23.36it/s]
Capturing CUDA graphs (mixed prefill-decode, PIECEWISE): 100%|██████████| 35/35 [00:01<00:00, 24.26it/s]
[1;36m(EngineCore_DP0 pid=2761697)[0;0m 
Capturing CUDA graphs (decode, FULL):   0%|          | 0/19 [00:00<?, ?it/s]
Capturing CUDA graphs (decode, FULL):  16%|█▌        | 3/19 [00:00<00:00, 25.74it/s]
Capturing CUDA graphs (decode, FULL):  32%|███▏      | 6/19 [00:00<00:00, 25.71it/s]
Capturing CUDA graphs (decode, FULL):  47%|████▋     | 9/19 [00:00<00:00, 25.02it/s]
Capturing CUDA graphs (decode, FULL):  63%|██████▎   | 12/19 [00:00<00:00, 25.11it/s]
Capturing CUDA graphs (decode, FULL):  79%|███████▉  | 15/19 [00:00<00:00, 24.85it/s]
Capturing CUDA graphs (decode, FULL):  95%|█████████▍| 18/19 [00:00<00:00, 25.30it/s]
Capturing CUDA graphs (decode, FULL): 100%|██████████| 19/19 [00:00<00:00, 25.31it/s]
2026-05-06 06:18:32.006 | INFO     | mineru.backend.vlm.vlm_analyze:get_model:251 - get vllm-async-engine predictor cost: 58.97s
2026-05-06 06:18:32.042 | INFO     | mineru.backend.hybrid.hybrid_analyze:aio_doc_analyze:706 - Hybrid processing-window run. page_count=1, window_size=64, total_windows=1
2026-05-06 06:18:39.554 | INFO     | mineru.backend.hybrid.hybrid_analyze:aio_doc_analyze:727 - Hybrid processing window 1/1: pages 1-1/1 (1 pages)

Two Step Extraction:   0%|          | 0/1 [00:00<?, ?it/s]The image processor of type `Qwen2VLImageProcessor` is now loaded as a fast processor by default, even if the model checkpoint was saved with a slow processor. This is a breaking change and may produce slightly different outputs. To continue using the slow processor, instantiate this class with `use_fast=False`. Note that this behavior will be extended to all models in a future release.

Two Step Extraction: 100%|██████████| 1/1 [00:09<00:00,  9.03s/it]
Two Step Extraction: 100%|██████████| 1/1 [00:09<00:00,  9.03s/it]

Processing pages:   0%|          | 0/1 [00:00<?, ?it/s]
Processing pages: 100%|██████████| 1/1 [00:08<00:00,  8.14s/it]
Processing pages: 100%|██████████| 1/1 [00:08<00:00,  8.14s/it]
2026-05-06 06:18:57.412 | INFO     | mineru.cli.client:run_planned_task:807 - Completed batch 1/1 | Processed 1/1 page | 1 of 1 batch finished | task#1 [PT3_双联弹簧_REV01]
INFO:     Shutting down
INFO:     Waiting for application shutdown.
INFO:     Application shutdown complete.
INFO:     Finished server process [2761570]

2026-05-06 06:19:20.929 | INFO     | mineru.cli.client:run_orchestrated_cli:874 - Started local mineru-api at http://127.0.0.1:46947
2026-05-06 06:19:24.759 | INFO     | __main__:create_app:260 - Request concurrency limited to 3
INFO:     Started server process [2762119]
INFO:     Waiting for application startup.
INFO:     Application startup complete.
INFO:     Uvicorn running on http://127.0.0.1:46947 (Press CTRL+C to quit)
2026-05-06 06:19:24.963 | INFO     | mineru.cli.client:run_planned_task:771 - Submitting batch 1/1 | 1 document, 1 page in this batch | 1 page total | task#1 [PT9L-外观图-v1.0-20240627]
2026-05-06 06:19:29.948 | INFO     | mineru.utils.engine_utils:get_vlm_engine:34 - Using vllm-async-engine as the inference engine for VLM.
2026-05-06 06:19:42.092 | INFO     | mineru.backend.vlm.utils:enable_custom_logits_processors:56 - compute_capability: 8.0 >= 8.0 and vllm version: 0.11.2 >= 0.10.1, enable custom_logits_processors
[1;36m(EngineCore_DP0 pid=2762243)[0;0m The image processor of type `Qwen2VLImageProcessor` is now loaded as a fast processor by default, even if the model checkpoint was saved with a slow processor. This is a breaking change and may produce slightly different outputs. To continue using the slow processor, instantiate this class with `use_fast=False`. Note that this behavior will be extended to all models in a future release.
[1;36m(EngineCore_DP0 pid=2762243)[0;0m /home/s2025244189/miniconda3/envs/mineru/lib/python3.10/site-packages/tvm_ffi/_optional_torch_c_dlpack.py:181: UserWarning: Failed to JIT torch c dlpack extension, EnvTensorAllocator will not be enabled.
[1;36m(EngineCore_DP0 pid=2762243)[0;0m We recommend installing via `pip install torch-c-dlpack-ext`
[1;36m(EngineCore_DP0 pid=2762243)[0;0m   warnings.warn(
[1;36m(EngineCore_DP0 pid=2762243)[0;0m 
Loading safetensors checkpoint shards:   0% Completed | 0/1 [00:00<?, ?it/s]
[1;36m(EngineCore_DP0 pid=2762243)[0;0m 
Loading safetensors checkpoint shards: 100% Completed | 1/1 [00:01<00:00,  1.28s/it]
[1;36m(EngineCore_DP0 pid=2762243)[0;0m 
Loading safetensors checkpoint shards: 100% Completed | 1/1 [00:01<00:00,  1.28s/it]
[1;36m(EngineCore_DP0 pid=2762243)[0;0m 
[1;36m(EngineCore_DP0 pid=2762243)[0;0m 
Capturing CUDA graphs (mixed prefill-decode, PIECEWISE):   0%|          | 0/35 [00:00<?, ?it/s]
Capturing CUDA graphs (mixed prefill-decode, PIECEWISE):   9%|▊         | 3/35 [00:00<00:01, 21.51it/s]
Capturing CUDA graphs (mixed prefill-decode, PIECEWISE):  17%|█▋        | 6/35 [00:00<00:01, 23.02it/s]
Capturing CUDA graphs (mixed prefill-decode, PIECEWISE):  26%|██▌       | 9/35 [00:00<00:01, 22.82it/s]
Capturing CUDA graphs (mixed prefill-decode, PIECEWISE):  34%|███▍      | 12/35 [00:00<00:00, 23.58it/s]
Capturing CUDA graphs (mixed prefill-decode, PIECEWISE):  43%|████▎     | 15/35 [00:00<00:00, 23.97it/s]
Capturing CUDA graphs (mixed prefill-decode, PIECEWISE):  51%|█████▏    | 18/35 [00:00<00:00, 24.44it/s]
Capturing CUDA graphs (mixed prefill-decode, PIECEWISE):  60%|██████    | 21/35 [00:00<00:00, 24.62it/s]
Capturing CUDA graphs (mixed prefill-decode, PIECEWISE):  69%|██████▊   | 24/35 [00:01<00:00, 24.33it/s]
Capturing CUDA graphs (mixed prefill-decode, PIECEWISE):  77%|███████▋  | 27/35 [00:01<00:00, 24.22it/s]
Capturing CUDA graphs (mixed prefill-decode, PIECEWISE):  86%|████████▌ | 30/35 [00:01<00:00, 20.90it/s]
Capturing CUDA graphs (mixed prefill-decode, PIECEWISE):  94%|█████████▍| 33/35 [00:01<00:00, 21.30it/s]
Capturing CUDA graphs (mixed prefill-decode, PIECEWISE): 100%|██████████| 35/35 [00:01<00:00, 22.73it/s]
[1;36m(EngineCore_DP0 pid=2762243)[0;0m 
Capturing CUDA graphs (decode, FULL):   0%|          | 0/19 [00:00<?, ?it/s]
Capturing CUDA graphs (decode, FULL):  16%|█▌        | 3/19 [00:00<00:00, 21.11it/s]
Capturing CUDA graphs (decode, FULL):  32%|███▏      | 6/19 [00:00<00:00, 21.61it/s]
Capturing CUDA graphs (decode, FULL):  47%|████▋     | 9/19 [00:00<00:00, 22.14it/s]
Capturing CUDA graphs (decode, FULL):  63%|██████▎   | 12/19 [00:00<00:00, 22.42it/s]
Capturing CUDA graphs (decode, FULL):  79%|███████▉  | 15/19 [00:00<00:00, 22.52it/s]
Capturing CUDA graphs (decode, FULL):  95%|█████████▍| 18/19 [00:00<00:00, 22.41it/s]
Capturing CUDA graphs (decode, FULL): 100%|██████████| 19/19 [00:00<00:00, 22.39it/s]
2026-05-06 06:20:40.565 | INFO     | mineru.backend.vlm.vlm_analyze:get_model:251 - get vllm-async-engine predictor cost: 62.33s
2026-05-06 06:20:40.608 | INFO     | mineru.backend.hybrid.hybrid_analyze:aio_doc_analyze:706 - Hybrid processing-window run. page_count=1, window_size=64, total_windows=1
2026-05-06 06:20:46.764 | INFO     | mineru.backend.hybrid.hybrid_analyze:aio_doc_analyze:727 - Hybrid processing window 1/1: pages 1-1/1 (1 pages)

Two Step Extraction:   0%|          | 0/1 [00:00<?, ?it/s]The image processor of type `Qwen2VLImageProcessor` is now loaded as a fast processor by default, even if the model checkpoint was saved with a slow processor. This is a breaking change and may produce slightly different outputs. To continue using the slow processor, instantiate this class with `use_fast=False`. Note that this behavior will be extended to all models in a future release.

Two Step Extraction: 100%|██████████| 1/1 [00:06<00:00,  6.30s/it]
Two Step Extraction: 100%|██████████| 1/1 [00:06<00:00,  6.30s/it]

Processing pages:   0%|          | 0/1 [00:00<?, ?it/s]
Processing pages: 100%|██████████| 1/1 [00:06<00:00,  6.29s/it]
Processing pages: 100%|██████████| 1/1 [00:06<00:00,  6.29s/it]
2026-05-06 06:20:59.909 | INFO     | mineru.cli.client:run_planned_task:807 - Completed batch 1/1 | Processed 1/1 page | 1 of 1 batch finished | task#1 [PT9L-外观图-v1.0-20240627]
INFO:     Shutting down
[rank0]:[W506 06:21:10.419796977 ProcessGroupNCCL.cpp:1524] Warning: WARNING: destroy_process_group() was not called before program exit, which can leak resources. For more info, please see https://pytorch.org/docs/stable/distributed.html#shutdown (function operator())
INFO:     Waiting for application shutdown.
INFO:     Application shutdown complete.
INFO:     Finished server process [2762119]

2026-05-06 06:21:20.288 | INFO     | mineru.cli.client:run_orchestrated_cli:874 - Started local mineru-api at http://127.0.0.1:44753
2026-05-06 06:21:24.039 | INFO     | __main__:create_app:260 - Request concurrency limited to 3
INFO:     Started server process [2762783]
INFO:     Waiting for application startup.
INFO:     Application startup complete.
INFO:     Uvicorn running on http://127.0.0.1:44753 (Press CTRL+C to quit)
2026-05-06 06:21:24.321 | INFO     | mineru.cli.client:run_planned_task:771 - Submitting batch 1/1 | 1 document, 1 page in this batch | 1 page total | task#1 [PT9L-总装图-v1.0-20240627]
2026-05-06 06:21:28.612 | INFO     | mineru.utils.engine_utils:get_vlm_engine:34 - Using vllm-async-engine as the inference engine for VLM.
2026-05-06 06:21:37.445 | INFO     | mineru.backend.vlm.utils:enable_custom_logits_processors:56 - compute_capability: 8.0 >= 8.0 and vllm version: 0.11.2 >= 0.10.1, enable custom_logits_processors
[1;36m(EngineCore_DP0 pid=2762892)[0;0m The image processor of type `Qwen2VLImageProcessor` is now loaded as a fast processor by default, even if the model checkpoint was saved with a slow processor. This is a breaking change and may produce slightly different outputs. To continue using the slow processor, instantiate this class with `use_fast=False`. Note that this behavior will be extended to all models in a future release.
[1;36m(EngineCore_DP0 pid=2762892)[0;0m /home/s2025244189/miniconda3/envs/mineru/lib/python3.10/site-packages/tvm_ffi/_optional_torch_c_dlpack.py:181: UserWarning: Failed to JIT torch c dlpack extension, EnvTensorAllocator will not be enabled.
[1;36m(EngineCore_DP0 pid=2762892)[0;0m We recommend installing via `pip install torch-c-dlpack-ext`
[1;36m(EngineCore_DP0 pid=2762892)[0;0m   warnings.warn(
[1;36m(EngineCore_DP0 pid=2762892)[0;0m 
Loading safetensors checkpoint shards:   0% Completed | 0/1 [00:00<?, ?it/s]
[1;36m(EngineCore_DP0 pid=2762892)[0;0m 
Loading safetensors checkpoint shards: 100% Completed | 1/1 [00:01<00:00,  1.24s/it]
[1;36m(EngineCore_DP0 pid=2762892)[0;0m 
Loading safetensors checkpoint shards: 100% Completed | 1/1 [00:01<00:00,  1.24s/it]
[1;36m(EngineCore_DP0 pid=2762892)[0;0m 
[1;36m(EngineCore_DP0 pid=2762892)[0;0m 
Capturing CUDA graphs (mixed prefill-decode, PIECEWISE):   0%|          | 0/35 [00:00<?, ?it/s]
Capturing CUDA graphs (mixed prefill-decode, PIECEWISE):   9%|▊         | 3/35 [00:00<00:01, 22.19it/s]
Capturing CUDA graphs (mixed prefill-decode, PIECEWISE):  17%|█▋        | 6/35 [00:00<00:01, 23.32it/s]
Capturing CUDA graphs (mixed prefill-decode, PIECEWISE):  26%|██▌       | 9/35 [00:00<00:01, 24.29it/s]
Capturing CUDA graphs (mixed prefill-decode, PIECEWISE):  34%|███▍      | 12/35 [00:00<00:00, 25.16it/s]
Capturing CUDA graphs (mixed prefill-decode, PIECEWISE):  43%|████▎     | 15/35 [00:00<00:00, 25.40it/s]
Capturing CUDA graphs (mixed prefill-decode, PIECEWISE):  51%|█████▏    | 18/35 [00:00<00:00, 25.32it/s]
Capturing CUDA graphs (mixed prefill-decode, PIECEWISE):  60%|██████    | 21/35 [00:00<00:00, 24.65it/s]
Capturing CUDA graphs (mixed prefill-decode, PIECEWISE):  69%|██████▊   | 24/35 [00:00<00:00, 24.47it/s]
Capturing CUDA graphs (mixed prefill-decode, PIECEWISE):  77%|███████▋  | 27/35 [00:01<00:00, 24.45it/s]
Capturing CUDA graphs (mixed prefill-decode, PIECEWISE):  86%|████████▌ | 30/35 [00:01<00:00, 21.95it/s]
Capturing CUDA graphs (mixed prefill-decode, PIECEWISE):  94%|█████████▍| 33/35 [00:01<00:00, 22.41it/s]
Capturing CUDA graphs (mixed prefill-decode, PIECEWISE): 100%|██████████| 35/35 [00:01<00:00, 23.68it/s]
[1;36m(EngineCore_DP0 pid=2762892)[0;0m 
Capturing CUDA graphs (decode, FULL):   0%|          | 0/19 [00:00<?, ?it/s]
Capturing CUDA graphs (decode, FULL):  16%|█▌        | 3/19 [00:00<00:00, 24.25it/s]
Capturing CUDA graphs (decode, FULL):  32%|███▏      | 6/19 [00:00<00:00, 23.93it/s]
Capturing CUDA graphs (decode, FULL):  47%|████▋     | 9/19 [00:00<00:00, 24.71it/s]
Capturing CUDA graphs (decode, FULL):  63%|██████▎   | 12/19 [00:00<00:00, 25.28it/s]
Capturing CUDA graphs (decode, FULL):  79%|███████▉  | 15/19 [00:00<00:00, 25.03it/s]
Capturing CUDA graphs (decode, FULL):  95%|█████████▍| 18/19 [00:00<00:00, 25.45it/s]
Capturing CUDA graphs (decode, FULL): 100%|██████████| 19/19 [00:00<00:00, 25.22it/s]
2026-05-06 06:22:28.466 | INFO     | mineru.backend.vlm.vlm_analyze:get_model:251 - get vllm-async-engine predictor cost: 53.93s
2026-05-06 06:22:28.517 | INFO     | mineru.backend.hybrid.hybrid_analyze:aio_doc_analyze:706 - Hybrid processing-window run. page_count=1, window_size=64, total_windows=1
2026-05-06 06:22:33.789 | INFO     | mineru.backend.hybrid.hybrid_analyze:aio_doc_analyze:727 - Hybrid processing window 1/1: pages 1-1/1 (1 pages)

Two Step Extraction:   0%|          | 0/1 [00:00<?, ?it/s]The image processor of type `Qwen2VLImageProcessor` is now loaded as a fast processor by default, even if the model checkpoint was saved with a slow processor. This is a breaking change and may produce slightly different outputs. To continue using the slow processor, instantiate this class with `use_fast=False`. Note that this behavior will be extended to all models in a future release.

Two Step Extraction: 100%|██████████| 1/1 [00:06<00:00,  6.92s/it]
Two Step Extraction: 100%|██████████| 1/1 [00:06<00:00,  6.92s/it]

Processing pages:   0%|          | 0/1 [00:00<?, ?it/s]
Processing pages: 100%|██████████| 1/1 [00:06<00:00,  6.64s/it]
Processing pages: 100%|██████████| 1/1 [00:06<00:00,  6.64s/it]
2026-05-06 06:22:48.001 | INFO     | mineru.cli.client:run_planned_task:807 - Completed batch 1/1 | Processed 1/1 page | 1 of 1 batch finished | task#1 [PT9L-总装图-v1.0-20240627]
INFO:     Shutting down
INFO:     Waiting for application shutdown.
INFO:     Application shutdown complete.
INFO:     Finished server process [2762783]

2026-05-06 06:23:10.327 | INFO     | mineru.cli.client:run_orchestrated_cli:874 - Started local mineru-api at http://127.0.0.1:36765
2026-05-06 06:23:14.273 | INFO     | __main__:create_app:260 - Request concurrency limited to 3
INFO:     Started server process [2763301]
INFO:     Waiting for application startup.
INFO:     Application startup complete.
INFO:     Uvicorn running on http://127.0.0.1:36765 (Press CTRL+C to quit)
2026-05-06 06:23:15.364 | INFO     | mineru.cli.client:run_planned_task:771 - Submitting batch 1/1 | 1 document, 1 page in this batch | 1 page total | task#1 [PT9L-斑马条-v2.0-20240524]
2026-05-06 06:23:19.870 | INFO     | mineru.utils.engine_utils:get_vlm_engine:34 - Using vllm-async-engine as the inference engine for VLM.
2026-05-06 06:23:28.976 | INFO     | mineru.backend.vlm.utils:enable_custom_logits_processors:56 - compute_capability: 8.0 >= 8.0 and vllm version: 0.11.2 >= 0.10.1, enable custom_logits_processors
[1;36m(EngineCore_DP0 pid=2763421)[0;0m The image processor of type `Qwen2VLImageProcessor` is now loaded as a fast processor by default, even if the model checkpoint was saved with a slow processor. This is a breaking change and may produce slightly different outputs. To continue using the slow processor, instantiate this class with `use_fast=False`. Note that this behavior will be extended to all models in a future release.
[1;36m(EngineCore_DP0 pid=2763421)[0;0m /home/s2025244189/miniconda3/envs/mineru/lib/python3.10/site-packages/tvm_ffi/_optional_torch_c_dlpack.py:181: UserWarning: Failed to JIT torch c dlpack extension, EnvTensorAllocator will not be enabled.
[1;36m(EngineCore_DP0 pid=2763421)[0;0m We recommend installing via `pip install torch-c-dlpack-ext`
[1;36m(EngineCore_DP0 pid=2763421)[0;0m   warnings.warn(
[1;36m(EngineCore_DP0 pid=2763421)[0;0m 
Loading safetensors checkpoint shards:   0% Completed | 0/1 [00:00<?, ?it/s]
[1;36m(EngineCore_DP0 pid=2763421)[0;0m 
Loading safetensors checkpoint shards: 100% Completed | 1/1 [00:01<00:00,  1.25s/it]
[1;36m(EngineCore_DP0 pid=2763421)[0;0m 
Loading safetensors checkpoint shards: 100% Completed | 1/1 [00:01<00:00,  1.25s/it]
[1;36m(EngineCore_DP0 pid=2763421)[0;0m 
[1;36m(EngineCore_DP0 pid=2763421)[0;0m 
Capturing CUDA graphs (mixed prefill-decode, PIECEWISE):   0%|          | 0/35 [00:00<?, ?it/s]
Capturing CUDA graphs (mixed prefill-decode, PIECEWISE):   9%|▊         | 3/35 [00:00<00:01, 25.02it/s]
Capturing CUDA graphs (mixed prefill-decode, PIECEWISE):  17%|█▋        | 6/35 [00:00<00:01, 25.06it/s]
Capturing CUDA graphs (mixed prefill-decode, PIECEWISE):  26%|██▌       | 9/35 [00:00<00:01, 25.05it/s]
Capturing CUDA graphs (mixed prefill-decode, PIECEWISE):  34%|███▍      | 12/35 [00:00<00:00, 24.94it/s]
Capturing CUDA graphs (mixed prefill-decode, PIECEWISE):  43%|████▎     | 15/35 [00:00<00:00, 23.62it/s]
Capturing CUDA graphs (mixed prefill-decode, PIECEWISE):  51%|█████▏    | 18/35 [00:00<00:00, 23.65it/s]
Capturing CUDA graphs (mixed prefill-decode, PIECEWISE):  60%|██████    | 21/35 [00:00<00:00, 23.57it/s]
Capturing CUDA graphs (mixed prefill-decode, PIECEWISE):  69%|██████▊   | 24/35 [00:01<00:00, 22.67it/s]
Capturing CUDA graphs (mixed prefill-decode, PIECEWISE):  77%|███████▋  | 27/35 [00:01<00:00, 22.33it/s]
Capturing CUDA graphs (mixed prefill-decode, PIECEWISE):  86%|████████▌ | 30/35 [00:01<00:00, 20.96it/s]
Capturing CUDA graphs (mixed prefill-decode, PIECEWISE):  94%|█████████▍| 33/35 [00:01<00:00, 21.77it/s]
Capturing CUDA graphs (mixed prefill-decode, PIECEWISE): 100%|██████████| 35/35 [00:01<00:00, 22.91it/s]
[1;36m(EngineCore_DP0 pid=2763421)[0;0m 
Capturing CUDA graphs (decode, FULL):   0%|          | 0/19 [00:00<?, ?it/s]
Capturing CUDA graphs (decode, FULL):  16%|█▌        | 3/19 [00:00<00:00, 24.14it/s]
Capturing CUDA graphs (decode, FULL):  32%|███▏      | 6/19 [00:00<00:00, 23.84it/s]
Capturing CUDA graphs (decode, FULL):  47%|████▋     | 9/19 [00:00<00:00, 22.04it/s]
Capturing CUDA graphs (decode, FULL):  63%|██████▎   | 12/19 [00:00<00:00, 23.36it/s]
Capturing CUDA graphs (decode, FULL):  79%|███████▉  | 15/19 [00:00<00:00, 23.37it/s]
Capturing CUDA graphs (decode, FULL):  95%|█████████▍| 18/19 [00:00<00:00, 23.91it/s]
Capturing CUDA graphs (decode, FULL): 100%|██████████| 19/19 [00:00<00:00, 23.65it/s]
2026-05-06 06:24:21.966 | INFO     | mineru.backend.vlm.vlm_analyze:get_model:251 - get vllm-async-engine predictor cost: 56.03s
2026-05-06 06:24:21.995 | INFO     | mineru.backend.hybrid.hybrid_analyze:aio_doc_analyze:706 - Hybrid processing-window run. page_count=1, window_size=64, total_windows=1
2026-05-06 06:24:28.362 | INFO     | mineru.backend.hybrid.hybrid_analyze:aio_doc_analyze:727 - Hybrid processing window 1/1: pages 1-1/1 (1 pages)

Two Step Extraction:   0%|          | 0/1 [00:00<?, ?it/s]The image processor of type `Qwen2VLImageProcessor` is now loaded as a fast processor by default, even if the model checkpoint was saved with a slow processor. This is a breaking change and may produce slightly different outputs. To continue using the slow processor, instantiate this class with `use_fast=False`. Note that this behavior will be extended to all models in a future release.

Two Step Extraction: 100%|██████████| 1/1 [00:07<00:00,  7.55s/it]
Two Step Extraction: 100%|██████████| 1/1 [00:07<00:00,  7.55s/it]

Processing pages:   0%|          | 0/1 [00:00<?, ?it/s]
Processing pages: 100%|██████████| 1/1 [00:06<00:00,  6.55s/it]
Processing pages: 100%|██████████| 1/1 [00:06<00:00,  6.55s/it]
2026-05-06 06:24:43.032 | INFO     | mineru.cli.client:run_planned_task:807 - Completed batch 1/1 | Processed 1/1 page | 1 of 1 batch finished | task#1 [PT9L-斑马条-v2.0-20240524]
INFO:     Shutting down
INFO:     Waiting for application shutdown.
INFO:     Application shutdown complete.
INFO:     Finished server process [2763301]

2026-05-06 06:25:04.504 | INFO     | mineru.cli.client:run_orchestrated_cli:874 - Started local mineru-api at http://127.0.0.1:51345
2026-05-06 06:25:08.288 | INFO     | __main__:create_app:260 - Request concurrency limited to 3
INFO:     Started server process [2763960]
INFO:     Waiting for application startup.
INFO:     Application startup complete.
INFO:     Uvicorn running on http://127.0.0.1:51345 (Press CTRL+C to quit)
2026-05-06 06:25:08.537 | INFO     | mineru.cli.client:run_planned_task:771 - Submitting batch 1/1 | 1 document, 1 page in this batch | 1 page total | task#1 [PT9L-液晶-20240627]
2026-05-06 06:25:13.558 | INFO     | mineru.utils.engine_utils:get_vlm_engine:34 - Using vllm-async-engine as the inference engine for VLM.
2026-05-06 06:25:25.088 | INFO     | mineru.backend.vlm.utils:enable_custom_logits_processors:56 - compute_capability: 8.0 >= 8.0 and vllm version: 0.11.2 >= 0.10.1, enable custom_logits_processors
[1;36m(EngineCore_DP0 pid=2764103)[0;0m The image processor of type `Qwen2VLImageProcessor` is now loaded as a fast processor by default, even if the model checkpoint was saved with a slow processor. This is a breaking change and may produce slightly different outputs. To continue using the slow processor, instantiate this class with `use_fast=False`. Note that this behavior will be extended to all models in a future release.
[1;36m(EngineCore_DP0 pid=2764103)[0;0m /home/s2025244189/miniconda3/envs/mineru/lib/python3.10/site-packages/tvm_ffi/_optional_torch_c_dlpack.py:181: UserWarning: Failed to JIT torch c dlpack extension, EnvTensorAllocator will not be enabled.
[1;36m(EngineCore_DP0 pid=2764103)[0;0m We recommend installing via `pip install torch-c-dlpack-ext`
[1;36m(EngineCore_DP0 pid=2764103)[0;0m   warnings.warn(
[1;36m(EngineCore_DP0 pid=2764103)[0;0m 
Loading safetensors checkpoint shards:   0% Completed | 0/1 [00:00<?, ?it/s]
[1;36m(EngineCore_DP0 pid=2764103)[0;0m 
Loading safetensors checkpoint shards: 100% Completed | 1/1 [00:01<00:00,  1.17s/it]
[1;36m(EngineCore_DP0 pid=2764103)[0;0m 
Loading safetensors checkpoint shards: 100% Completed | 1/1 [00:01<00:00,  1.17s/it]
[1;36m(EngineCore_DP0 pid=2764103)[0;0m 
[1;36m(EngineCore_DP0 pid=2764103)[0;0m 
Capturing CUDA graphs (mixed prefill-decode, PIECEWISE):   0%|          | 0/35 [00:00<?, ?it/s]
Capturing CUDA graphs (mixed prefill-decode, PIECEWISE):   9%|▊         | 3/35 [00:00<00:01, 22.09it/s]
Capturing CUDA graphs (mixed prefill-decode, PIECEWISE):  17%|█▋        | 6/35 [00:00<00:01, 23.83it/s]
Capturing CUDA graphs (mixed prefill-decode, PIECEWISE):  26%|██▌       | 9/35 [00:00<00:01, 24.28it/s]
Capturing CUDA graphs (mixed prefill-decode, PIECEWISE):  34%|███▍      | 12/35 [00:00<00:00, 23.56it/s]
Capturing CUDA graphs (mixed prefill-decode, PIECEWISE):  43%|████▎     | 15/35 [00:00<00:00, 23.51it/s]
Capturing CUDA graphs (mixed prefill-decode, PIECEWISE):  51%|█████▏    | 18/35 [00:00<00:00, 22.05it/s]
Capturing CUDA graphs (mixed prefill-decode, PIECEWISE):  60%|██████    | 21/35 [00:00<00:00, 21.48it/s]
Capturing CUDA graphs (mixed prefill-decode, PIECEWISE):  69%|██████▊   | 24/35 [00:01<00:00, 21.57it/s]
Capturing CUDA graphs (mixed prefill-decode, PIECEWISE):  77%|███████▋  | 27/35 [00:01<00:00, 22.81it/s]
Capturing CUDA graphs (mixed prefill-decode, PIECEWISE):  86%|████████▌ | 30/35 [00:01<00:00, 21.32it/s]
Capturing CUDA graphs (mixed prefill-decode, PIECEWISE):  94%|█████████▍| 33/35 [00:01<00:00, 22.16it/s]
Capturing CUDA graphs (mixed prefill-decode, PIECEWISE): 100%|██████████| 35/35 [00:01<00:00, 22.30it/s]
[1;36m(EngineCore_DP0 pid=2764103)[0;0m 
Capturing CUDA graphs (decode, FULL):   0%|          | 0/19 [00:00<?, ?it/s]
Capturing CUDA graphs (decode, FULL):  16%|█▌        | 3/19 [00:00<00:00, 23.30it/s]
Capturing CUDA graphs (decode, FULL):  32%|███▏      | 6/19 [00:00<00:00, 23.88it/s]
Capturing CUDA graphs (decode, FULL):  47%|████▋     | 9/19 [00:00<00:00, 23.85it/s]
Capturing CUDA graphs (decode, FULL):  63%|██████▎   | 12/19 [00:00<00:00, 23.29it/s]
Capturing CUDA graphs (decode, FULL):  79%|███████▉  | 15/19 [00:00<00:00, 23.69it/s]
Capturing CUDA graphs (decode, FULL):  95%|█████████▍| 18/19 [00:00<00:00, 24.32it/s]
Capturing CUDA graphs (decode, FULL): 100%|██████████| 19/19 [00:00<00:00, 24.05it/s]
2026-05-06 06:26:17.143 | INFO     | mineru.backend.vlm.vlm_analyze:get_model:251 - get vllm-async-engine predictor cost: 55.73s
2026-05-06 06:26:18.251 | INFO     | mineru.backend.hybrid.hybrid_analyze:aio_doc_analyze:706 - Hybrid processing-window run. page_count=1, window_size=64, total_windows=1
2026-05-06 06:26:18.296 | INFO     | mineru.backend.hybrid.hybrid_analyze:get_batch_ratio:515 - hybrid batch ratio (auto, vram=79GB): 16
2026-05-06 06:26:23.071 | INFO     | mineru.backend.hybrid.hybrid_analyze:aio_doc_analyze:727 - Hybrid processing window 1/1: pages 1-1/1 (1 pages)

Two Step Extraction:   0%|          | 0/1 [00:00<?, ?it/s]The image processor of type `Qwen2VLImageProcessor` is now loaded as a fast processor by default, even if the model checkpoint was saved with a slow processor. This is a breaking change and may produce slightly different outputs. To continue using the slow processor, instantiate this class with `use_fast=False`. Note that this behavior will be extended to all models in a future release.

Two Step Extraction: 100%|██████████| 1/1 [00:08<00:00,  8.64s/it]
Two Step Extraction: 100%|██████████| 1/1 [00:08<00:00,  8.64s/it]

Layout Predict:   0%|          | 0/1 [00:00<?, ?it/s]
Layout Predict: 100%|██████████| 1/1 [00:03<00:00,  3.18s/it]
Layout Predict: 100%|██████████| 1/1 [00:03<00:00,  3.18s/it]

OCR-det:   0%|          | 0/5 [00:00<?, ?it/s]
OCR-det: 100%|██████████| 5/5 [00:00<00:00, 40.88it/s]
OCR-det: 100%|██████████| 5/5 [00:00<00:00, 40.79it/s]

Processing pages:   0%|          | 0/1 [00:00<?, ?it/s]
Processing pages: 100%|██████████| 1/1 [00:00<00:00, 13.74it/s]

OCR-rec Predict:   0%|          | 0/8 [00:00<?, ?it/s]
OCR-rec Predict: 100%|██████████| 8/8 [00:00<00:00, 153.80it/s]
2026-05-06 06:26:43.317 | INFO     | mineru.cli.client:run_planned_task:807 - Completed batch 1/1 | Processed 1/1 page | 1 of 1 batch finished | task#1 [PT9L-液晶-20240627]
INFO:     Shutting down
INFO:     Waiting for application shutdown.
INFO:     Application shutdown complete.
INFO:     Finished server process [2763960]

2026-05-06 06:27:05.627 | INFO     | mineru.cli.client:run_orchestrated_cli:874 - Started local mineru-api at http://127.0.0.1:41631
2026-05-06 06:27:09.122 | INFO     | __main__:create_app:260 - Request concurrency limited to 3
INFO:     Started server process [2764542]
INFO:     Waiting for application startup.
INFO:     Application startup complete.
INFO:     Uvicorn running on http://127.0.0.1:41631 (Press CTRL+C to quit)
2026-05-06 06:27:09.660 | INFO     | mineru.cli.client:run_planned_task:771 - Submitting batch 1/1 | 1 document, 1 page in this batch | 1 page total | task#1 [PT9L]
2026-05-06 06:27:13.458 | INFO     | mineru.utils.engine_utils:get_vlm_engine:34 - Using vllm-async-engine as the inference engine for VLM.
2026-05-06 06:27:23.076 | INFO     | mineru.backend.vlm.utils:enable_custom_logits_processors:56 - compute_capability: 8.0 >= 8.0 and vllm version: 0.11.2 >= 0.10.1, enable custom_logits_processors
[1;36m(EngineCore_DP0 pid=2764666)[0;0m The image processor of type `Qwen2VLImageProcessor` is now loaded as a fast processor by default, even if the model checkpoint was saved with a slow processor. This is a breaking change and may produce slightly different outputs. To continue using the slow processor, instantiate this class with `use_fast=False`. Note that this behavior will be extended to all models in a future release.
[1;36m(EngineCore_DP0 pid=2764666)[0;0m /home/s2025244189/miniconda3/envs/mineru/lib/python3.10/site-packages/tvm_ffi/_optional_torch_c_dlpack.py:181: UserWarning: Failed to JIT torch c dlpack extension, EnvTensorAllocator will not be enabled.
[1;36m(EngineCore_DP0 pid=2764666)[0;0m We recommend installing via `pip install torch-c-dlpack-ext`
[1;36m(EngineCore_DP0 pid=2764666)[0;0m   warnings.warn(
[1;36m(EngineCore_DP0 pid=2764666)[0;0m 
Loading safetensors checkpoint shards:   0% Completed | 0/1 [00:00<?, ?it/s]
[1;36m(EngineCore_DP0 pid=2764666)[0;0m 
Loading safetensors checkpoint shards: 100% Completed | 1/1 [00:01<00:00,  1.32s/it]
[1;36m(EngineCore_DP0 pid=2764666)[0;0m 
Loading safetensors checkpoint shards: 100% Completed | 1/1 [00:01<00:00,  1.32s/it]
[1;36m(EngineCore_DP0 pid=2764666)[0;0m 
[1;36m(EngineCore_DP0 pid=2764666)[0;0m 
Capturing CUDA graphs (mixed prefill-decode, PIECEWISE):   0%|          | 0/35 [00:00<?, ?it/s]
Capturing CUDA graphs (mixed prefill-decode, PIECEWISE):   9%|▊         | 3/35 [00:00<00:01, 26.58it/s]
Capturing CUDA graphs (mixed prefill-decode, PIECEWISE):  17%|█▋        | 6/35 [00:00<00:01, 26.21it/s]
Capturing CUDA graphs (mixed prefill-decode, PIECEWISE):  26%|██▌       | 9/35 [00:00<00:00, 26.98it/s]
Capturing CUDA graphs (mixed prefill-decode, PIECEWISE):  34%|███▍      | 12/35 [00:00<00:00, 27.29it/s]
Capturing CUDA graphs (mixed prefill-decode, PIECEWISE):  43%|████▎     | 15/35 [00:00<00:00, 27.40it/s]
Capturing CUDA graphs (mixed prefill-decode, PIECEWISE):  51%|█████▏    | 18/35 [00:00<00:00, 26.75it/s]
Capturing CUDA graphs (mixed prefill-decode, PIECEWISE):  60%|██████    | 21/35 [00:00<00:00, 26.96it/s]
Capturing CUDA graphs (mixed prefill-decode, PIECEWISE):  69%|██████▊   | 24/35 [00:00<00:00, 27.14it/s]
Capturing CUDA graphs (mixed prefill-decode, PIECEWISE):  77%|███████▋  | 27/35 [00:01<00:00, 26.46it/s]
Capturing CUDA graphs (mixed prefill-decode, PIECEWISE):  86%|████████▌ | 30/35 [00:01<00:00, 22.79it/s]
Capturing CUDA graphs (mixed prefill-decode, PIECEWISE):  94%|█████████▍| 33/35 [00:01<00:00, 23.37it/s]
Capturing CUDA graphs (mixed prefill-decode, PIECEWISE): 100%|██████████| 35/35 [00:01<00:00, 25.43it/s]
[1;36m(EngineCore_DP0 pid=2764666)[0;0m 
Capturing CUDA graphs (decode, FULL):   0%|          | 0/19 [00:00<?, ?it/s]
Capturing CUDA graphs (decode, FULL):  16%|█▌        | 3/19 [00:00<00:00, 25.95it/s]
Capturing CUDA graphs (decode, FULL):  32%|███▏      | 6/19 [00:00<00:00, 25.96it/s]
Capturing CUDA graphs (decode, FULL):  47%|████▋     | 9/19 [00:00<00:00, 25.50it/s]
Capturing CUDA graphs (decode, FULL):  63%|██████▎   | 12/19 [00:00<00:00, 24.85it/s]
Capturing CUDA graphs (decode, FULL):  79%|███████▉  | 15/19 [00:00<00:00, 24.16it/s]
Capturing CUDA graphs (decode, FULL):  95%|█████████▍| 18/19 [00:00<00:00, 24.64it/s]
Capturing CUDA graphs (decode, FULL): 100%|██████████| 19/19 [00:00<00:00, 25.01it/s]
2026-05-06 06:28:17.070 | INFO     | mineru.backend.vlm.vlm_analyze:get_model:251 - get vllm-async-engine predictor cost: 57.51s
2026-05-06 06:28:17.121 | INFO     | mineru.backend.hybrid.hybrid_analyze:aio_doc_analyze:706 - Hybrid processing-window run. page_count=1, window_size=64, total_windows=1
2026-05-06 06:28:22.498 | INFO     | mineru.backend.hybrid.hybrid_analyze:aio_doc_analyze:727 - Hybrid processing window 1/1: pages 1-1/1 (1 pages)

Two Step Extraction:   0%|          | 0/1 [00:00<?, ?it/s]The image processor of type `Qwen2VLImageProcessor` is now loaded as a fast processor by default, even if the model checkpoint was saved with a slow processor. This is a breaking change and may produce slightly different outputs. To continue using the slow processor, instantiate this class with `use_fast=False`. Note that this behavior will be extended to all models in a future release.

Two Step Extraction: 100%|██████████| 1/1 [00:08<00:00,  8.43s/it]
Two Step Extraction: 100%|██████████| 1/1 [00:08<00:00,  8.43s/it]

Processing pages:   0%|          | 0/1 [00:00<?, ?it/s]
Processing pages: 100%|██████████| 1/1 [00:00<00:00, 12.77it/s]
2026-05-06 06:28:31.863 | INFO     | mineru.cli.client:run_planned_task:807 - Completed batch 1/1 | Processed 1/1 page | 1 of 1 batch finished | task#1 [PT9L]
INFO:     Shutting down
[rank0]:[W506 06:28:42.387523538 ProcessGroupNCCL.cpp:1524] Warning: WARNING: destroy_process_group() was not called before program exit, which can leak resources. For more info, please see https://pytorch.org/docs/stable/distributed.html#shutdown (function operator())
INFO:     Waiting for application shutdown.
INFO:     Application shutdown complete.
INFO:     Finished server process [2764542]

2026-05-06 06:28:51.771 | INFO     | mineru.cli.client:run_orchestrated_cli:874 - Started local mineru-api at http://127.0.0.1:58699
2026-05-06 06:28:55.051 | INFO     | __main__:create_app:260 - Request concurrency limited to 3
INFO:     Started server process [2765073]
INFO:     Waiting for application startup.
INFO:     Application startup complete.
INFO:     Uvicorn running on http://127.0.0.1:58699 (Press CTRL+C to quit)
2026-05-06 06:28:55.803 | INFO     | mineru.cli.client:run_planned_task:771 - Submitting batch 1/1 | 1 document, 1 page in this batch | 1 page total | task#1 [T-Z1-上盖-v3.0-20240627]
2026-05-06 06:28:59.359 | INFO     | mineru.utils.engine_utils:get_vlm_engine:34 - Using vllm-async-engine as the inference engine for VLM.
2026-05-06 06:29:07.640 | INFO     | mineru.backend.vlm.utils:enable_custom_logits_processors:56 - compute_capability: 8.0 >= 8.0 and vllm version: 0.11.2 >= 0.10.1, enable custom_logits_processors
[1;36m(EngineCore_DP0 pid=2765182)[0;0m The image processor of type `Qwen2VLImageProcessor` is now loaded as a fast processor by default, even if the model checkpoint was saved with a slow processor. This is a breaking change and may produce slightly different outputs. To continue using the slow processor, instantiate this class with `use_fast=False`. Note that this behavior will be extended to all models in a future release.
[1;36m(EngineCore_DP0 pid=2765182)[0;0m /home/s2025244189/miniconda3/envs/mineru/lib/python3.10/site-packages/tvm_ffi/_optional_torch_c_dlpack.py:181: UserWarning: Failed to JIT torch c dlpack extension, EnvTensorAllocator will not be enabled.
[1;36m(EngineCore_DP0 pid=2765182)[0;0m We recommend installing via `pip install torch-c-dlpack-ext`
[1;36m(EngineCore_DP0 pid=2765182)[0;0m   warnings.warn(
[1;36m(EngineCore_DP0 pid=2765182)[0;0m 
Loading safetensors checkpoint shards:   0% Completed | 0/1 [00:00<?, ?it/s]
[1;36m(EngineCore_DP0 pid=2765182)[0;0m 
Loading safetensors checkpoint shards: 100% Completed | 1/1 [00:01<00:00,  1.37s/it]
[1;36m(EngineCore_DP0 pid=2765182)[0;0m 
Loading safetensors checkpoint shards: 100% Completed | 1/1 [00:01<00:00,  1.37s/it]
[1;36m(EngineCore_DP0 pid=2765182)[0;0m 
[1;36m(EngineCore_DP0 pid=2765182)[0;0m 
Capturing CUDA graphs (mixed prefill-decode, PIECEWISE):   0%|          | 0/35 [00:00<?, ?it/s]
Capturing CUDA graphs (mixed prefill-decode, PIECEWISE):   9%|▊         | 3/35 [00:00<00:01, 25.50it/s]
Capturing CUDA graphs (mixed prefill-decode, PIECEWISE):  17%|█▋        | 6/35 [00:00<00:01, 25.96it/s]
Capturing CUDA graphs (mixed prefill-decode, PIECEWISE):  26%|██▌       | 9/35 [00:00<00:00, 26.90it/s]
Capturing CUDA graphs (mixed prefill-decode, PIECEWISE):  34%|███▍      | 12/35 [00:00<00:00, 27.24it/s]
Capturing CUDA graphs (mixed prefill-decode, PIECEWISE):  43%|████▎     | 15/35 [00:00<00:00, 27.28it/s]
Capturing CUDA graphs (mixed prefill-decode, PIECEWISE):  51%|█████▏    | 18/35 [00:00<00:00, 27.36it/s]
Capturing CUDA graphs (mixed prefill-decode, PIECEWISE):  60%|██████    | 21/35 [00:00<00:00, 26.40it/s]
Capturing CUDA graphs (mixed prefill-decode, PIECEWISE):  69%|██████▊   | 24/35 [00:00<00:00, 26.43it/s]
Capturing CUDA graphs (mixed prefill-decode, PIECEWISE):  77%|███████▋  | 27/35 [00:01<00:00, 26.44it/s]
Capturing CUDA graphs (mixed prefill-decode, PIECEWISE):  86%|████████▌ | 30/35 [00:01<00:00, 23.53it/s]
Capturing CUDA graphs (mixed prefill-decode, PIECEWISE):  94%|█████████▍| 33/35 [00:01<00:00, 24.44it/s]
Capturing CUDA graphs (mixed prefill-decode, PIECEWISE): 100%|██████████| 35/35 [00:01<00:00, 25.73it/s]
[1;36m(EngineCore_DP0 pid=2765182)[0;0m 
Capturing CUDA graphs (decode, FULL):   0%|          | 0/19 [00:00<?, ?it/s]
Capturing CUDA graphs (decode, FULL):  16%|█▌        | 3/19 [00:00<00:00, 26.12it/s]
Capturing CUDA graphs (decode, FULL):  32%|███▏      | 6/19 [00:00<00:00, 24.98it/s]
Capturing CUDA graphs (decode, FULL):  47%|████▋     | 9/19 [00:00<00:00, 25.10it/s]
Capturing CUDA graphs (decode, FULL):  63%|██████▎   | 12/19 [00:00<00:00, 25.23it/s]
Capturing CUDA graphs (decode, FULL):  79%|███████▉  | 15/19 [00:00<00:00, 25.24it/s]
Capturing CUDA graphs (decode, FULL):  95%|█████████▍| 18/19 [00:00<00:00, 25.83it/s]
Capturing CUDA graphs (decode, FULL): 100%|██████████| 19/19 [00:00<00:00, 25.56it/s]
2026-05-06 06:29:59.299 | INFO     | mineru.backend.vlm.vlm_analyze:get_model:251 - get vllm-async-engine predictor cost: 54.68s
2026-05-06 06:29:59.357 | INFO     | mineru.backend.hybrid.hybrid_analyze:aio_doc_analyze:706 - Hybrid processing-window run. page_count=1, window_size=64, total_windows=1
2026-05-06 06:30:05.264 | INFO     | mineru.backend.hybrid.hybrid_analyze:aio_doc_analyze:727 - Hybrid processing window 1/1: pages 1-1/1 (1 pages)

Two Step Extraction:   0%|          | 0/1 [00:00<?, ?it/s]The image processor of type `Qwen2VLImageProcessor` is now loaded as a fast processor by default, even if the model checkpoint was saved with a slow processor. This is a breaking change and may produce slightly different outputs. To continue using the slow processor, instantiate this class with `use_fast=False`. Note that this behavior will be extended to all models in a future release.

Two Step Extraction: 100%|██████████| 1/1 [00:10<00:00, 10.18s/it]
Two Step Extraction: 100%|██████████| 1/1 [00:10<00:00, 10.18s/it]

Processing pages:   0%|          | 0/1 [00:00<?, ?it/s]
Processing pages: 100%|██████████| 1/1 [00:06<00:00,  6.95s/it]
Processing pages: 100%|██████████| 1/1 [00:06<00:00,  6.95s/it]
2026-05-06 06:30:23.045 | INFO     | mineru.cli.client:run_planned_task:807 - Completed batch 1/1 | Processed 1/1 page | 1 of 1 batch finished | task#1 [T-Z1-上盖-v3.0-20240627]
INFO:     Shutting down
INFO:     Waiting for application shutdown.
INFO:     Application shutdown complete.
INFO:     Finished server process [2765073]

2026-05-06 06:30:45.093 | INFO     | mineru.cli.client:run_orchestrated_cli:874 - Started local mineru-api at http://127.0.0.1:56383
2026-05-06 06:30:48.670 | INFO     | __main__:create_app:260 - Request concurrency limited to 3
INFO:     Started server process [2765669]
INFO:     Waiting for application startup.
INFO:     Application startup complete.
INFO:     Uvicorn running on http://127.0.0.1:56383 (Press CTRL+C to quit)
2026-05-06 06:30:49.125 | INFO     | mineru.cli.client:run_planned_task:771 - Submitting batch 1/1 | 1 document, 1 page in this batch | 1 page total | task#1 [T-Z1-下盖-v2.0-20240627]
2026-05-06 06:30:52.696 | INFO     | mineru.utils.engine_utils:get_vlm_engine:34 - Using vllm-async-engine as the inference engine for VLM.
2026-05-06 06:31:01.308 | INFO     | mineru.backend.vlm.utils:enable_custom_logits_processors:56 - compute_capability: 8.0 >= 8.0 and vllm version: 0.11.2 >= 0.10.1, enable custom_logits_processors
[1;36m(EngineCore_DP0 pid=2765829)[0;0m The image processor of type `Qwen2VLImageProcessor` is now loaded as a fast processor by default, even if the model checkpoint was saved with a slow processor. This is a breaking change and may produce slightly different outputs. To continue using the slow processor, instantiate this class with `use_fast=False`. Note that this behavior will be extended to all models in a future release.
[1;36m(EngineCore_DP0 pid=2765829)[0;0m /home/s2025244189/miniconda3/envs/mineru/lib/python3.10/site-packages/tvm_ffi/_optional_torch_c_dlpack.py:181: UserWarning: Failed to JIT torch c dlpack extension, EnvTensorAllocator will not be enabled.
[1;36m(EngineCore_DP0 pid=2765829)[0;0m We recommend installing via `pip install torch-c-dlpack-ext`
[1;36m(EngineCore_DP0 pid=2765829)[0;0m   warnings.warn(
[1;36m(EngineCore_DP0 pid=2765829)[0;0m 
Loading safetensors checkpoint shards:   0% Completed | 0/1 [00:00<?, ?it/s]
[1;36m(EngineCore_DP0 pid=2765829)[0;0m 
Loading safetensors checkpoint shards: 100% Completed | 1/1 [00:01<00:00,  1.20s/it]
[1;36m(EngineCore_DP0 pid=2765829)[0;0m 
Loading safetensors checkpoint shards: 100% Completed | 1/1 [00:01<00:00,  1.20s/it]
[1;36m(EngineCore_DP0 pid=2765829)[0;0m 
[1;36m(EngineCore_DP0 pid=2765829)[0;0m 
Capturing CUDA graphs (mixed prefill-decode, PIECEWISE):   0%|          | 0/35 [00:00<?, ?it/s]
Capturing CUDA graphs (mixed prefill-decode, PIECEWISE):   9%|▊         | 3/35 [00:00<00:01, 26.69it/s]
Capturing CUDA graphs (mixed prefill-decode, PIECEWISE):  17%|█▋        | 6/35 [00:00<00:01, 26.87it/s]
Capturing CUDA graphs (mixed prefill-decode, PIECEWISE):  26%|██▌       | 9/35 [00:00<00:00, 26.70it/s]
Capturing CUDA graphs (mixed prefill-decode, PIECEWISE):  34%|███▍      | 12/35 [00:00<00:00, 23.74it/s]
Capturing CUDA graphs (mixed prefill-decode, PIECEWISE):  43%|████▎     | 15/35 [00:00<00:00, 20.93it/s]
Capturing CUDA graphs (mixed prefill-decode, PIECEWISE):  51%|█████▏    | 18/35 [00:00<00:00, 22.17it/s]
Capturing CUDA graphs (mixed prefill-decode, PIECEWISE):  60%|██████    | 21/35 [00:00<00:00, 23.21it/s]
Capturing CUDA graphs (mixed prefill-decode, PIECEWISE):  69%|██████▊   | 24/35 [00:01<00:00, 24.33it/s]
Capturing CUDA graphs (mixed prefill-decode, PIECEWISE):  77%|███████▋  | 27/35 [00:01<00:00, 24.67it/s]
Capturing CUDA graphs (mixed prefill-decode, PIECEWISE):  86%|████████▌ | 30/35 [00:01<00:00, 22.28it/s]
Capturing CUDA graphs (mixed prefill-decode, PIECEWISE):  94%|█████████▍| 33/35 [00:01<00:00, 22.86it/s]
Capturing CUDA graphs (mixed prefill-decode, PIECEWISE): 100%|██████████| 35/35 [00:01<00:00, 23.48it/s]
[1;36m(EngineCore_DP0 pid=2765829)[0;0m 
Capturing CUDA graphs (decode, FULL):   0%|          | 0/19 [00:00<?, ?it/s]
Capturing CUDA graphs (decode, FULL):  16%|█▌        | 3/19 [00:00<00:00, 27.03it/s]
Capturing CUDA graphs (decode, FULL):  32%|███▏      | 6/19 [00:00<00:00, 23.11it/s]
Capturing CUDA graphs (decode, FULL):  47%|████▋     | 9/19 [00:00<00:00, 24.26it/s]
Capturing CUDA graphs (decode, FULL):  63%|██████▎   | 12/19 [00:00<00:00, 24.44it/s]
Capturing CUDA graphs (decode, FULL):  79%|███████▉  | 15/19 [00:00<00:00, 24.50it/s]
Capturing CUDA graphs (decode, FULL):  95%|█████████▍| 18/19 [00:00<00:00, 24.58it/s]
Capturing CUDA graphs (decode, FULL): 100%|██████████| 19/19 [00:00<00:00, 24.73it/s]
2026-05-06 06:31:50.157 | INFO     | mineru.backend.vlm.vlm_analyze:get_model:251 - get vllm-async-engine predictor cost: 51.87s
2026-05-06 06:31:50.221 | INFO     | mineru.backend.hybrid.hybrid_analyze:aio_doc_analyze:706 - Hybrid processing-window run. page_count=1, window_size=64, total_windows=1
2026-05-06 06:31:55.267 | INFO     | mineru.backend.hybrid.hybrid_analyze:aio_doc_analyze:727 - Hybrid processing window 1/1: pages 1-1/1 (1 pages)

Two Step Extraction:   0%|          | 0/1 [00:00<?, ?it/s]The image processor of type `Qwen2VLImageProcessor` is now loaded as a fast processor by default, even if the model checkpoint was saved with a slow processor. This is a breaking change and may produce slightly different outputs. To continue using the slow processor, instantiate this class with `use_fast=False`. Note that this behavior will be extended to all models in a future release.

Two Step Extraction: 100%|██████████| 1/1 [00:10<00:00, 10.41s/it]
Two Step Extraction: 100%|██████████| 1/1 [00:10<00:00, 10.41s/it]

Processing pages:   0%|          | 0/1 [00:00<?, ?it/s]
Processing pages: 100%|██████████| 1/1 [00:00<00:00, 12.26it/s]
2026-05-06 06:32:06.462 | INFO     | mineru.cli.client:run_planned_task:807 - Completed batch 1/1 | Processed 1/1 page | 1 of 1 batch finished | task#1 [T-Z1-下盖-v2.0-20240627]
INFO:     Shutting down
[rank0]:[W506 06:32:16.983368494 ProcessGroupNCCL.cpp:1524] Warning: WARNING: destroy_process_group() was not called before program exit, which can leak resources. For more info, please see https://pytorch.org/docs/stable/distributed.html#shutdown (function operator())
INFO:     Waiting for application shutdown.
INFO:     Application shutdown complete.
INFO:     Finished server process [2765669]

2026-05-06 06:32:25.904 | INFO     | mineru.cli.client:run_orchestrated_cli:874 - Started local mineru-api at http://127.0.0.1:44501
2026-05-06 06:32:29.569 | INFO     | __main__:create_app:260 - Request concurrency limited to 3
INFO:     Started server process [2766207]
INFO:     Waiting for application startup.
INFO:     Application startup complete.
INFO:     Uvicorn running on http://127.0.0.1:44501 (Press CTRL+C to quit)
2026-05-06 06:32:29.936 | INFO     | mineru.cli.client:run_planned_task:771 - Submitting batch 1/1 | 1 document, 1 page in this batch | 1 page total | task#1 [T-Z1-按键-v3.0-20240627]
2026-05-06 06:32:33.928 | INFO     | mineru.utils.engine_utils:get_vlm_engine:34 - Using vllm-async-engine as the inference engine for VLM.
2026-05-06 06:32:41.592 | INFO     | mineru.backend.vlm.utils:enable_custom_logits_processors:56 - compute_capability: 8.0 >= 8.0 and vllm version: 0.11.2 >= 0.10.1, enable custom_logits_processors
[1;36m(EngineCore_DP0 pid=2766331)[0;0m The image processor of type `Qwen2VLImageProcessor` is now loaded as a fast processor by default, even if the model checkpoint was saved with a slow processor. This is a breaking change and may produce slightly different outputs. To continue using the slow processor, instantiate this class with `use_fast=False`. Note that this behavior will be extended to all models in a future release.
[1;36m(EngineCore_DP0 pid=2766331)[0;0m /home/s2025244189/miniconda3/envs/mineru/lib/python3.10/site-packages/tvm_ffi/_optional_torch_c_dlpack.py:181: UserWarning: Failed to JIT torch c dlpack extension, EnvTensorAllocator will not be enabled.
[1;36m(EngineCore_DP0 pid=2766331)[0;0m We recommend installing via `pip install torch-c-dlpack-ext`
[1;36m(EngineCore_DP0 pid=2766331)[0;0m   warnings.warn(
[1;36m(EngineCore_DP0 pid=2766331)[0;0m 
Loading safetensors checkpoint shards:   0% Completed | 0/1 [00:00<?, ?it/s]
[1;36m(EngineCore_DP0 pid=2766331)[0;0m 
Loading safetensors checkpoint shards: 100% Completed | 1/1 [00:01<00:00,  1.35s/it]
[1;36m(EngineCore_DP0 pid=2766331)[0;0m 
Loading safetensors checkpoint shards: 100% Completed | 1/1 [00:01<00:00,  1.35s/it]
[1;36m(EngineCore_DP0 pid=2766331)[0;0m 
[1;36m(EngineCore_DP0 pid=2766331)[0;0m 
Capturing CUDA graphs (mixed prefill-decode, PIECEWISE):   0%|          | 0/35 [00:00<?, ?it/s]
Capturing CUDA graphs (mixed prefill-decode, PIECEWISE):   9%|▊         | 3/35 [00:00<00:01, 22.17it/s]
Capturing CUDA graphs (mixed prefill-decode, PIECEWISE):  17%|█▋        | 6/35 [00:00<00:01, 23.73it/s]
Capturing CUDA graphs (mixed prefill-decode, PIECEWISE):  26%|██▌       | 9/35 [00:00<00:01, 24.15it/s]
Capturing CUDA graphs (mixed prefill-decode, PIECEWISE):  34%|███▍      | 12/35 [00:00<00:00, 24.84it/s]
Capturing CUDA graphs (mixed prefill-decode, PIECEWISE):  43%|████▎     | 15/35 [00:00<00:00, 25.22it/s]
Capturing CUDA graphs (mixed prefill-decode, PIECEWISE):  51%|█████▏    | 18/35 [00:00<00:00, 25.44it/s]
Capturing CUDA graphs (mixed prefill-decode, PIECEWISE):  60%|██████    | 21/35 [00:00<00:00, 25.65it/s]
Capturing CUDA graphs (mixed prefill-decode, PIECEWISE):  69%|██████▊   | 24/35 [00:00<00:00, 25.28it/s]
Capturing CUDA graphs (mixed prefill-decode, PIECEWISE):  77%|███████▋  | 27/35 [00:01<00:00, 25.14it/s]
Capturing CUDA graphs (mixed prefill-decode, PIECEWISE):  86%|████████▌ | 30/35 [00:01<00:00, 22.15it/s]
Capturing CUDA graphs (mixed prefill-decode, PIECEWISE):  94%|█████████▍| 33/35 [00:01<00:00, 22.73it/s]
Capturing CUDA graphs (mixed prefill-decode, PIECEWISE): 100%|██████████| 35/35 [00:01<00:00, 24.08it/s]
[1;36m(EngineCore_DP0 pid=2766331)[0;0m 
Capturing CUDA graphs (decode, FULL):   0%|          | 0/19 [00:00<?, ?it/s]
Capturing CUDA graphs (decode, FULL):  16%|█▌        | 3/19 [00:00<00:00, 24.79it/s]
Capturing CUDA graphs (decode, FULL):  32%|███▏      | 6/19 [00:00<00:00, 25.40it/s]
Capturing CUDA graphs (decode, FULL):  47%|████▋     | 9/19 [00:00<00:00, 26.08it/s]
Capturing CUDA graphs (decode, FULL):  63%|██████▎   | 12/19 [00:00<00:00, 24.50it/s]
Capturing CUDA graphs (decode, FULL):  79%|███████▉  | 15/19 [00:00<00:00, 24.54it/s]
Capturing CUDA graphs (decode, FULL):  95%|█████████▍| 18/19 [00:00<00:00, 25.28it/s]
Capturing CUDA graphs (decode, FULL): 100%|██████████| 19/19 [00:00<00:00, 25.28it/s]
2026-05-06 06:33:36.032 | INFO     | mineru.backend.vlm.vlm_analyze:get_model:251 - get vllm-async-engine predictor cost: 57.26s
2026-05-06 06:33:36.077 | INFO     | mineru.backend.hybrid.hybrid_analyze:aio_doc_analyze:706 - Hybrid processing-window run. page_count=1, window_size=64, total_windows=1
2026-05-06 06:33:43.007 | INFO     | mineru.backend.hybrid.hybrid_analyze:aio_doc_analyze:727 - Hybrid processing window 1/1: pages 1-1/1 (1 pages)

Two Step Extraction:   0%|          | 0/1 [00:00<?, ?it/s]The image processor of type `Qwen2VLImageProcessor` is now loaded as a fast processor by default, even if the model checkpoint was saved with a slow processor. This is a breaking change and may produce slightly different outputs. To continue using the slow processor, instantiate this class with `use_fast=False`. Note that this behavior will be extended to all models in a future release.

Two Step Extraction: 100%|██████████| 1/1 [00:09<00:00,  9.23s/it]
Two Step Extraction: 100%|██████████| 1/1 [00:09<00:00,  9.23s/it]

Processing pages:   0%|          | 0/1 [00:00<?, ?it/s]
Processing pages: 100%|██████████| 1/1 [00:08<00:00,  8.29s/it]
Processing pages: 100%|██████████| 1/1 [00:08<00:00,  8.29s/it]
2026-05-06 06:34:01.362 | INFO     | mineru.cli.client:run_planned_task:807 - Completed batch 1/1 | Processed 1/1 page | 1 of 1 batch finished | task#1 [T-Z1-按键-v3.0-20240627]
INFO:     Shutting down
INFO:     Waiting for application shutdown.
INFO:     Application shutdown complete.
INFO:     Finished server process [2766207]

2026-05-06 06:34:22.981 | INFO     | mineru.cli.client:run_orchestrated_cli:874 - Started local mineru-api at http://127.0.0.1:54455
2026-05-06 06:34:26.950 | INFO     | __main__:create_app:260 - Request concurrency limited to 3
INFO:     Started server process [2766751]
INFO:     Waiting for application startup.
INFO:     Application startup complete.
INFO:     Uvicorn running on http://127.0.0.1:54455 (Press CTRL+C to quit)
2026-05-06 06:34:28.020 | INFO     | mineru.cli.client:run_planned_task:771 - Submitting batch 1/1 | 1 document, 1 page in this batch | 1 page total | task#1 [主板]
2026-05-06 06:34:33.215 | INFO     | mineru.utils.engine_utils:get_vlm_engine:34 - Using vllm-async-engine as the inference engine for VLM.
2026-05-06 06:34:45.023 | INFO     | mineru.backend.vlm.utils:enable_custom_logits_processors:56 - compute_capability: 8.0 >= 8.0 and vllm version: 0.11.2 >= 0.10.1, enable custom_logits_processors
[1;36m(EngineCore_DP0 pid=2766862)[0;0m The image processor of type `Qwen2VLImageProcessor` is now loaded as a fast processor by default, even if the model checkpoint was saved with a slow processor. This is a breaking change and may produce slightly different outputs. To continue using the slow processor, instantiate this class with `use_fast=False`. Note that this behavior will be extended to all models in a future release.
[1;36m(EngineCore_DP0 pid=2766862)[0;0m /home/s2025244189/miniconda3/envs/mineru/lib/python3.10/site-packages/tvm_ffi/_optional_torch_c_dlpack.py:181: UserWarning: Failed to JIT torch c dlpack extension, EnvTensorAllocator will not be enabled.
[1;36m(EngineCore_DP0 pid=2766862)[0;0m We recommend installing via `pip install torch-c-dlpack-ext`
[1;36m(EngineCore_DP0 pid=2766862)[0;0m   warnings.warn(
[1;36m(EngineCore_DP0 pid=2766862)[0;0m 
Loading safetensors checkpoint shards:   0% Completed | 0/1 [00:00<?, ?it/s]
[1;36m(EngineCore_DP0 pid=2766862)[0;0m 
Loading safetensors checkpoint shards: 100% Completed | 1/1 [00:01<00:00,  1.50s/it]
[1;36m(EngineCore_DP0 pid=2766862)[0;0m 
Loading safetensors checkpoint shards: 100% Completed | 1/1 [00:01<00:00,  1.50s/it]
[1;36m(EngineCore_DP0 pid=2766862)[0;0m 
[1;36m(EngineCore_DP0 pid=2766862)[0;0m 
Capturing CUDA graphs (mixed prefill-decode, PIECEWISE):   0%|          | 0/35 [00:00<?, ?it/s]
Capturing CUDA graphs (mixed prefill-decode, PIECEWISE):   9%|▊         | 3/35 [00:00<00:01, 21.35it/s]
Capturing CUDA graphs (mixed prefill-decode, PIECEWISE):  17%|█▋        | 6/35 [00:00<00:01, 23.64it/s]
Capturing CUDA graphs (mixed prefill-decode, PIECEWISE):  26%|██▌       | 9/35 [00:00<00:01, 24.15it/s]
Capturing CUDA graphs (mixed prefill-decode, PIECEWISE):  34%|███▍      | 12/35 [00:00<00:00, 24.84it/s]
Capturing CUDA graphs (mixed prefill-decode, PIECEWISE):  43%|████▎     | 15/35 [00:00<00:00, 23.62it/s]
Capturing CUDA graphs (mixed prefill-decode, PIECEWISE):  51%|█████▏    | 18/35 [00:00<00:00, 23.96it/s]
Capturing CUDA graphs (mixed prefill-decode, PIECEWISE):  60%|██████    | 21/35 [00:00<00:00, 24.07it/s]
Capturing CUDA graphs (mixed prefill-decode, PIECEWISE):  69%|██████▊   | 24/35 [00:00<00:00, 24.47it/s]
Capturing CUDA graphs (mixed prefill-decode, PIECEWISE):  77%|███████▋  | 27/35 [00:01<00:00, 24.84it/s]
Capturing CUDA graphs (mixed prefill-decode, PIECEWISE):  86%|████████▌ | 30/35 [00:01<00:00, 22.39it/s]
Capturing CUDA graphs (mixed prefill-decode, PIECEWISE):  94%|█████████▍| 33/35 [00:01<00:00, 23.23it/s]
Capturing CUDA graphs (mixed prefill-decode, PIECEWISE): 100%|██████████| 35/35 [00:01<00:00, 23.71it/s]
[1;36m(EngineCore_DP0 pid=2766862)[0;0m 
Capturing CUDA graphs (decode, FULL):   0%|          | 0/19 [00:00<?, ?it/s]
Capturing CUDA graphs (decode, FULL):  16%|█▌        | 3/19 [00:00<00:00, 25.19it/s]
Capturing CUDA graphs (decode, FULL):  32%|███▏      | 6/19 [00:00<00:00, 24.45it/s]
Capturing CUDA graphs (decode, FULL):  47%|████▋     | 9/19 [00:00<00:00, 23.91it/s]
Capturing CUDA graphs (decode, FULL):  63%|██████▎   | 12/19 [00:00<00:00, 23.95it/s]
Capturing CUDA graphs (decode, FULL):  79%|███████▉  | 15/19 [00:00<00:00, 24.43it/s]
Capturing CUDA graphs (decode, FULL):  95%|█████████▍| 18/19 [00:00<00:00, 25.05it/s]
Capturing CUDA graphs (decode, FULL): 100%|██████████| 19/19 [00:00<00:00, 24.73it/s]
2026-05-06 06:35:43.087 | INFO     | mineru.backend.vlm.vlm_analyze:get_model:251 - get vllm-async-engine predictor cost: 61.35s
2026-05-06 06:35:43.113 | INFO     | mineru.backend.hybrid.hybrid_analyze:aio_doc_analyze:706 - Hybrid processing-window run. page_count=1, window_size=64, total_windows=1
2026-05-06 06:35:50.221 | INFO     | mineru.backend.hybrid.hybrid_analyze:aio_doc_analyze:727 - Hybrid processing window 1/1: pages 1-1/1 (1 pages)

Two Step Extraction:   0%|          | 0/1 [00:00<?, ?it/s]The image processor of type `Qwen2VLImageProcessor` is now loaded as a fast processor by default, even if the model checkpoint was saved with a slow processor. This is a breaking change and may produce slightly different outputs. To continue using the slow processor, instantiate this class with `use_fast=False`. Note that this behavior will be extended to all models in a future release.

Two Step Extraction: 100%|██████████| 1/1 [00:07<00:00,  7.94s/it]
Two Step Extraction: 100%|██████████| 1/1 [00:07<00:00,  7.94s/it]

Processing pages:   0%|          | 0/1 [00:00<?, ?it/s]
Processing pages: 100%|██████████| 1/1 [00:00<00:00, 18.27it/s]
2026-05-06 06:35:58.915 | INFO     | mineru.cli.client:run_planned_task:807 - Completed batch 1/1 | Processed 1/1 page | 1 of 1 batch finished | task#1 [主板]
INFO:     Shutting down
INFO:     Waiting for application shutdown.
INFO:     Application shutdown complete.
INFO:     Finished server process [2766751]

2026-05-06 06:36:21.368 | INFO     | mineru.cli.client:run_orchestrated_cli:874 - Started local mineru-api at http://127.0.0.1:52871
2026-05-06 06:36:25.187 | INFO     | __main__:create_app:260 - Request concurrency limited to 3
INFO:     Started server process [2767396]
INFO:     Waiting for application startup.
INFO:     Application startup complete.
INFO:     Uvicorn running on http://127.0.0.1:52871 (Press CTRL+C to quit)
2026-05-06 06:36:25.400 | INFO     | mineru.cli.client:run_planned_task:771 - Submitting batch 1/1 | 1 document, 1 page in this batch | 1 page total | task#1 [传感器PCB]
2026-05-06 06:36:29.380 | INFO     | mineru.utils.engine_utils:get_vlm_engine:34 - Using vllm-async-engine as the inference engine for VLM.
2026-05-06 06:36:37.996 | INFO     | mineru.backend.vlm.utils:enable_custom_logits_processors:56 - compute_capability: 8.0 >= 8.0 and vllm version: 0.11.2 >= 0.10.1, enable custom_logits_processors
[1;36m(EngineCore_DP0 pid=2767505)[0;0m The image processor of type `Qwen2VLImageProcessor` is now loaded as a fast processor by default, even if the model checkpoint was saved with a slow processor. This is a breaking change and may produce slightly different outputs. To continue using the slow processor, instantiate this class with `use_fast=False`. Note that this behavior will be extended to all models in a future release.
[1;36m(EngineCore_DP0 pid=2767505)[0;0m /home/s2025244189/miniconda3/envs/mineru/lib/python3.10/site-packages/tvm_ffi/_optional_torch_c_dlpack.py:181: UserWarning: Failed to JIT torch c dlpack extension, EnvTensorAllocator will not be enabled.
[1;36m(EngineCore_DP0 pid=2767505)[0;0m We recommend installing via `pip install torch-c-dlpack-ext`
[1;36m(EngineCore_DP0 pid=2767505)[0;0m   warnings.warn(
[1;36m(EngineCore_DP0 pid=2767505)[0;0m 
Loading safetensors checkpoint shards:   0% Completed | 0/1 [00:00<?, ?it/s]
[1;36m(EngineCore_DP0 pid=2767505)[0;0m 
Loading safetensors checkpoint shards: 100% Completed | 1/1 [00:01<00:00,  1.34s/it]
[1;36m(EngineCore_DP0 pid=2767505)[0;0m 
Loading safetensors checkpoint shards: 100% Completed | 1/1 [00:01<00:00,  1.34s/it]
[1;36m(EngineCore_DP0 pid=2767505)[0;0m 
[1;36m(EngineCore_DP0 pid=2767505)[0;0m 
Capturing CUDA graphs (mixed prefill-decode, PIECEWISE):   0%|          | 0/35 [00:00<?, ?it/s]
Capturing CUDA graphs (mixed prefill-decode, PIECEWISE):   9%|▊         | 3/35 [00:00<00:01, 22.71it/s]
Capturing CUDA graphs (mixed prefill-decode, PIECEWISE):  17%|█▋        | 6/35 [00:00<00:01, 24.19it/s]
Capturing CUDA graphs (mixed prefill-decode, PIECEWISE):  26%|██▌       | 9/35 [00:00<00:01, 23.80it/s]
Capturing CUDA graphs (mixed prefill-decode, PIECEWISE):  34%|███▍      | 12/35 [00:00<00:00, 24.56it/s]
Capturing CUDA graphs (mixed prefill-decode, PIECEWISE):  43%|████▎     | 15/35 [00:00<00:00, 25.35it/s]
Capturing CUDA graphs (mixed prefill-decode, PIECEWISE):  51%|█████▏    | 18/35 [00:00<00:00, 25.67it/s]
Capturing CUDA graphs (mixed prefill-decode, PIECEWISE):  60%|██████    | 21/35 [00:00<00:00, 25.97it/s]
Capturing CUDA graphs (mixed prefill-decode, PIECEWISE):  69%|██████▊   | 24/35 [00:00<00:00, 25.49it/s]
Capturing CUDA graphs (mixed prefill-decode, PIECEWISE):  77%|███████▋  | 27/35 [00:01<00:00, 25.92it/s]
Capturing CUDA graphs (mixed prefill-decode, PIECEWISE):  86%|████████▌ | 30/35 [00:01<00:00, 23.38it/s]
Capturing CUDA graphs (mixed prefill-decode, PIECEWISE):  94%|█████████▍| 33/35 [00:01<00:00, 24.19it/s]
Capturing CUDA graphs (mixed prefill-decode, PIECEWISE): 100%|██████████| 35/35 [00:01<00:00, 24.76it/s]
[1;36m(EngineCore_DP0 pid=2767505)[0;0m 
Capturing CUDA graphs (decode, FULL):   0%|          | 0/19 [00:00<?, ?it/s]
Capturing CUDA graphs (decode, FULL):  16%|█▌        | 3/19 [00:00<00:00, 26.49it/s]
Capturing CUDA graphs (decode, FULL):  32%|███▏      | 6/19 [00:00<00:00, 26.27it/s]
Capturing CUDA graphs (decode, FULL):  47%|████▋     | 9/19 [00:00<00:00, 27.06it/s]
Capturing CUDA graphs (decode, FULL):  63%|██████▎   | 12/19 [00:00<00:00, 27.02it/s]
Capturing CUDA graphs (decode, FULL):  79%|███████▉  | 15/19 [00:00<00:00, 26.38it/s]
Capturing CUDA graphs (decode, FULL):  95%|█████████▍| 18/19 [00:00<00:00, 27.00it/s]
Capturing CUDA graphs (decode, FULL): 100%|██████████| 19/19 [00:00<00:00, 26.95it/s]
2026-05-06 06:37:33.396 | INFO     | mineru.backend.vlm.vlm_analyze:get_model:251 - get vllm-async-engine predictor cost: 58.49s
2026-05-06 06:37:33.417 | INFO     | mineru.backend.hybrid.hybrid_analyze:aio_doc_analyze:706 - Hybrid processing-window run. page_count=1, window_size=64, total_windows=1
2026-05-06 06:37:39.943 | INFO     | mineru.backend.hybrid.hybrid_analyze:aio_doc_analyze:727 - Hybrid processing window 1/1: pages 1-1/1 (1 pages)

Two Step Extraction:   0%|          | 0/1 [00:00<?, ?it/s]The image processor of type `Qwen2VLImageProcessor` is now loaded as a fast processor by default, even if the model checkpoint was saved with a slow processor. This is a breaking change and may produce slightly different outputs. To continue using the slow processor, instantiate this class with `use_fast=False`. Note that this behavior will be extended to all models in a future release.

Two Step Extraction: 100%|██████████| 1/1 [00:07<00:00,  7.04s/it]
Two Step Extraction: 100%|██████████| 1/1 [00:07<00:00,  7.05s/it]

Processing pages:   0%|          | 0/1 [00:00<?, ?it/s]
Processing pages: 100%|██████████| 1/1 [00:00<00:00, 18.20it/s]
2026-05-06 06:37:47.699 | INFO     | mineru.cli.client:run_planned_task:807 - Completed batch 1/1 | Processed 1/1 page | 1 of 1 batch finished | task#1 [传感器PCB]
INFO:     Shutting down
INFO:     Waiting for application shutdown.
INFO:     Application shutdown complete.
INFO:     Finished server process [2767396]

2026-05-06 06:38:10.293 | INFO     | mineru.cli.client:run_orchestrated_cli:874 - Started local mineru-api at http://127.0.0.1:54097
2026-05-06 06:38:13.804 | INFO     | __main__:create_app:260 - Request concurrency limited to 3
INFO:     Started server process [2767912]
INFO:     Waiting for application startup.
INFO:     Application startup complete.
INFO:     Uvicorn running on http://127.0.0.1:54097 (Press CTRL+C to quit)
2026-05-06 06:38:14.326 | INFO     | mineru.cli.client:run_planned_task:771 - Submitting batch 1/1 | 1 document, 1 page in this batch | 1 page total | task#1 [保护盖]
2026-05-06 06:38:18.302 | INFO     | mineru.utils.engine_utils:get_vlm_engine:34 - Using vllm-async-engine as the inference engine for VLM.
2026-05-06 06:38:27.284 | INFO     | mineru.backend.vlm.utils:enable_custom_logits_processors:56 - compute_capability: 8.0 >= 8.0 and vllm version: 0.11.2 >= 0.10.1, enable custom_logits_processors
[1;36m(EngineCore_DP0 pid=2768042)[0;0m The image processor of type `Qwen2VLImageProcessor` is now loaded as a fast processor by default, even if the model checkpoint was saved with a slow processor. This is a breaking change and may produce slightly different outputs. To continue using the slow processor, instantiate this class with `use_fast=False`. Note that this behavior will be extended to all models in a future release.
[1;36m(EngineCore_DP0 pid=2768042)[0;0m /home/s2025244189/miniconda3/envs/mineru/lib/python3.10/site-packages/tvm_ffi/_optional_torch_c_dlpack.py:181: UserWarning: Failed to JIT torch c dlpack extension, EnvTensorAllocator will not be enabled.
[1;36m(EngineCore_DP0 pid=2768042)[0;0m We recommend installing via `pip install torch-c-dlpack-ext`
[1;36m(EngineCore_DP0 pid=2768042)[0;0m   warnings.warn(
[1;36m(EngineCore_DP0 pid=2768042)[0;0m 
Loading safetensors checkpoint shards:   0% Completed | 0/1 [00:00<?, ?it/s]
[1;36m(EngineCore_DP0 pid=2768042)[0;0m 
Loading safetensors checkpoint shards: 100% Completed | 1/1 [00:01<00:00,  1.21s/it]
[1;36m(EngineCore_DP0 pid=2768042)[0;0m 
Loading safetensors checkpoint shards: 100% Completed | 1/1 [00:01<00:00,  1.21s/it]
[1;36m(EngineCore_DP0 pid=2768042)[0;0m 
[1;36m(EngineCore_DP0 pid=2768042)[0;0m 
Capturing CUDA graphs (mixed prefill-decode, PIECEWISE):   0%|          | 0/35 [00:00<?, ?it/s]
Capturing CUDA graphs (mixed prefill-decode, PIECEWISE):   9%|▊         | 3/35 [00:00<00:01, 25.50it/s]
Capturing CUDA graphs (mixed prefill-decode, PIECEWISE):  17%|█▋        | 6/35 [00:00<00:01, 25.73it/s]
Capturing CUDA graphs (mixed prefill-decode, PIECEWISE):  26%|██▌       | 9/35 [00:00<00:01, 25.62it/s]
Capturing CUDA graphs (mixed prefill-decode, PIECEWISE):  34%|███▍      | 12/35 [00:00<00:00, 26.21it/s]
Capturing CUDA graphs (mixed prefill-decode, PIECEWISE):  43%|████▎     | 15/35 [00:00<00:00, 26.46it/s]
Capturing CUDA graphs (mixed prefill-decode, PIECEWISE):  51%|█████▏    | 18/35 [00:00<00:00, 26.59it/s]
Capturing CUDA graphs (mixed prefill-decode, PIECEWISE):  60%|██████    | 21/35 [00:00<00:00, 26.60it/s]
Capturing CUDA graphs (mixed prefill-decode, PIECEWISE):  69%|██████▊   | 24/35 [00:00<00:00, 26.49it/s]
Capturing CUDA graphs (mixed prefill-decode, PIECEWISE):  77%|███████▋  | 27/35 [00:01<00:00, 26.18it/s]
Capturing CUDA graphs (mixed prefill-decode, PIECEWISE):  86%|████████▌ | 30/35 [00:01<00:00, 23.26it/s]
Capturing CUDA graphs (mixed prefill-decode, PIECEWISE):  94%|█████████▍| 33/35 [00:01<00:00, 23.83it/s]
Capturing CUDA graphs (mixed prefill-decode, PIECEWISE): 100%|██████████| 35/35 [00:01<00:00, 25.19it/s]
[1;36m(EngineCore_DP0 pid=2768042)[0;0m 
Capturing CUDA graphs (decode, FULL):   0%|          | 0/19 [00:00<?, ?it/s]
Capturing CUDA graphs (decode, FULL):  16%|█▌        | 3/19 [00:00<00:00, 23.68it/s]
Capturing CUDA graphs (decode, FULL):  32%|███▏      | 6/19 [00:00<00:00, 25.03it/s]
Capturing CUDA graphs (decode, FULL):  47%|████▋     | 9/19 [00:00<00:00, 25.37it/s]
Capturing CUDA graphs (decode, FULL):  63%|██████▎   | 12/19 [00:00<00:00, 25.54it/s]
Capturing CUDA graphs (decode, FULL):  79%|███████▉  | 15/19 [00:00<00:00, 25.93it/s]
Capturing CUDA graphs (decode, FULL):  95%|█████████▍| 18/19 [00:00<00:00, 26.58it/s]
Capturing CUDA graphs (decode, FULL): 100%|██████████| 19/19 [00:00<00:00, 26.08it/s]
2026-05-06 06:39:18.154 | INFO     | mineru.backend.vlm.vlm_analyze:get_model:251 - get vllm-async-engine predictor cost: 53.79s
2026-05-06 06:39:18.212 | INFO     | mineru.backend.hybrid.hybrid_analyze:aio_doc_analyze:706 - Hybrid processing-window run. page_count=1, window_size=64, total_windows=1
2026-05-06 06:39:23.624 | INFO     | mineru.backend.hybrid.hybrid_analyze:aio_doc_analyze:727 - Hybrid processing window 1/1: pages 1-1/1 (1 pages)

Two Step Extraction:   0%|          | 0/1 [00:00<?, ?it/s]The image processor of type `Qwen2VLImageProcessor` is now loaded as a fast processor by default, even if the model checkpoint was saved with a slow processor. This is a breaking change and may produce slightly different outputs. To continue using the slow processor, instantiate this class with `use_fast=False`. Note that this behavior will be extended to all models in a future release.

Two Step Extraction: 100%|██████████| 1/1 [00:08<00:00,  8.78s/it]
Two Step Extraction: 100%|██████████| 1/1 [00:08<00:00,  8.78s/it]

Processing pages:   0%|          | 0/1 [00:00<?, ?it/s]
Processing pages: 100%|██████████| 1/1 [00:07<00:00,  7.95s/it]
Processing pages: 100%|██████████| 1/1 [00:07<00:00,  7.95s/it]
2026-05-06 06:39:41.229 | INFO     | mineru.cli.client:run_planned_task:807 - Completed batch 1/1 | Processed 1/1 page | 1 of 1 batch finished | task#1 [保护盖]
INFO:     Shutting down
INFO:     Waiting for application shutdown.
INFO:     Application shutdown complete.
INFO:     Finished server process [2767912]

2026-05-06 06:40:03.268 | INFO     | mineru.cli.client:run_orchestrated_cli:874 - Started local mineru-api at http://127.0.0.1:56425
2026-05-06 06:40:06.719 | INFO     | __main__:create_app:260 - Request concurrency limited to 3
INFO:     Started server process [2768549]
INFO:     Waiting for application startup.
INFO:     Application startup complete.
INFO:     Uvicorn running on http://127.0.0.1:56425 (Press CTRL+C to quit)
2026-05-06 06:40:07.300 | INFO     | mineru.cli.client:run_planned_task:771 - Submitting batch 1/1 | 1 document, 1 page in this batch | 1 page total | task#1 [导光板]
2026-05-06 06:40:11.325 | INFO     | mineru.utils.engine_utils:get_vlm_engine:34 - Using vllm-async-engine as the inference engine for VLM.
2026-05-06 06:40:21.819 | INFO     | mineru.backend.vlm.utils:enable_custom_logits_processors:56 - compute_capability: 8.0 >= 8.0 and vllm version: 0.11.2 >= 0.10.1, enable custom_logits_processors
[1;36m(EngineCore_DP0 pid=2768691)[0;0m The image processor of type `Qwen2VLImageProcessor` is now loaded as a fast processor by default, even if the model checkpoint was saved with a slow processor. This is a breaking change and may produce slightly different outputs. To continue using the slow processor, instantiate this class with `use_fast=False`. Note that this behavior will be extended to all models in a future release.
[1;36m(EngineCore_DP0 pid=2768691)[0;0m /home/s2025244189/miniconda3/envs/mineru/lib/python3.10/site-packages/tvm_ffi/_optional_torch_c_dlpack.py:181: UserWarning: Failed to JIT torch c dlpack extension, EnvTensorAllocator will not be enabled.
[1;36m(EngineCore_DP0 pid=2768691)[0;0m We recommend installing via `pip install torch-c-dlpack-ext`
[1;36m(EngineCore_DP0 pid=2768691)[0;0m   warnings.warn(
[1;36m(EngineCore_DP0 pid=2768691)[0;0m 
Loading safetensors checkpoint shards:   0% Completed | 0/1 [00:00<?, ?it/s]
[1;36m(EngineCore_DP0 pid=2768691)[0;0m 
Loading safetensors checkpoint shards: 100% Completed | 1/1 [00:01<00:00,  1.33s/it]
[1;36m(EngineCore_DP0 pid=2768691)[0;0m 
Loading safetensors checkpoint shards: 100% Completed | 1/1 [00:01<00:00,  1.33s/it]
[1;36m(EngineCore_DP0 pid=2768691)[0;0m 
[1;36m(EngineCore_DP0 pid=2768691)[0;0m 
Capturing CUDA graphs (mixed prefill-decode, PIECEWISE):   0%|          | 0/35 [00:00<?, ?it/s]
Capturing CUDA graphs (mixed prefill-decode, PIECEWISE):   9%|▊         | 3/35 [00:00<00:01, 25.38it/s]
Capturing CUDA graphs (mixed prefill-decode, PIECEWISE):  17%|█▋        | 6/35 [00:00<00:01, 26.11it/s]
Capturing CUDA graphs (mixed prefill-decode, PIECEWISE):  26%|██▌       | 9/35 [00:00<00:00, 26.34it/s]
Capturing CUDA graphs (mixed prefill-decode, PIECEWISE):  34%|███▍      | 12/35 [00:00<00:00, 26.30it/s]
Capturing CUDA graphs (mixed prefill-decode, PIECEWISE):  43%|████▎     | 15/35 [00:00<00:00, 26.28it/s]
Capturing CUDA graphs (mixed prefill-decode, PIECEWISE):  51%|█████▏    | 18/35 [00:00<00:00, 26.52it/s]
Capturing CUDA graphs (mixed prefill-decode, PIECEWISE):  60%|██████    | 21/35 [00:00<00:00, 26.64it/s]
Capturing CUDA graphs (mixed prefill-decode, PIECEWISE):  69%|██████▊   | 24/35 [00:00<00:00, 26.54it/s]
Capturing CUDA graphs (mixed prefill-decode, PIECEWISE):  77%|███████▋  | 27/35 [00:01<00:00, 26.29it/s]
Capturing CUDA graphs (mixed prefill-decode, PIECEWISE):  86%|████████▌ | 30/35 [00:01<00:00, 23.48it/s]
Capturing CUDA graphs (mixed prefill-decode, PIECEWISE):  94%|█████████▍| 33/35 [00:01<00:00, 24.48it/s]
Capturing CUDA graphs (mixed prefill-decode, PIECEWISE): 100%|██████████| 35/35 [00:01<00:00, 25.57it/s]
[1;36m(EngineCore_DP0 pid=2768691)[0;0m 
Capturing CUDA graphs (decode, FULL):   0%|          | 0/19 [00:00<?, ?it/s]
Capturing CUDA graphs (decode, FULL):  16%|█▌        | 3/19 [00:00<00:00, 27.53it/s]
Capturing CUDA graphs (decode, FULL):  32%|███▏      | 6/19 [00:00<00:00, 27.02it/s]
Capturing CUDA graphs (decode, FULL):  47%|████▋     | 9/19 [00:00<00:00, 27.42it/s]
Capturing CUDA graphs (decode, FULL):  63%|██████▎   | 12/19 [00:00<00:00, 27.55it/s]
Capturing CUDA graphs (decode, FULL):  79%|███████▉  | 15/19 [00:00<00:00, 27.43it/s]
Capturing CUDA graphs (decode, FULL):  95%|█████████▍| 18/19 [00:00<00:00, 27.75it/s]
Capturing CUDA graphs (decode, FULL): 100%|██████████| 19/19 [00:00<00:00, 27.63it/s]
2026-05-06 06:41:17.688 | INFO     | mineru.backend.vlm.vlm_analyze:get_model:251 - get vllm-async-engine predictor cost: 58.94s
2026-05-06 06:41:17.727 | INFO     | mineru.backend.hybrid.hybrid_analyze:aio_doc_analyze:706 - Hybrid processing-window run. page_count=1, window_size=64, total_windows=1
2026-05-06 06:41:22.865 | INFO     | mineru.backend.hybrid.hybrid_analyze:aio_doc_analyze:727 - Hybrid processing window 1/1: pages 1-1/1 (1 pages)

Two Step Extraction:   0%|          | 0/1 [00:00<?, ?it/s]The image processor of type `Qwen2VLImageProcessor` is now loaded as a fast processor by default, even if the model checkpoint was saved with a slow processor. This is a breaking change and may produce slightly different outputs. To continue using the slow processor, instantiate this class with `use_fast=False`. Note that this behavior will be extended to all models in a future release.

Two Step Extraction: 100%|██████████| 1/1 [00:09<00:00,  9.25s/it]
Two Step Extraction: 100%|██████████| 1/1 [00:09<00:00,  9.25s/it]

Processing pages:   0%|          | 0/1 [00:00<?, ?it/s]
Processing pages: 100%|██████████| 1/1 [00:07<00:00,  7.57s/it]
Processing pages: 100%|██████████| 1/1 [00:07<00:00,  7.57s/it]
2026-05-06 06:41:40.379 | INFO     | mineru.cli.client:run_planned_task:807 - Completed batch 1/1 | Processed 1/1 page | 1 of 1 batch finished | task#1 [导光板]
INFO:     Shutting down
INFO:     Waiting for application shutdown.
INFO:     Application shutdown complete.
INFO:     Finished server process [2768549]

2026-05-06 06:42:02.951 | INFO     | mineru.cli.client:run_orchestrated_cli:874 - Started local mineru-api at http://127.0.0.1:43593
2026-05-06 06:42:06.551 | INFO     | __main__:create_app:260 - Request concurrency limited to 3
INFO:     Started server process [2769130]
INFO:     Waiting for application startup.
INFO:     Application startup complete.
INFO:     Uvicorn running on http://127.0.0.1:43593 (Press CTRL+C to quit)
2026-05-06 06:42:06.984 | INFO     | mineru.cli.client:run_planned_task:771 - Submitting batch 1/1 | 1 document, 1 page in this batch | 1 page total | task#1 [开关帽]
2026-05-06 06:42:10.555 | INFO     | mineru.utils.engine_utils:get_vlm_engine:34 - Using vllm-async-engine as the inference engine for VLM.
2026-05-06 06:42:18.873 | INFO     | mineru.backend.vlm.utils:enable_custom_logits_processors:56 - compute_capability: 8.0 >= 8.0 and vllm version: 0.11.2 >= 0.10.1, enable custom_logits_processors
[1;36m(EngineCore_DP0 pid=2769256)[0;0m The image processor of type `Qwen2VLImageProcessor` is now loaded as a fast processor by default, even if the model checkpoint was saved with a slow processor. This is a breaking change and may produce slightly different outputs. To continue using the slow processor, instantiate this class with `use_fast=False`. Note that this behavior will be extended to all models in a future release.
[1;36m(EngineCore_DP0 pid=2769256)[0;0m /home/s2025244189/miniconda3/envs/mineru/lib/python3.10/site-packages/tvm_ffi/_optional_torch_c_dlpack.py:181: UserWarning: Failed to JIT torch c dlpack extension, EnvTensorAllocator will not be enabled.
[1;36m(EngineCore_DP0 pid=2769256)[0;0m We recommend installing via `pip install torch-c-dlpack-ext`
[1;36m(EngineCore_DP0 pid=2769256)[0;0m   warnings.warn(
[1;36m(EngineCore_DP0 pid=2769256)[0;0m 
Loading safetensors checkpoint shards:   0% Completed | 0/1 [00:00<?, ?it/s]
[1;36m(EngineCore_DP0 pid=2769256)[0;0m 
Loading safetensors checkpoint shards: 100% Completed | 1/1 [00:01<00:00,  1.35s/it]
[1;36m(EngineCore_DP0 pid=2769256)[0;0m 
Loading safetensors checkpoint shards: 100% Completed | 1/1 [00:01<00:00,  1.35s/it]
[1;36m(EngineCore_DP0 pid=2769256)[0;0m 
[1;36m(EngineCore_DP0 pid=2769256)[0;0m 
Capturing CUDA graphs (mixed prefill-decode, PIECEWISE):   0%|          | 0/35 [00:00<?, ?it/s]
Capturing CUDA graphs (mixed prefill-decode, PIECEWISE):   9%|▊         | 3/35 [00:00<00:01, 27.85it/s]
Capturing CUDA graphs (mixed prefill-decode, PIECEWISE):  17%|█▋        | 6/35 [00:00<00:01, 28.09it/s]
Capturing CUDA graphs (mixed prefill-decode, PIECEWISE):  26%|██▌       | 9/35 [00:00<00:00, 28.09it/s]
Capturing CUDA graphs (mixed prefill-decode, PIECEWISE):  34%|███▍      | 12/35 [00:00<00:00, 28.06it/s]
Capturing CUDA graphs (mixed prefill-decode, PIECEWISE):  43%|████▎     | 15/35 [00:00<00:00, 27.93it/s]
Capturing CUDA graphs (mixed prefill-decode, PIECEWISE):  51%|█████▏    | 18/35 [00:00<00:00, 28.08it/s]
Capturing CUDA graphs (mixed prefill-decode, PIECEWISE):  60%|██████    | 21/35 [00:00<00:00, 27.88it/s]
Capturing CUDA graphs (mixed prefill-decode, PIECEWISE):  69%|██████▊   | 24/35 [00:00<00:00, 27.06it/s]
Capturing CUDA graphs (mixed prefill-decode, PIECEWISE):  77%|███████▋  | 27/35 [00:00<00:00, 27.22it/s]
Capturing CUDA graphs (mixed prefill-decode, PIECEWISE):  86%|████████▌ | 30/35 [00:01<00:00, 24.85it/s]
Capturing CUDA graphs (mixed prefill-decode, PIECEWISE):  94%|█████████▍| 33/35 [00:01<00:00, 25.67it/s]
Capturing CUDA graphs (mixed prefill-decode, PIECEWISE): 100%|██████████| 35/35 [00:01<00:00, 26.91it/s]
[1;36m(EngineCore_DP0 pid=2769256)[0;0m 
Capturing CUDA graphs (decode, FULL):   0%|          | 0/19 [00:00<?, ?it/s]
Capturing CUDA graphs (decode, FULL):  16%|█▌        | 3/19 [00:00<00:00, 28.41it/s]
Capturing CUDA graphs (decode, FULL):  32%|███▏      | 6/19 [00:00<00:00, 28.24it/s]
Capturing CUDA graphs (decode, FULL):  47%|████▋     | 9/19 [00:00<00:00, 28.53it/s]
Capturing CUDA graphs (decode, FULL):  63%|██████▎   | 12/19 [00:00<00:00, 28.78it/s]
Capturing CUDA graphs (decode, FULL):  79%|███████▉  | 15/19 [00:00<00:00, 28.51it/s]
Capturing CUDA graphs (decode, FULL):  95%|█████████▍| 18/19 [00:00<00:00, 28.84it/s]
Capturing CUDA graphs (decode, FULL): 100%|██████████| 19/19 [00:00<00:00, 28.78it/s]
2026-05-06 06:43:11.351 | INFO     | mineru.backend.vlm.vlm_analyze:get_model:251 - get vllm-async-engine predictor cost: 55.83s
2026-05-06 06:43:11.405 | INFO     | mineru.backend.hybrid.hybrid_analyze:aio_doc_analyze:706 - Hybrid processing-window run. page_count=1, window_size=64, total_windows=1
2026-05-06 06:43:17.855 | INFO     | mineru.backend.hybrid.hybrid_analyze:aio_doc_analyze:727 - Hybrid processing window 1/1: pages 1-1/1 (1 pages)

Two Step Extraction:   0%|          | 0/1 [00:00<?, ?it/s]The image processor of type `Qwen2VLImageProcessor` is now loaded as a fast processor by default, even if the model checkpoint was saved with a slow processor. This is a breaking change and may produce slightly different outputs. To continue using the slow processor, instantiate this class with `use_fast=False`. Note that this behavior will be extended to all models in a future release.

Two Step Extraction: 100%|██████████| 1/1 [00:07<00:00,  7.65s/it]
Two Step Extraction: 100%|██████████| 1/1 [00:07<00:00,  7.65s/it]

Processing pages:   0%|          | 0/1 [00:00<?, ?it/s]
Processing pages: 100%|██████████| 1/1 [00:07<00:00,  7.55s/it]
Processing pages: 100%|██████████| 1/1 [00:07<00:00,  7.55s/it]
2026-05-06 06:43:33.813 | INFO     | mineru.cli.client:run_planned_task:807 - Completed batch 1/1 | Processed 1/1 page | 1 of 1 batch finished | task#1 [开关帽]
INFO:     Shutting down
INFO:     Waiting for application shutdown.
INFO:     Application shutdown complete.
INFO:     Finished server process [2769130]

2026-05-06 06:43:56.439 | INFO     | mineru.cli.client:run_orchestrated_cli:874 - Started local mineru-api at http://127.0.0.1:58209
2026-05-06 06:44:00.312 | INFO     | __main__:create_app:260 - Request concurrency limited to 3
INFO:     Started server process [2769666]
INFO:     Waiting for application startup.
INFO:     Application startup complete.
INFO:     Uvicorn running on http://127.0.0.1:58209 (Press CTRL+C to quit)
2026-05-06 06:44:01.480 | INFO     | mineru.cli.client:run_planned_task:771 - Submitting batch 1/1 | 1 document, 1 page in this batch | 1 page total | task#1 [探头20210727]
2026-05-06 06:44:06.464 | INFO     | mineru.utils.engine_utils:get_vlm_engine:34 - Using vllm-async-engine as the inference engine for VLM.
2026-05-06 06:44:19.072 | INFO     | mineru.backend.vlm.utils:enable_custom_logits_processors:56 - compute_capability: 8.0 >= 8.0 and vllm version: 0.11.2 >= 0.10.1, enable custom_logits_processors
[1;36m(EngineCore_DP0 pid=2769794)[0;0m The image processor of type `Qwen2VLImageProcessor` is now loaded as a fast processor by default, even if the model checkpoint was saved with a slow processor. This is a breaking change and may produce slightly different outputs. To continue using the slow processor, instantiate this class with `use_fast=False`. Note that this behavior will be extended to all models in a future release.
[1;36m(EngineCore_DP0 pid=2769794)[0;0m /home/s2025244189/miniconda3/envs/mineru/lib/python3.10/site-packages/tvm_ffi/_optional_torch_c_dlpack.py:181: UserWarning: Failed to JIT torch c dlpack extension, EnvTensorAllocator will not be enabled.
[1;36m(EngineCore_DP0 pid=2769794)[0;0m We recommend installing via `pip install torch-c-dlpack-ext`
[1;36m(EngineCore_DP0 pid=2769794)[0;0m   warnings.warn(
[1;36m(EngineCore_DP0 pid=2769794)[0;0m 
Loading safetensors checkpoint shards:   0% Completed | 0/1 [00:00<?, ?it/s]
[1;36m(EngineCore_DP0 pid=2769794)[0;0m 
Loading safetensors checkpoint shards: 100% Completed | 1/1 [00:01<00:00,  1.27s/it]
[1;36m(EngineCore_DP0 pid=2769794)[0;0m 
Loading safetensors checkpoint shards: 100% Completed | 1/1 [00:01<00:00,  1.27s/it]
[1;36m(EngineCore_DP0 pid=2769794)[0;0m 
[1;36m(EngineCore_DP0 pid=2769794)[0;0m 
Capturing CUDA graphs (mixed prefill-decode, PIECEWISE):   0%|          | 0/35 [00:00<?, ?it/s]
Capturing CUDA graphs (mixed prefill-decode, PIECEWISE):   9%|▊         | 3/35 [00:00<00:01, 26.14it/s]
Capturing CUDA graphs (mixed prefill-decode, PIECEWISE):  17%|█▋        | 6/35 [00:00<00:01, 26.83it/s]
Capturing CUDA graphs (mixed prefill-decode, PIECEWISE):  26%|██▌       | 9/35 [00:00<00:00, 26.79it/s]
Capturing CUDA graphs (mixed prefill-decode, PIECEWISE):  34%|███▍      | 12/35 [00:00<00:00, 26.35it/s]
Capturing CUDA graphs (mixed prefill-decode, PIECEWISE):  43%|████▎     | 15/35 [00:00<00:00, 26.22it/s]
Capturing CUDA graphs (mixed prefill-decode, PIECEWISE):  51%|█████▏    | 18/35 [00:00<00:00, 26.54it/s]
Capturing CUDA graphs (mixed prefill-decode, PIECEWISE):  60%|██████    | 21/35 [00:00<00:00, 26.70it/s]
Capturing CUDA graphs (mixed prefill-decode, PIECEWISE):  69%|██████▊   | 24/35 [00:00<00:00, 26.75it/s]
Capturing CUDA graphs (mixed prefill-decode, PIECEWISE):  77%|███████▋  | 27/35 [00:01<00:00, 26.53it/s]
Capturing CUDA graphs (mixed prefill-decode, PIECEWISE):  86%|████████▌ | 30/35 [00:01<00:00, 24.17it/s]
Capturing CUDA graphs (mixed prefill-decode, PIECEWISE):  94%|█████████▍| 33/35 [00:01<00:00, 23.20it/s]
Capturing CUDA graphs (mixed prefill-decode, PIECEWISE): 100%|██████████| 35/35 [00:01<00:00, 25.28it/s]
[1;36m(EngineCore_DP0 pid=2769794)[0;0m 
Capturing CUDA graphs (decode, FULL):   0%|          | 0/19 [00:00<?, ?it/s]
Capturing CUDA graphs (decode, FULL):  16%|█▌        | 3/19 [00:00<00:00, 27.27it/s]
Capturing CUDA graphs (decode, FULL):  32%|███▏      | 6/19 [00:00<00:00, 27.27it/s]
Capturing CUDA graphs (decode, FULL):  47%|████▋     | 9/19 [00:00<00:00, 27.24it/s]
Capturing CUDA graphs (decode, FULL):  63%|██████▎   | 12/19 [00:00<00:00, 27.00it/s]
Capturing CUDA graphs (decode, FULL):  79%|███████▉  | 15/19 [00:00<00:00, 26.33it/s]
Capturing CUDA graphs (decode, FULL):  95%|█████████▍| 18/19 [00:00<00:00, 26.72it/s]
Capturing CUDA graphs (decode, FULL): 100%|██████████| 19/19 [00:00<00:00, 26.94it/s]
2026-05-06 06:45:14.024 | INFO     | mineru.backend.vlm.vlm_analyze:get_model:251 - get vllm-async-engine predictor cost: 58.61s
2026-05-06 06:45:14.085 | INFO     | mineru.backend.hybrid.hybrid_analyze:aio_doc_analyze:706 - Hybrid processing-window run. page_count=1, window_size=64, total_windows=1
2026-05-06 06:45:19.914 | INFO     | mineru.backend.hybrid.hybrid_analyze:aio_doc_analyze:727 - Hybrid processing window 1/1: pages 1-1/1 (1 pages)

Two Step Extraction:   0%|          | 0/1 [00:00<?, ?it/s]The image processor of type `Qwen2VLImageProcessor` is now loaded as a fast processor by default, even if the model checkpoint was saved with a slow processor. This is a breaking change and may produce slightly different outputs. To continue using the slow processor, instantiate this class with `use_fast=False`. Note that this behavior will be extended to all models in a future release.

Two Step Extraction: 100%|██████████| 1/1 [00:09<00:00,  9.34s/it]
Two Step Extraction: 100%|██████████| 1/1 [00:09<00:00,  9.34s/it]

Processing pages:   0%|          | 0/1 [00:00<?, ?it/s]
Processing pages: 100%|██████████| 1/1 [00:07<00:00,  7.82s/it]
Processing pages: 100%|██████████| 1/1 [00:07<00:00,  7.82s/it]
2026-05-06 06:45:37.886 | INFO     | mineru.cli.client:run_planned_task:807 - Completed batch 1/1 | Processed 1/1 page | 1 of 1 batch finished | task#1 [探头20210727]
INFO:     Shutting down
INFO:     Waiting for application shutdown.
INFO:     Application shutdown complete.
INFO:     Finished server process [2769666]

2026-05-06 06:46:00.885 | INFO     | mineru.cli.client:run_orchestrated_cli:874 - Started local mineru-api at http://127.0.0.1:49803
2026-05-06 06:46:04.565 | INFO     | __main__:create_app:260 - Request concurrency limited to 3
INFO:     Started server process [2770310]
INFO:     Waiting for application startup.
INFO:     Application startup complete.
INFO:     Uvicorn running on http://127.0.0.1:49803 (Press CTRL+C to quit)
2026-05-06 06:46:04.919 | INFO     | mineru.cli.client:run_planned_task:771 - Submitting batch 1/1 | 1 document, 1 page in this batch | 1 page total | task#1 [支撑垫]
2026-05-06 06:46:09.032 | INFO     | mineru.utils.engine_utils:get_vlm_engine:34 - Using vllm-async-engine as the inference engine for VLM.
2026-05-06 06:46:19.147 | INFO     | mineru.backend.vlm.utils:enable_custom_logits_processors:56 - compute_capability: 8.0 >= 8.0 and vllm version: 0.11.2 >= 0.10.1, enable custom_logits_processors
[1;36m(EngineCore_DP0 pid=2770437)[0;0m The image processor of type `Qwen2VLImageProcessor` is now loaded as a fast processor by default, even if the model checkpoint was saved with a slow processor. This is a breaking change and may produce slightly different outputs. To continue using the slow processor, instantiate this class with `use_fast=False`. Note that this behavior will be extended to all models in a future release.
[1;36m(EngineCore_DP0 pid=2770437)[0;0m /home/s2025244189/miniconda3/envs/mineru/lib/python3.10/site-packages/tvm_ffi/_optional_torch_c_dlpack.py:181: UserWarning: Failed to JIT torch c dlpack extension, EnvTensorAllocator will not be enabled.
[1;36m(EngineCore_DP0 pid=2770437)[0;0m We recommend installing via `pip install torch-c-dlpack-ext`
[1;36m(EngineCore_DP0 pid=2770437)[0;0m   warnings.warn(
[1;36m(EngineCore_DP0 pid=2770437)[0;0m 
Loading safetensors checkpoint shards:   0% Completed | 0/1 [00:00<?, ?it/s]
[1;36m(EngineCore_DP0 pid=2770437)[0;0m 
Loading safetensors checkpoint shards: 100% Completed | 1/1 [00:01<00:00,  1.28s/it]
[1;36m(EngineCore_DP0 pid=2770437)[0;0m 
Loading safetensors checkpoint shards: 100% Completed | 1/1 [00:01<00:00,  1.28s/it]
[1;36m(EngineCore_DP0 pid=2770437)[0;0m 
[1;36m(EngineCore_DP0 pid=2770437)[0;0m 
Capturing CUDA graphs (mixed prefill-decode, PIECEWISE):   0%|          | 0/35 [00:00<?, ?it/s]
Capturing CUDA graphs (mixed prefill-decode, PIECEWISE):   9%|▊         | 3/35 [00:00<00:01, 25.36it/s]
Capturing CUDA graphs (mixed prefill-decode, PIECEWISE):  17%|█▋        | 6/35 [00:00<00:01, 25.96it/s]
Capturing CUDA graphs (mixed prefill-decode, PIECEWISE):  26%|██▌       | 9/35 [00:00<00:00, 26.61it/s]
Capturing CUDA graphs (mixed prefill-decode, PIECEWISE):  34%|███▍      | 12/35 [00:00<00:00, 27.16it/s]
Capturing CUDA graphs (mixed prefill-decode, PIECEWISE):  43%|████▎     | 15/35 [00:00<00:00, 27.41it/s]
Capturing CUDA graphs (mixed prefill-decode, PIECEWISE):  51%|█████▏    | 18/35 [00:00<00:00, 27.62it/s]
Capturing CUDA graphs (mixed prefill-decode, PIECEWISE):  60%|██████    | 21/35 [00:00<00:00, 27.49it/s]
Capturing CUDA graphs (mixed prefill-decode, PIECEWISE):  69%|██████▊   | 24/35 [00:00<00:00, 27.60it/s]
Capturing CUDA graphs (mixed prefill-decode, PIECEWISE):  77%|███████▋  | 27/35 [00:00<00:00, 27.32it/s]
Capturing CUDA graphs (mixed prefill-decode, PIECEWISE):  86%|████████▌ | 30/35 [00:01<00:00, 24.57it/s]
Capturing CUDA graphs (mixed prefill-decode, PIECEWISE):  94%|█████████▍| 33/35 [00:01<00:00, 25.00it/s]
Capturing CUDA graphs (mixed prefill-decode, PIECEWISE): 100%|██████████| 35/35 [00:01<00:00, 26.25it/s]
[1;36m(EngineCore_DP0 pid=2770437)[0;0m 
Capturing CUDA graphs (decode, FULL):   0%|          | 0/19 [00:00<?, ?it/s]
Capturing CUDA graphs (decode, FULL):  16%|█▌        | 3/19 [00:00<00:00, 26.30it/s]
Capturing CUDA graphs (decode, FULL):  32%|███▏      | 6/19 [00:00<00:00, 27.16it/s]
Capturing CUDA graphs (decode, FULL):  47%|████▋     | 9/19 [00:00<00:00, 27.49it/s]
Capturing CUDA graphs (decode, FULL):  63%|██████▎   | 12/19 [00:00<00:00, 27.86it/s]
Capturing CUDA graphs (decode, FULL):  79%|███████▉  | 15/19 [00:00<00:00, 27.99it/s]
Capturing CUDA graphs (decode, FULL):  95%|█████████▍| 18/19 [00:00<00:00, 28.26it/s]
Capturing CUDA graphs (decode, FULL): 100%|██████████| 19/19 [00:00<00:00, 28.01it/s]
2026-05-06 06:47:10.930 | INFO     | mineru.backend.vlm.vlm_analyze:get_model:251 - get vllm-async-engine predictor cost: 55.43s
2026-05-06 06:47:10.980 | INFO     | mineru.backend.hybrid.hybrid_analyze:aio_doc_analyze:706 - Hybrid processing-window run. page_count=1, window_size=64, total_windows=1
2026-05-06 06:47:15.646 | INFO     | mineru.backend.hybrid.hybrid_analyze:aio_doc_analyze:727 - Hybrid processing window 1/1: pages 1-1/1 (1 pages)

Two Step Extraction:   0%|          | 0/1 [00:00<?, ?it/s]The image processor of type `Qwen2VLImageProcessor` is now loaded as a fast processor by default, even if the model checkpoint was saved with a slow processor. This is a breaking change and may produce slightly different outputs. To continue using the slow processor, instantiate this class with `use_fast=False`. Note that this behavior will be extended to all models in a future release.

Two Step Extraction: 100%|██████████| 1/1 [00:08<00:00,  8.81s/it]
Two Step Extraction: 100%|██████████| 1/1 [00:08<00:00,  8.81s/it]

Processing pages:   0%|          | 0/1 [00:00<?, ?it/s]
Processing pages: 100%|██████████| 1/1 [00:08<00:00,  8.09s/it]
Processing pages: 100%|██████████| 1/1 [00:08<00:00,  8.09s/it]
2026-05-06 06:47:33.295 | INFO     | mineru.cli.client:run_planned_task:807 - Completed batch 1/1 | Processed 1/1 page | 1 of 1 batch finished | task#1 [支撑垫]
INFO:     Shutting down
[rank0]:[W506 06:47:43.832377265 ProcessGroupNCCL.cpp:1524] Warning: WARNING: destroy_process_group() was not called before program exit, which can leak resources. For more info, please see https://pytorch.org/docs/stable/distributed.html#shutdown (function operator())
INFO:     Waiting for application shutdown.
INFO:     Application shutdown complete.
INFO:     Finished server process [2770310]

2026-05-06 06:47:54.099 | INFO     | mineru.cli.client:run_orchestrated_cli:874 - Started local mineru-api at http://127.0.0.1:60023
2026-05-06 06:47:58.325 | INFO     | __main__:create_app:260 - Request concurrency limited to 3
INFO:     Started server process [2770849]
INFO:     Waiting for application startup.
INFO:     Application startup complete.
INFO:     Uvicorn running on http://127.0.0.1:60023 (Press CTRL+C to quit)
2026-05-06 06:47:59.142 | INFO     | mineru.cli.client:run_planned_task:771 - Submitting batch 1/1 | 1 document, 1 page in this batch | 1 page total | task#1 [支架]
2026-05-06 06:48:03.516 | INFO     | mineru.utils.engine_utils:get_vlm_engine:34 - Using vllm-async-engine as the inference engine for VLM.
2026-05-06 06:48:11.929 | INFO     | mineru.backend.vlm.utils:enable_custom_logits_processors:56 - compute_capability: 8.0 >= 8.0 and vllm version: 0.11.2 >= 0.10.1, enable custom_logits_processors
[1;36m(EngineCore_DP0 pid=2770966)[0;0m The image processor of type `Qwen2VLImageProcessor` is now loaded as a fast processor by default, even if the model checkpoint was saved with a slow processor. This is a breaking change and may produce slightly different outputs. To continue using the slow processor, instantiate this class with `use_fast=False`. Note that this behavior will be extended to all models in a future release.
[1;36m(EngineCore_DP0 pid=2770966)[0;0m /home/s2025244189/miniconda3/envs/mineru/lib/python3.10/site-packages/tvm_ffi/_optional_torch_c_dlpack.py:181: UserWarning: Failed to JIT torch c dlpack extension, EnvTensorAllocator will not be enabled.
[1;36m(EngineCore_DP0 pid=2770966)[0;0m We recommend installing via `pip install torch-c-dlpack-ext`
[1;36m(EngineCore_DP0 pid=2770966)[0;0m   warnings.warn(
[1;36m(EngineCore_DP0 pid=2770966)[0;0m 
Loading safetensors checkpoint shards:   0% Completed | 0/1 [00:00<?, ?it/s]
[1;36m(EngineCore_DP0 pid=2770966)[0;0m 
Loading safetensors checkpoint shards: 100% Completed | 1/1 [00:01<00:00,  1.36s/it]
[1;36m(EngineCore_DP0 pid=2770966)[0;0m 
Loading safetensors checkpoint shards: 100% Completed | 1/1 [00:01<00:00,  1.36s/it]
[1;36m(EngineCore_DP0 pid=2770966)[0;0m 
[1;36m(EngineCore_DP0 pid=2770966)[0;0m 
Capturing CUDA graphs (mixed prefill-decode, PIECEWISE):   0%|          | 0/35 [00:00<?, ?it/s]
Capturing CUDA graphs (mixed prefill-decode, PIECEWISE):   9%|▊         | 3/35 [00:00<00:01, 25.57it/s]
Capturing CUDA graphs (mixed prefill-decode, PIECEWISE):  17%|█▋        | 6/35 [00:00<00:01, 25.50it/s]
Capturing CUDA graphs (mixed prefill-decode, PIECEWISE):  26%|██▌       | 9/35 [00:00<00:00, 26.21it/s]
Capturing CUDA graphs (mixed prefill-decode, PIECEWISE):  34%|███▍      | 12/35 [00:00<00:00, 26.23it/s]
Capturing CUDA graphs (mixed prefill-decode, PIECEWISE):  43%|████▎     | 15/35 [00:00<00:00, 26.84it/s]
Capturing CUDA graphs (mixed prefill-decode, PIECEWISE):  51%|█████▏    | 18/35 [00:00<00:00, 26.75it/s]
Capturing CUDA graphs (mixed prefill-decode, PIECEWISE):  60%|██████    | 21/35 [00:00<00:00, 26.80it/s]
Capturing CUDA graphs (mixed prefill-decode, PIECEWISE):  69%|██████▊   | 24/35 [00:00<00:00, 26.91it/s]
Capturing CUDA graphs (mixed prefill-decode, PIECEWISE):  77%|███████▋  | 27/35 [00:01<00:00, 26.97it/s]
Capturing CUDA graphs (mixed prefill-decode, PIECEWISE):  86%|████████▌ | 30/35 [00:01<00:00, 24.24it/s]
Capturing CUDA graphs (mixed prefill-decode, PIECEWISE):  94%|█████████▍| 33/35 [00:01<00:00, 24.71it/s]
Capturing CUDA graphs (mixed prefill-decode, PIECEWISE): 100%|██████████| 35/35 [00:01<00:00, 25.85it/s]
[1;36m(EngineCore_DP0 pid=2770966)[0;0m 
Capturing CUDA graphs (decode, FULL):   0%|          | 0/19 [00:00<?, ?it/s]
Capturing CUDA graphs (decode, FULL):  16%|█▌        | 3/19 [00:00<00:00, 26.02it/s]
Capturing CUDA graphs (decode, FULL):  32%|███▏      | 6/19 [00:00<00:00, 25.54it/s]
Capturing CUDA graphs (decode, FULL):  47%|████▋     | 9/19 [00:00<00:00, 26.49it/s]
Capturing CUDA graphs (decode, FULL):  63%|██████▎   | 12/19 [00:00<00:00, 26.85it/s]
Capturing CUDA graphs (decode, FULL):  79%|███████▉  | 15/19 [00:00<00:00, 26.82it/s]
Capturing CUDA graphs (decode, FULL):  95%|█████████▍| 18/19 [00:00<00:00, 27.14it/s]
Capturing CUDA graphs (decode, FULL): 100%|██████████| 19/19 [00:00<00:00, 26.83it/s]
2026-05-06 06:49:06.497 | INFO     | mineru.backend.vlm.vlm_analyze:get_model:251 - get vllm-async-engine predictor cost: 57.56s
2026-05-06 06:49:06.558 | INFO     | mineru.backend.hybrid.hybrid_analyze:aio_doc_analyze:706 - Hybrid processing-window run. page_count=1, window_size=64, total_windows=1
2026-05-06 06:49:11.879 | INFO     | mineru.backend.hybrid.hybrid_analyze:aio_doc_analyze:727 - Hybrid processing window 1/1: pages 1-1/1 (1 pages)

Two Step Extraction:   0%|          | 0/1 [00:00<?, ?it/s]The image processor of type `Qwen2VLImageProcessor` is now loaded as a fast processor by default, even if the model checkpoint was saved with a slow processor. This is a breaking change and may produce slightly different outputs. To continue using the slow processor, instantiate this class with `use_fast=False`. Note that this behavior will be extended to all models in a future release.

Two Step Extraction: 100%|██████████| 1/1 [00:08<00:00,  8.55s/it]
Two Step Extraction: 100%|██████████| 1/1 [00:08<00:00,  8.55s/it]

Processing pages:   0%|          | 0/1 [00:00<?, ?it/s]
Processing pages: 100%|██████████| 1/1 [00:07<00:00,  7.30s/it]
Processing pages: 100%|██████████| 1/1 [00:07<00:00,  7.31s/it]
2026-05-06 06:49:28.564 | INFO     | mineru.cli.client:run_planned_task:807 - Completed batch 1/1 | Processed 1/1 page | 1 of 1 batch finished | task#1 [支架]
INFO:     Shutting down
INFO:     Waiting for application shutdown.
INFO:     Application shutdown complete.
INFO:     Finished server process [2770849]

2026-05-06 06:49:50.932 | INFO     | mineru.cli.client:run_orchestrated_cli:874 - Started local mineru-api at http://127.0.0.1:52815
2026-05-06 06:49:54.328 | INFO     | __main__:create_app:260 - Request concurrency limited to 3
INFO:     Started server process [2771380]
INFO:     Waiting for application startup.
INFO:     Application startup complete.
INFO:     Uvicorn running on http://127.0.0.1:52815 (Press CTRL+C to quit)
2026-05-06 06:49:54.964 | INFO     | mineru.cli.client:run_planned_task:771 - Submitting batch 1/1 | 1 document, 1 page in this batch | 1 page total | task#1 [正极弹簧PT5-M02]
2026-05-06 06:49:58.759 | INFO     | mineru.utils.engine_utils:get_vlm_engine:34 - Using vllm-async-engine as the inference engine for VLM.
2026-05-06 06:50:09.333 | INFO     | mineru.backend.vlm.utils:enable_custom_logits_processors:56 - compute_capability: 8.0 >= 8.0 and vllm version: 0.11.2 >= 0.10.1, enable custom_logits_processors
[1;36m(EngineCore_DP0 pid=2771578)[0;0m The image processor of type `Qwen2VLImageProcessor` is now loaded as a fast processor by default, even if the model checkpoint was saved with a slow processor. This is a breaking change and may produce slightly different outputs. To continue using the slow processor, instantiate this class with `use_fast=False`. Note that this behavior will be extended to all models in a future release.
[1;36m(EngineCore_DP0 pid=2771578)[0;0m /home/s2025244189/miniconda3/envs/mineru/lib/python3.10/site-packages/tvm_ffi/_optional_torch_c_dlpack.py:181: UserWarning: Failed to JIT torch c dlpack extension, EnvTensorAllocator will not be enabled.
[1;36m(EngineCore_DP0 pid=2771578)[0;0m We recommend installing via `pip install torch-c-dlpack-ext`
[1;36m(EngineCore_DP0 pid=2771578)[0;0m   warnings.warn(
[1;36m(EngineCore_DP0 pid=2771578)[0;0m 
Loading safetensors checkpoint shards:   0% Completed | 0/1 [00:00<?, ?it/s]
[1;36m(EngineCore_DP0 pid=2771578)[0;0m 
Loading safetensors checkpoint shards: 100% Completed | 1/1 [00:01<00:00,  1.32s/it]
[1;36m(EngineCore_DP0 pid=2771578)[0;0m 
Loading safetensors checkpoint shards: 100% Completed | 1/1 [00:01<00:00,  1.32s/it]
[1;36m(EngineCore_DP0 pid=2771578)[0;0m 
[1;36m(EngineCore_DP0 pid=2771578)[0;0m 
Capturing CUDA graphs (mixed prefill-decode, PIECEWISE):   0%|          | 0/35 [00:00<?, ?it/s]
Capturing CUDA graphs (mixed prefill-decode, PIECEWISE):   9%|▊         | 3/35 [00:00<00:01, 25.44it/s]
Capturing CUDA graphs (mixed prefill-decode, PIECEWISE):  17%|█▋        | 6/35 [00:00<00:01, 25.49it/s]
Capturing CUDA graphs (mixed prefill-decode, PIECEWISE):  26%|██▌       | 9/35 [00:00<00:01, 25.50it/s]
Capturing CUDA graphs (mixed prefill-decode, PIECEWISE):  34%|███▍      | 12/35 [00:00<00:00, 24.97it/s]
Capturing CUDA graphs (mixed prefill-decode, PIECEWISE):  43%|████▎     | 15/35 [00:00<00:00, 24.97it/s]
Capturing CUDA graphs (mixed prefill-decode, PIECEWISE):  51%|█████▏    | 18/35 [00:00<00:00, 24.86it/s]
Capturing CUDA graphs (mixed prefill-decode, PIECEWISE):  60%|██████    | 21/35 [00:00<00:00, 25.15it/s]
Capturing CUDA graphs (mixed prefill-decode, PIECEWISE):  69%|██████▊   | 24/35 [00:00<00:00, 24.00it/s]
Capturing CUDA graphs (mixed prefill-decode, PIECEWISE):  77%|███████▋  | 27/35 [00:01<00:00, 23.97it/s]
Capturing CUDA graphs (mixed prefill-decode, PIECEWISE):  86%|████████▌ | 30/35 [00:01<00:00, 21.12it/s]
Capturing CUDA graphs (mixed prefill-decode, PIECEWISE):  94%|█████████▍| 33/35 [00:01<00:00, 22.17it/s]
Capturing CUDA graphs (mixed prefill-decode, PIECEWISE): 100%|██████████| 35/35 [00:01<00:00, 23.70it/s]
[1;36m(EngineCore_DP0 pid=2771578)[0;0m 
Capturing CUDA graphs (decode, FULL):   0%|          | 0/19 [00:00<?, ?it/s]
Capturing CUDA graphs (decode, FULL):  16%|█▌        | 3/19 [00:00<00:00, 25.93it/s]
Capturing CUDA graphs (decode, FULL):  32%|███▏      | 6/19 [00:00<00:00, 25.67it/s]
Capturing CUDA graphs (decode, FULL):  47%|████▋     | 9/19 [00:00<00:00, 25.82it/s]
Capturing CUDA graphs (decode, FULL):  63%|██████▎   | 12/19 [00:00<00:00, 26.01it/s]
Capturing CUDA graphs (decode, FULL):  79%|███████▉  | 15/19 [00:00<00:00, 26.00it/s]
Capturing CUDA graphs (decode, FULL):  95%|█████████▍| 18/19 [00:00<00:00, 26.15it/s]
Capturing CUDA graphs (decode, FULL): 100%|██████████| 19/19 [00:00<00:00, 26.16it/s]
2026-05-06 06:51:06.538 | INFO     | mineru.backend.vlm.vlm_analyze:get_model:251 - get vllm-async-engine predictor cost: 60.63s
2026-05-06 06:51:08.048 | INFO     | mineru.backend.hybrid.hybrid_analyze:aio_doc_analyze:706 - Hybrid processing-window run. page_count=1, window_size=64, total_windows=1
2026-05-06 06:51:08.086 | INFO     | mineru.backend.hybrid.hybrid_analyze:get_batch_ratio:515 - hybrid batch ratio (auto, vram=79GB): 16
2026-05-06 06:51:13.174 | INFO     | mineru.backend.hybrid.hybrid_analyze:aio_doc_analyze:727 - Hybrid processing window 1/1: pages 1-1/1 (1 pages)

Two Step Extraction:   0%|          | 0/1 [00:00<?, ?it/s]The image processor of type `Qwen2VLImageProcessor` is now loaded as a fast processor by default, even if the model checkpoint was saved with a slow processor. This is a breaking change and may produce slightly different outputs. To continue using the slow processor, instantiate this class with `use_fast=False`. Note that this behavior will be extended to all models in a future release.

Two Step Extraction: 100%|██████████| 1/1 [00:07<00:00,  7.97s/it]
Two Step Extraction: 100%|██████████| 1/1 [00:07<00:00,  7.97s/it]

Layout Predict:   0%|          | 0/1 [00:00<?, ?it/s]
Layout Predict: 100%|██████████| 1/1 [00:02<00:00,  2.87s/it]
Layout Predict: 100%|██████████| 1/1 [00:02<00:00,  2.87s/it]

OCR-det:   0%|          | 0/5 [00:00<?, ?it/s]
OCR-det: 100%|██████████| 5/5 [00:00<00:00, 38.93it/s]
OCR-det: 100%|██████████| 5/5 [00:00<00:00, 38.84it/s]

Processing pages:   0%|          | 0/1 [00:00<?, ?it/s]
Processing pages: 100%|██████████| 1/1 [00:00<00:00, 14.01it/s]

OCR-rec Predict:   0%|          | 0/1 [00:00<?, ?it/s]
OCR-rec Predict: 100%|██████████| 1/1 [00:00<00:00,  8.41it/s]
OCR-rec Predict: 100%|██████████| 1/1 [00:00<00:00,  8.38it/s]
2026-05-06 06:51:32.887 | INFO     | mineru.cli.client:run_planned_task:807 - Completed batch 1/1 | Processed 1/1 page | 1 of 1 batch finished | task#1 [正极弹簧PT5-M02]
INFO:     Shutting down
[rank0]:[W506 06:51:43.412848747 ProcessGroupNCCL.cpp:1524] Warning: WARNING: destroy_process_group() was not called before program exit, which can leak resources. For more info, please see https://pytorch.org/docs/stable/distributed.html#shutdown (function operator())
INFO:     Waiting for application shutdown.
INFO:     Application shutdown complete.
INFO:     Finished server process [2771380]

2026-05-06 06:51:53.390 | INFO     | mineru.cli.client:run_orchestrated_cli:874 - Started local mineru-api at http://127.0.0.1:45327
2026-05-06 06:51:56.843 | INFO     | __main__:create_app:260 - Request concurrency limited to 3
INFO:     Started server process [2772051]
INFO:     Waiting for application startup.
INFO:     Application startup complete.
INFO:     Uvicorn running on http://127.0.0.1:45327 (Press CTRL+C to quit)
2026-05-06 06:51:57.431 | INFO     | mineru.cli.client:run_planned_task:771 - Submitting batch 1/1 | 1 document, 1 page in this batch | 1 page total | task#1 [电池盖]
2026-05-06 06:52:00.823 | INFO     | mineru.utils.engine_utils:get_vlm_engine:34 - Using vllm-async-engine as the inference engine for VLM.
2026-05-06 06:52:09.397 | INFO     | mineru.backend.vlm.utils:enable_custom_logits_processors:56 - compute_capability: 8.0 >= 8.0 and vllm version: 0.11.2 >= 0.10.1, enable custom_logits_processors
[1;36m(EngineCore_DP0 pid=2772155)[0;0m The image processor of type `Qwen2VLImageProcessor` is now loaded as a fast processor by default, even if the model checkpoint was saved with a slow processor. This is a breaking change and may produce slightly different outputs. To continue using the slow processor, instantiate this class with `use_fast=False`. Note that this behavior will be extended to all models in a future release.
[1;36m(EngineCore_DP0 pid=2772155)[0;0m /home/s2025244189/miniconda3/envs/mineru/lib/python3.10/site-packages/tvm_ffi/_optional_torch_c_dlpack.py:181: UserWarning: Failed to JIT torch c dlpack extension, EnvTensorAllocator will not be enabled.
[1;36m(EngineCore_DP0 pid=2772155)[0;0m We recommend installing via `pip install torch-c-dlpack-ext`
[1;36m(EngineCore_DP0 pid=2772155)[0;0m   warnings.warn(
[1;36m(EngineCore_DP0 pid=2772155)[0;0m 
Loading safetensors checkpoint shards:   0% Completed | 0/1 [00:00<?, ?it/s]
[1;36m(EngineCore_DP0 pid=2772155)[0;0m 
Loading safetensors checkpoint shards: 100% Completed | 1/1 [00:01<00:00,  1.32s/it]
[1;36m(EngineCore_DP0 pid=2772155)[0;0m 
Loading safetensors checkpoint shards: 100% Completed | 1/1 [00:01<00:00,  1.32s/it]
[1;36m(EngineCore_DP0 pid=2772155)[0;0m 
[1;36m(EngineCore_DP0 pid=2772155)[0;0m 
Capturing CUDA graphs (mixed prefill-decode, PIECEWISE):   0%|          | 0/35 [00:00<?, ?it/s]
Capturing CUDA graphs (mixed prefill-decode, PIECEWISE):   9%|▊         | 3/35 [00:00<00:01, 24.84it/s]
Capturing CUDA graphs (mixed prefill-decode, PIECEWISE):  17%|█▋        | 6/35 [00:00<00:01, 24.66it/s]
Capturing CUDA graphs (mixed prefill-decode, PIECEWISE):  26%|██▌       | 9/35 [00:00<00:01, 25.42it/s]
Capturing CUDA graphs (mixed prefill-decode, PIECEWISE):  34%|███▍      | 12/35 [00:00<00:00, 25.92it/s]
Capturing CUDA graphs (mixed prefill-decode, PIECEWISE):  43%|████▎     | 15/35 [00:00<00:00, 25.86it/s]
Capturing CUDA graphs (mixed prefill-decode, PIECEWISE):  51%|█████▏    | 18/35 [00:00<00:00, 25.95it/s]
Capturing CUDA graphs (mixed prefill-decode, PIECEWISE):  60%|██████    | 21/35 [00:00<00:00, 25.81it/s]
Capturing CUDA graphs (mixed prefill-decode, PIECEWISE):  69%|██████▊   | 24/35 [00:00<00:00, 25.44it/s]
Capturing CUDA graphs (mixed prefill-decode, PIECEWISE):  77%|███████▋  | 27/35 [00:01<00:00, 25.48it/s]
Capturing CUDA graphs (mixed prefill-decode, PIECEWISE):  86%|████████▌ | 30/35 [00:01<00:00, 22.60it/s]
Capturing CUDA graphs (mixed prefill-decode, PIECEWISE):  94%|█████████▍| 33/35 [00:01<00:00, 23.70it/s]
Capturing CUDA graphs (mixed prefill-decode, PIECEWISE): 100%|██████████| 35/35 [00:01<00:00, 24.77it/s]
[1;36m(EngineCore_DP0 pid=2772155)[0;0m 
Capturing CUDA graphs (decode, FULL):   0%|          | 0/19 [00:00<?, ?it/s]
Capturing CUDA graphs (decode, FULL):  16%|█▌        | 3/19 [00:00<00:00, 27.29it/s]
Capturing CUDA graphs (decode, FULL):  32%|███▏      | 6/19 [00:00<00:00, 25.85it/s]
Capturing CUDA graphs (decode, FULL):  47%|████▋     | 9/19 [00:00<00:00, 25.93it/s]
Capturing CUDA graphs (decode, FULL):  63%|██████▎   | 12/19 [00:00<00:00, 26.24it/s]
Capturing CUDA graphs (decode, FULL):  79%|███████▉  | 15/19 [00:00<00:00, 26.32it/s]
Capturing CUDA graphs (decode, FULL):  95%|█████████▍| 18/19 [00:00<00:00, 26.84it/s]
Capturing CUDA graphs (decode, FULL): 100%|██████████| 19/19 [00:00<00:00, 26.67it/s]
2026-05-06 06:53:00.532 | INFO     | mineru.backend.vlm.vlm_analyze:get_model:251 - get vllm-async-engine predictor cost: 54.15s
2026-05-06 06:53:00.591 | INFO     | mineru.backend.hybrid.hybrid_analyze:aio_doc_analyze:706 - Hybrid processing-window run. page_count=1, window_size=64, total_windows=1
2026-05-06 06:53:05.475 | INFO     | mineru.backend.hybrid.hybrid_analyze:aio_doc_analyze:727 - Hybrid processing window 1/1: pages 1-1/1 (1 pages)

Two Step Extraction:   0%|          | 0/1 [00:00<?, ?it/s]The image processor of type `Qwen2VLImageProcessor` is now loaded as a fast processor by default, even if the model checkpoint was saved with a slow processor. This is a breaking change and may produce slightly different outputs. To continue using the slow processor, instantiate this class with `use_fast=False`. Note that this behavior will be extended to all models in a future release.

Two Step Extraction: 100%|██████████| 1/1 [00:09<00:00,  9.16s/it]
Two Step Extraction: 100%|██████████| 1/1 [00:09<00:00,  9.16s/it]

Processing pages:   0%|          | 0/1 [00:00<?, ?it/s]
Processing pages: 100%|██████████| 1/1 [00:07<00:00,  7.22s/it]
Processing pages: 100%|██████████| 1/1 [00:07<00:00,  7.22s/it]
2026-05-06 06:53:22.571 | INFO     | mineru.cli.client:run_planned_task:807 - Completed batch 1/1 | Processed 1/1 page | 1 of 1 batch finished | task#1 [电池盖]
INFO:     Shutting down
[rank0]:[W506 06:53:32.096658482 ProcessGroupNCCL.cpp:1524] Warning: WARNING: destroy_process_group() was not called before program exit, which can leak resources. For more info, please see https://pytorch.org/docs/stable/distributed.html#shutdown (function operator())
INFO:     Waiting for application shutdown.
INFO:     Application shutdown complete.
INFO:     Finished server process [2772051]

2026-05-06 06:53:42.304 | INFO     | mineru.cli.client:run_orchestrated_cli:874 - Started local mineru-api at http://127.0.0.1:60665
2026-05-06 06:53:46.781 | INFO     | __main__:create_app:260 - Request concurrency limited to 3
INFO:     Started server process [2772563]
INFO:     Waiting for application startup.
INFO:     Application startup complete.
INFO:     Uvicorn running on http://127.0.0.1:60665 (Press CTRL+C to quit)
2026-05-06 06:53:47.340 | INFO     | mineru.cli.client:run_planned_task:771 - Submitting batch 1/1 | 1 document, 1 page in this batch | 1 page total | task#1 [负极弹簧PT5-M03]
2026-05-06 06:53:51.839 | INFO     | mineru.utils.engine_utils:get_vlm_engine:34 - Using vllm-async-engine as the inference engine for VLM.
2026-05-06 06:54:00.829 | INFO     | mineru.backend.vlm.utils:enable_custom_logits_processors:56 - compute_capability: 8.0 >= 8.0 and vllm version: 0.11.2 >= 0.10.1, enable custom_logits_processors
[1;36m(EngineCore_DP0 pid=2772700)[0;0m The image processor of type `Qwen2VLImageProcessor` is now loaded as a fast processor by default, even if the model checkpoint was saved with a slow processor. This is a breaking change and may produce slightly different outputs. To continue using the slow processor, instantiate this class with `use_fast=False`. Note that this behavior will be extended to all models in a future release.
[1;36m(EngineCore_DP0 pid=2772700)[0;0m /home/s2025244189/miniconda3/envs/mineru/lib/python3.10/site-packages/tvm_ffi/_optional_torch_c_dlpack.py:181: UserWarning: Failed to JIT torch c dlpack extension, EnvTensorAllocator will not be enabled.
[1;36m(EngineCore_DP0 pid=2772700)[0;0m We recommend installing via `pip install torch-c-dlpack-ext`
[1;36m(EngineCore_DP0 pid=2772700)[0;0m   warnings.warn(
[1;36m(EngineCore_DP0 pid=2772700)[0;0m 
Loading safetensors checkpoint shards:   0% Completed | 0/1 [00:00<?, ?it/s]
[1;36m(EngineCore_DP0 pid=2772700)[0;0m 
Loading safetensors checkpoint shards: 100% Completed | 1/1 [00:01<00:00,  1.30s/it]
[1;36m(EngineCore_DP0 pid=2772700)[0;0m 
Loading safetensors checkpoint shards: 100% Completed | 1/1 [00:01<00:00,  1.30s/it]
[1;36m(EngineCore_DP0 pid=2772700)[0;0m 
[1;36m(EngineCore_DP0 pid=2772700)[0;0m 
Capturing CUDA graphs (mixed prefill-decode, PIECEWISE):   0%|          | 0/35 [00:00<?, ?it/s]
Capturing CUDA graphs (mixed prefill-decode, PIECEWISE):   9%|▊         | 3/35 [00:00<00:01, 27.85it/s]
Capturing CUDA graphs (mixed prefill-decode, PIECEWISE):  17%|█▋        | 6/35 [00:00<00:01, 28.21it/s]
Capturing CUDA graphs (mixed prefill-decode, PIECEWISE):  26%|██▌       | 9/35 [00:00<00:00, 28.55it/s]
Capturing CUDA graphs (mixed prefill-decode, PIECEWISE):  34%|███▍      | 12/35 [00:00<00:00, 28.23it/s]
Capturing CUDA graphs (mixed prefill-decode, PIECEWISE):  43%|████▎     | 15/35 [00:00<00:00, 28.25it/s]
Capturing CUDA graphs (mixed prefill-decode, PIECEWISE):  51%|█████▏    | 18/35 [00:00<00:00, 28.06it/s]
Capturing CUDA graphs (mixed prefill-decode, PIECEWISE):  60%|██████    | 21/35 [00:00<00:00, 28.01it/s]
Capturing CUDA graphs (mixed prefill-decode, PIECEWISE):  69%|██████▊   | 24/35 [00:00<00:00, 27.96it/s]
Capturing CUDA graphs (mixed prefill-decode, PIECEWISE):  77%|███████▋  | 27/35 [00:00<00:00, 27.97it/s]
Capturing CUDA graphs (mixed prefill-decode, PIECEWISE):  86%|████████▌ | 30/35 [00:01<00:00, 25.36it/s]
Capturing CUDA graphs (mixed prefill-decode, PIECEWISE):  94%|█████████▍| 33/35 [00:01<00:00, 26.14it/s]
Capturing CUDA graphs (mixed prefill-decode, PIECEWISE): 100%|██████████| 35/35 [00:01<00:00, 27.31it/s]
[1;36m(EngineCore_DP0 pid=2772700)[0;0m 
Capturing CUDA graphs (decode, FULL):   0%|          | 0/19 [00:00<?, ?it/s]
Capturing CUDA graphs (decode, FULL):  16%|█▌        | 3/19 [00:00<00:00, 29.22it/s]
Capturing CUDA graphs (decode, FULL):  32%|███▏      | 6/19 [00:00<00:00, 28.84it/s]
Capturing CUDA graphs (decode, FULL):  47%|████▋     | 9/19 [00:00<00:00, 28.87it/s]
Capturing CUDA graphs (decode, FULL):  63%|██████▎   | 12/19 [00:00<00:00, 28.93it/s]
Capturing CUDA graphs (decode, FULL):  79%|███████▉  | 15/19 [00:00<00:00, 28.68it/s]
Capturing CUDA graphs (decode, FULL):  95%|█████████▍| 18/19 [00:00<00:00, 28.91it/s]
Capturing CUDA graphs (decode, FULL): 100%|██████████| 19/19 [00:00<00:00, 28.98it/s]
2026-05-06 06:54:52.231 | INFO     | mineru.backend.vlm.vlm_analyze:get_model:251 - get vllm-async-engine predictor cost: 54.49s
2026-05-06 06:54:53.675 | INFO     | mineru.backend.hybrid.hybrid_analyze:aio_doc_analyze:706 - Hybrid processing-window run. page_count=1, window_size=64, total_windows=1
2026-05-06 06:54:53.715 | INFO     | mineru.backend.hybrid.hybrid_analyze:get_batch_ratio:515 - hybrid batch ratio (auto, vram=79GB): 16
2026-05-06 06:54:58.434 | INFO     | mineru.backend.hybrid.hybrid_analyze:aio_doc_analyze:727 - Hybrid processing window 1/1: pages 1-1/1 (1 pages)

Two Step Extraction:   0%|          | 0/1 [00:00<?, ?it/s]The image processor of type `Qwen2VLImageProcessor` is now loaded as a fast processor by default, even if the model checkpoint was saved with a slow processor. This is a breaking change and may produce slightly different outputs. To continue using the slow processor, instantiate this class with `use_fast=False`. Note that this behavior will be extended to all models in a future release.

Two Step Extraction: 100%|██████████| 1/1 [00:08<00:00,  8.06s/it]
Two Step Extraction: 100%|██████████| 1/1 [00:08<00:00,  8.06s/it]

Layout Predict:   0%|          | 0/1 [00:00<?, ?it/s]
Layout Predict: 100%|██████████| 1/1 [00:02<00:00,  2.75s/it]
Layout Predict: 100%|██████████| 1/1 [00:02<00:00,  2.75s/it]

OCR-det: 0it [00:00, ?it/s]
OCR-det: 0it [00:00, ?it/s]

Processing pages:   0%|          | 0/1 [00:00<?, ?it/s]
Processing pages: 100%|██████████| 1/1 [00:00<00:00, 14.09it/s]
2026-05-06 06:55:17.396 | INFO     | mineru.cli.client:run_planned_task:807 - Completed batch 1/1 | Processed 1/1 page | 1 of 1 batch finished | task#1 [负极弹簧PT5-M03]
INFO:     Shutting down
INFO:     Waiting for application shutdown.
INFO:     Application shutdown complete.
INFO:     Finished server process [2772563]

2026-05-06 06:55:38.870 | INFO     | mineru.cli.client:run_orchestrated_cli:874 - Started local mineru-api at http://127.0.0.1:43783
2026-05-06 06:55:42.759 | INFO     | __main__:create_app:260 - Request concurrency limited to 3
INFO:     Started server process [2773176]
INFO:     Waiting for application startup.
INFO:     Application startup complete.
INFO:     Uvicorn running on http://127.0.0.1:43783 (Press CTRL+C to quit)
2026-05-06 06:55:43.908 | INFO     | mineru.cli.client:run_planned_task:771 - Submitting batch 1/1 | 1 document, 1 page in this batch | 1 page total | task#1 [透镜]
2026-05-06 06:55:48.255 | INFO     | mineru.utils.engine_utils:get_vlm_engine:34 - Using vllm-async-engine as the inference engine for VLM.
2026-05-06 06:55:56.622 | INFO     | mineru.backend.vlm.utils:enable_custom_logits_processors:56 - compute_capability: 8.0 >= 8.0 and vllm version: 0.11.2 >= 0.10.1, enable custom_logits_processors
[1;36m(EngineCore_DP0 pid=2773333)[0;0m The image processor of type `Qwen2VLImageProcessor` is now loaded as a fast processor by default, even if the model checkpoint was saved with a slow processor. This is a breaking change and may produce slightly different outputs. To continue using the slow processor, instantiate this class with `use_fast=False`. Note that this behavior will be extended to all models in a future release.
[1;36m(EngineCore_DP0 pid=2773333)[0;0m /home/s2025244189/miniconda3/envs/mineru/lib/python3.10/site-packages/tvm_ffi/_optional_torch_c_dlpack.py:181: UserWarning: Failed to JIT torch c dlpack extension, EnvTensorAllocator will not be enabled.
[1;36m(EngineCore_DP0 pid=2773333)[0;0m We recommend installing via `pip install torch-c-dlpack-ext`
[1;36m(EngineCore_DP0 pid=2773333)[0;0m   warnings.warn(
[1;36m(EngineCore_DP0 pid=2773333)[0;0m 
Loading safetensors checkpoint shards:   0% Completed | 0/1 [00:00<?, ?it/s]
[1;36m(EngineCore_DP0 pid=2773333)[0;0m 
Loading safetensors checkpoint shards: 100% Completed | 1/1 [00:01<00:00,  1.38s/it]
[1;36m(EngineCore_DP0 pid=2773333)[0;0m 
Loading safetensors checkpoint shards: 100% Completed | 1/1 [00:01<00:00,  1.38s/it]
[1;36m(EngineCore_DP0 pid=2773333)[0;0m 
[1;36m(EngineCore_DP0 pid=2773333)[0;0m 
Capturing CUDA graphs (mixed prefill-decode, PIECEWISE):   0%|          | 0/35 [00:00<?, ?it/s]
Capturing CUDA graphs (mixed prefill-decode, PIECEWISE):   9%|▊         | 3/35 [00:00<00:01, 26.65it/s]
Capturing CUDA graphs (mixed prefill-decode, PIECEWISE):  17%|█▋        | 6/35 [00:00<00:01, 26.64it/s]
Capturing CUDA graphs (mixed prefill-decode, PIECEWISE):  26%|██▌       | 9/35 [00:00<00:00, 27.17it/s]
Capturing CUDA graphs (mixed prefill-decode, PIECEWISE):  34%|███▍      | 12/35 [00:00<00:00, 27.11it/s]
Capturing CUDA graphs (mixed prefill-decode, PIECEWISE):  43%|████▎     | 15/35 [00:00<00:00, 27.05it/s]
Capturing CUDA graphs (mixed prefill-decode, PIECEWISE):  51%|█████▏    | 18/35 [00:00<00:00, 26.12it/s]
Capturing CUDA graphs (mixed prefill-decode, PIECEWISE):  60%|██████    | 21/35 [00:00<00:00, 26.41it/s]
Capturing CUDA graphs (mixed prefill-decode, PIECEWISE):  69%|██████▊   | 24/35 [00:00<00:00, 26.06it/s]
Capturing CUDA graphs (mixed prefill-decode, PIECEWISE):  77%|███████▋  | 27/35 [00:01<00:00, 26.34it/s]
Capturing CUDA graphs (mixed prefill-decode, PIECEWISE):  86%|████████▌ | 30/35 [00:01<00:00, 23.95it/s]
Capturing CUDA graphs (mixed prefill-decode, PIECEWISE):  94%|█████████▍| 33/35 [00:01<00:00, 24.81it/s]
Capturing CUDA graphs (mixed prefill-decode, PIECEWISE): 100%|██████████| 35/35 [00:01<00:00, 25.85it/s]
[1;36m(EngineCore_DP0 pid=2773333)[0;0m 
Capturing CUDA graphs (decode, FULL):   0%|          | 0/19 [00:00<?, ?it/s]
Capturing CUDA graphs (decode, FULL):  16%|█▌        | 3/19 [00:00<00:00, 26.25it/s]
Capturing CUDA graphs (decode, FULL):  32%|███▏      | 6/19 [00:00<00:00, 26.79it/s]
Capturing CUDA graphs (decode, FULL):  47%|████▋     | 9/19 [00:00<00:00, 26.77it/s]
Capturing CUDA graphs (decode, FULL):  63%|██████▎   | 12/19 [00:00<00:00, 27.17it/s]
Capturing CUDA graphs (decode, FULL):  79%|███████▉  | 15/19 [00:00<00:00, 27.60it/s]
Capturing CUDA graphs (decode, FULL):  95%|█████████▍| 18/19 [00:00<00:00, 27.62it/s]
Capturing CUDA graphs (decode, FULL): 100%|██████████| 19/19 [00:00<00:00, 27.42it/s]
2026-05-06 06:56:49.477 | INFO     | mineru.backend.vlm.vlm_analyze:get_model:251 - get vllm-async-engine predictor cost: 55.69s
2026-05-06 06:56:49.520 | INFO     | mineru.backend.hybrid.hybrid_analyze:aio_doc_analyze:706 - Hybrid processing-window run. page_count=1, window_size=64, total_windows=1
2026-05-06 06:56:54.538 | INFO     | mineru.backend.hybrid.hybrid_analyze:aio_doc_analyze:727 - Hybrid processing window 1/1: pages 1-1/1 (1 pages)

Two Step Extraction:   0%|          | 0/1 [00:00<?, ?it/s]The image processor of type `Qwen2VLImageProcessor` is now loaded as a fast processor by default, even if the model checkpoint was saved with a slow processor. This is a breaking change and may produce slightly different outputs. To continue using the slow processor, instantiate this class with `use_fast=False`. Note that this behavior will be extended to all models in a future release.

Two Step Extraction: 100%|██████████| 1/1 [00:08<00:00,  8.96s/it]
Two Step Extraction: 100%|██████████| 1/1 [00:08<00:00,  8.96s/it]

Processing pages:   0%|          | 0/1 [00:00<?, ?it/s]
Processing pages: 100%|██████████| 1/1 [00:07<00:00,  7.81s/it]
Processing pages: 100%|██████████| 1/1 [00:07<00:00,  7.81s/it]
2026-05-06 06:57:12.152 | INFO     | mineru.cli.client:run_planned_task:807 - Completed batch 1/1 | Processed 1/1 page | 1 of 1 batch finished | task#1 [透镜]
INFO:     Shutting down
[rank0]:[W506 06:57:22.702091568 ProcessGroupNCCL.cpp:1524] Warning: WARNING: destroy_process_group() was not called before program exit, which can leak resources. For more info, please see https://pytorch.org/docs/stable/distributed.html#shutdown (function operator())
INFO:     Waiting for application shutdown.
INFO:     Application shutdown complete.
INFO:     Finished server process [2773176]

2026-05-06 06:57:33.993 | INFO     | mineru.cli.client:run_orchestrated_cli:874 - Started local mineru-api at http://127.0.0.1:50169
2026-05-06 06:57:38.273 | INFO     | __main__:create_app:260 - Request concurrency limited to 3
INFO:     Started server process [2773753]
INFO:     Waiting for application startup.
INFO:     Application startup complete.
INFO:     Uvicorn running on http://127.0.0.1:50169 (Press CTRL+C to quit)
2026-05-06 06:57:39.030 | INFO     | mineru.cli.client:run_planned_task:771 - Submitting batch 1/1 | 1 document, 1 page in this batch | 1 page total | task#1 [工艺说明-PT9L]
2026-05-06 06:57:39.530 | WARNING  | mineru.cli.common:aio_do_parse:749 - No valid PDF or image files to process.
2026-05-06 06:57:40.333 | INFO     | mineru.cli.client:run_planned_task:807 - Completed batch 1/1 | Processed 1/1 page | 1 of 1 batch finished | task#1 [工艺说明-PT9L]
2026-05-06 06:57:40.360 | WARNING  | mineru.cli.client:log_visualization_future_result:390 - Skipping visualization for 工艺说明-PT9L: missing origin.pdf: 工艺说明-PT9L_origin.pdf
INFO:     Shutting down
INFO:     Waiting for application shutdown.
INFO:     Application shutdown complete.
INFO:     Finished server process [2773753]

2026-05-06 06:57:58.254 | INFO     | mineru.cli.client:run_orchestrated_cli:874 - Started local mineru-api at http://127.0.0.1:33943
2026-05-06 06:58:02.135 | INFO     | __main__:create_app:260 - Request concurrency limited to 3
INFO:     Started server process [2773937]
INFO:     Waiting for application startup.
INFO:     Application startup complete.
INFO:     Uvicorn running on http://127.0.0.1:33943 (Press CTRL+C to quit)
2026-05-06 06:58:02.287 | INFO     | mineru.cli.client:run_planned_task:771 - Submitting batch 1/1 | 1 document, 1 page in this batch | 1 page total | task#1 [总装类组件清单PT9L-ABOM01 V1.0]
2026-05-06 06:58:03.374 | WARNING  | mineru.cli.common:aio_do_parse:749 - No valid PDF or image files to process.
2026-05-06 06:58:03.485 | INFO     | mineru.cli.client:run_planned_task:807 - Completed batch 1/1 | Processed 1/1 page | 1 of 1 batch finished | task#1 [总装类组件清单PT9L-ABOM01 V1.0]
2026-05-06 06:58:03.514 | WARNING  | mineru.cli.client:log_visualization_future_result:390 - Skipping visualization for 总装类组件清单PT9L-ABOM01 V1.0: missing origin.pdf: 总装类组件清单PT9L-ABOM01 V1.0_origin.pdf
INFO:     Shutting down
INFO:     Waiting for application shutdown.
INFO:     Application shutdown complete.
INFO:     Finished server process [2773937]

2026-05-06 06:58:22.785 | INFO     | mineru.cli.client:run_orchestrated_cli:874 - Started local mineru-api at http://127.0.0.1:46953
2026-05-06 06:58:26.361 | INFO     | __main__:create_app:260 - Request concurrency limited to 3
INFO:     Started server process [2774111]
INFO:     Waiting for application startup.
INFO:     Application startup complete.
INFO:     Uvicorn running on http://127.0.0.1:46953 (Press CTRL+C to quit)
2026-05-06 06:58:26.818 | INFO     | mineru.cli.client:run_planned_task:771 - Submitting batch 1/1 | 1 document, 1 page in this batch | 1 page total | task#1 [上盖20210727]
2026-05-06 06:58:31.989 | INFO     | mineru.utils.engine_utils:get_vlm_engine:34 - Using vllm-async-engine as the inference engine for VLM.
2026-05-06 06:58:46.795 | INFO     | mineru.backend.vlm.utils:enable_custom_logits_processors:56 - compute_capability: 8.0 >= 8.0 and vllm version: 0.11.2 >= 0.10.1, enable custom_logits_processors
[1;36m(EngineCore_DP0 pid=2774229)[0;0m The image processor of type `Qwen2VLImageProcessor` is now loaded as a fast processor by default, even if the model checkpoint was saved with a slow processor. This is a breaking change and may produce slightly different outputs. To continue using the slow processor, instantiate this class with `use_fast=False`. Note that this behavior will be extended to all models in a future release.
[1;36m(EngineCore_DP0 pid=2774229)[0;0m /home/s2025244189/miniconda3/envs/mineru/lib/python3.10/site-packages/tvm_ffi/_optional_torch_c_dlpack.py:181: UserWarning: Failed to JIT torch c dlpack extension, EnvTensorAllocator will not be enabled.
[1;36m(EngineCore_DP0 pid=2774229)[0;0m We recommend installing via `pip install torch-c-dlpack-ext`
[1;36m(EngineCore_DP0 pid=2774229)[0;0m   warnings.warn(
[1;36m(EngineCore_DP0 pid=2774229)[0;0m 
Loading safetensors checkpoint shards:   0% Completed | 0/1 [00:00<?, ?it/s]
[1;36m(EngineCore_DP0 pid=2774229)[0;0m 
Loading safetensors checkpoint shards: 100% Completed | 1/1 [00:01<00:00,  1.32s/it]
[1;36m(EngineCore_DP0 pid=2774229)[0;0m 
Loading safetensors checkpoint shards: 100% Completed | 1/1 [00:01<00:00,  1.32s/it]
[1;36m(EngineCore_DP0 pid=2774229)[0;0m 
[1;36m(EngineCore_DP0 pid=2774229)[0;0m 
Capturing CUDA graphs (mixed prefill-decode, PIECEWISE):   0%|          | 0/35 [00:00<?, ?it/s]
Capturing CUDA graphs (mixed prefill-decode, PIECEWISE):   9%|▊         | 3/35 [00:00<00:01, 24.33it/s]
Capturing CUDA graphs (mixed prefill-decode, PIECEWISE):  17%|█▋        | 6/35 [00:00<00:01, 25.40it/s]
Capturing CUDA graphs (mixed prefill-decode, PIECEWISE):  26%|██▌       | 9/35 [00:00<00:01, 25.10it/s]
Capturing CUDA graphs (mixed prefill-decode, PIECEWISE):  34%|███▍      | 12/35 [00:00<00:00, 24.01it/s]
Capturing CUDA graphs (mixed prefill-decode, PIECEWISE):  43%|████▎     | 15/35 [00:00<00:00, 23.84it/s]
Capturing CUDA graphs (mixed prefill-decode, PIECEWISE):  51%|█████▏    | 18/35 [00:00<00:00, 24.08it/s]
Capturing CUDA graphs (mixed prefill-decode, PIECEWISE):  60%|██████    | 21/35 [00:00<00:00, 24.04it/s]
Capturing CUDA graphs (mixed prefill-decode, PIECEWISE):  69%|██████▊   | 24/35 [00:01<00:00, 23.26it/s]
Capturing CUDA graphs (mixed prefill-decode, PIECEWISE):  77%|███████▋  | 27/35 [00:01<00:00, 22.70it/s]
Capturing CUDA graphs (mixed prefill-decode, PIECEWISE):  86%|████████▌ | 30/35 [00:01<00:00, 20.58it/s]
Capturing CUDA graphs (mixed prefill-decode, PIECEWISE):  94%|█████████▍| 33/35 [00:01<00:00, 21.93it/s]
Capturing CUDA graphs (mixed prefill-decode, PIECEWISE): 100%|██████████| 35/35 [00:01<00:00, 23.06it/s]
[1;36m(EngineCore_DP0 pid=2774229)[0;0m 
Capturing CUDA graphs (decode, FULL):   0%|          | 0/19 [00:00<?, ?it/s]
Capturing CUDA graphs (decode, FULL):  16%|█▌        | 3/19 [00:00<00:00, 26.77it/s]
Capturing CUDA graphs (decode, FULL):  32%|███▏      | 6/19 [00:00<00:00, 25.20it/s]
Capturing CUDA graphs (decode, FULL):  47%|████▋     | 9/19 [00:00<00:00, 26.40it/s]
Capturing CUDA graphs (decode, FULL):  63%|██████▎   | 12/19 [00:00<00:00, 26.35it/s]
Capturing CUDA graphs (decode, FULL):  79%|███████▉  | 15/19 [00:00<00:00, 25.64it/s]
Capturing CUDA graphs (decode, FULL):  95%|█████████▍| 18/19 [00:00<00:00, 25.72it/s]
Capturing CUDA graphs (decode, FULL): 100%|██████████| 19/19 [00:00<00:00, 25.81it/s]
2026-05-06 06:59:41.661 | INFO     | mineru.backend.vlm.vlm_analyze:get_model:251 - get vllm-async-engine predictor cost: 58.51s
2026-05-06 06:59:43.621 | INFO     | mineru.backend.hybrid.hybrid_analyze:aio_doc_analyze:706 - Hybrid processing-window run. page_count=1, window_size=64, total_windows=1
2026-05-06 06:59:43.666 | INFO     | mineru.backend.hybrid.hybrid_analyze:get_batch_ratio:515 - hybrid batch ratio (auto, vram=79GB): 16
2026-05-06 06:59:49.040 | INFO     | mineru.backend.hybrid.hybrid_analyze:aio_doc_analyze:727 - Hybrid processing window 1/1: pages 1-1/1 (1 pages)

Two Step Extraction:   0%|          | 0/1 [00:00<?, ?it/s]The image processor of type `Qwen2VLImageProcessor` is now loaded as a fast processor by default, even if the model checkpoint was saved with a slow processor. This is a breaking change and may produce slightly different outputs. To continue using the slow processor, instantiate this class with `use_fast=False`. Note that this behavior will be extended to all models in a future release.

Two Step Extraction: 100%|██████████| 1/1 [00:08<00:00,  8.59s/it]
Two Step Extraction: 100%|██████████| 1/1 [00:08<00:00,  8.59s/it]

Layout Predict:   0%|          | 0/1 [00:00<?, ?it/s]
Layout Predict: 100%|██████████| 1/1 [00:03<00:00,  3.06s/it]
Layout Predict: 100%|██████████| 1/1 [00:03<00:00,  3.06s/it]

OCR-det:   0%|          | 0/3 [00:00<?, ?it/s]
OCR-det: 100%|██████████| 3/3 [00:00<00:00, 40.49it/s]

Processing pages:   0%|          | 0/1 [00:00<?, ?it/s]
Processing pages: 100%|██████████| 1/1 [00:00<00:00, 11.64it/s]

OCR-rec Predict:   0%|          | 0/6 [00:00<?, ?it/s]
OCR-rec Predict: 100%|██████████| 6/6 [00:00<00:00, 100.11it/s]
2026-05-06 07:00:08.807 | INFO     | mineru.cli.client:run_planned_task:807 - Completed batch 1/1 | Processed 1/1 page | 1 of 1 batch finished | task#1 [上盖20210727]
INFO:     Shutting down
INFO:     Waiting for application shutdown.
INFO:     Application shutdown complete.
INFO:     Finished server process [2774111]

2026-05-06 07:00:30.668 | INFO     | mineru.cli.client:run_orchestrated_cli:874 - Started local mineru-api at http://127.0.0.1:44099
2026-05-06 07:00:34.622 | INFO     | __main__:create_app:260 - Request concurrency limited to 3
INFO:     Started server process [2774751]
INFO:     Waiting for application startup.
INFO:     Application startup complete.
INFO:     Uvicorn running on http://127.0.0.1:44099 (Press CTRL+C to quit)
2026-05-06 07:00:35.705 | INFO     | mineru.cli.client:run_planned_task:771 - Submitting batch 1/1 | 1 document, 1 page in this batch | 1 page total | task#1 [下盖-总-20211102]
2026-05-06 07:00:40.360 | INFO     | mineru.utils.engine_utils:get_vlm_engine:34 - Using vllm-async-engine as the inference engine for VLM.
2026-05-06 07:00:51.090 | INFO     | mineru.backend.vlm.utils:enable_custom_logits_processors:56 - compute_capability: 8.0 >= 8.0 and vllm version: 0.11.2 >= 0.10.1, enable custom_logits_processors
[1;36m(EngineCore_DP0 pid=2774912)[0;0m The image processor of type `Qwen2VLImageProcessor` is now loaded as a fast processor by default, even if the model checkpoint was saved with a slow processor. This is a breaking change and may produce slightly different outputs. To continue using the slow processor, instantiate this class with `use_fast=False`. Note that this behavior will be extended to all models in a future release.
[1;36m(EngineCore_DP0 pid=2774912)[0;0m /home/s2025244189/miniconda3/envs/mineru/lib/python3.10/site-packages/tvm_ffi/_optional_torch_c_dlpack.py:181: UserWarning: Failed to JIT torch c dlpack extension, EnvTensorAllocator will not be enabled.
[1;36m(EngineCore_DP0 pid=2774912)[0;0m We recommend installing via `pip install torch-c-dlpack-ext`
[1;36m(EngineCore_DP0 pid=2774912)[0;0m   warnings.warn(
[1;36m(EngineCore_DP0 pid=2774912)[0;0m 
Loading safetensors checkpoint shards:   0% Completed | 0/1 [00:00<?, ?it/s]
[1;36m(EngineCore_DP0 pid=2774912)[0;0m 
Loading safetensors checkpoint shards: 100% Completed | 1/1 [00:01<00:00,  1.41s/it]
[1;36m(EngineCore_DP0 pid=2774912)[0;0m 
Loading safetensors checkpoint shards: 100% Completed | 1/1 [00:01<00:00,  1.41s/it]
[1;36m(EngineCore_DP0 pid=2774912)[0;0m 
[1;36m(EngineCore_DP0 pid=2774912)[0;0m 
Capturing CUDA graphs (mixed prefill-decode, PIECEWISE):   0%|          | 0/35 [00:00<?, ?it/s]
Capturing CUDA graphs (mixed prefill-decode, PIECEWISE):   9%|▊         | 3/35 [00:00<00:01, 24.28it/s]
Capturing CUDA graphs (mixed prefill-decode, PIECEWISE):  17%|█▋        | 6/35 [00:00<00:01, 24.70it/s]
Capturing CUDA graphs (mixed prefill-decode, PIECEWISE):  26%|██▌       | 9/35 [00:00<00:01, 25.38it/s]
Capturing CUDA graphs (mixed prefill-decode, PIECEWISE):  34%|███▍      | 12/35 [00:00<00:00, 25.94it/s]
Capturing CUDA graphs (mixed prefill-decode, PIECEWISE):  43%|████▎     | 15/35 [00:00<00:00, 25.92it/s]
Capturing CUDA graphs (mixed prefill-decode, PIECEWISE):  51%|█████▏    | 18/35 [00:00<00:00, 25.72it/s]
Capturing CUDA graphs (mixed prefill-decode, PIECEWISE):  60%|██████    | 21/35 [00:00<00:00, 26.10it/s]
Capturing CUDA graphs (mixed prefill-decode, PIECEWISE):  69%|██████▊   | 24/35 [00:00<00:00, 25.93it/s]
Capturing CUDA graphs (mixed prefill-decode, PIECEWISE):  77%|███████▋  | 27/35 [00:01<00:00, 26.30it/s]
Capturing CUDA graphs (mixed prefill-decode, PIECEWISE):  86%|████████▌ | 30/35 [00:01<00:00, 22.29it/s]
Capturing CUDA graphs (mixed prefill-decode, PIECEWISE):  94%|█████████▍| 33/35 [00:01<00:00, 22.58it/s]
Capturing CUDA graphs (mixed prefill-decode, PIECEWISE): 100%|██████████| 35/35 [00:01<00:00, 24.38it/s]
[1;36m(EngineCore_DP0 pid=2774912)[0;0m 
Capturing CUDA graphs (decode, FULL):   0%|          | 0/19 [00:00<?, ?it/s]
Capturing CUDA graphs (decode, FULL):  16%|█▌        | 3/19 [00:00<00:00, 26.36it/s]
Capturing CUDA graphs (decode, FULL):  32%|███▏      | 6/19 [00:00<00:00, 26.37it/s]
Capturing CUDA graphs (decode, FULL):  47%|████▋     | 9/19 [00:00<00:00, 26.08it/s]
Capturing CUDA graphs (decode, FULL):  63%|██████▎   | 12/19 [00:00<00:00, 26.14it/s]
Capturing CUDA graphs (decode, FULL):  79%|███████▉  | 15/19 [00:00<00:00, 25.87it/s]
Capturing CUDA graphs (decode, FULL):  95%|█████████▍| 18/19 [00:00<00:00, 26.08it/s]
Capturing CUDA graphs (decode, FULL): 100%|██████████| 19/19 [00:00<00:00, 26.09it/s]
2026-05-06 07:01:44.691 | INFO     | mineru.backend.vlm.vlm_analyze:get_model:251 - get vllm-async-engine predictor cost: 57.62s
2026-05-06 07:01:46.818 | INFO     | mineru.backend.hybrid.hybrid_analyze:aio_doc_analyze:706 - Hybrid processing-window run. page_count=1, window_size=64, total_windows=1
2026-05-06 07:01:46.861 | INFO     | mineru.backend.hybrid.hybrid_analyze:get_batch_ratio:515 - hybrid batch ratio (auto, vram=79GB): 16
2026-05-06 07:01:52.241 | INFO     | mineru.backend.hybrid.hybrid_analyze:aio_doc_analyze:727 - Hybrid processing window 1/1: pages 1-1/1 (1 pages)

Two Step Extraction:   0%|          | 0/1 [00:00<?, ?it/s]The image processor of type `Qwen2VLImageProcessor` is now loaded as a fast processor by default, even if the model checkpoint was saved with a slow processor. This is a breaking change and may produce slightly different outputs. To continue using the slow processor, instantiate this class with `use_fast=False`. Note that this behavior will be extended to all models in a future release.

Two Step Extraction: 100%|██████████| 1/1 [00:07<00:00,  7.62s/it]
Two Step Extraction: 100%|██████████| 1/1 [00:07<00:00,  7.62s/it]

Layout Predict:   0%|          | 0/1 [00:00<?, ?it/s]
Layout Predict: 100%|██████████| 1/1 [00:02<00:00,  2.57s/it]
Layout Predict: 100%|██████████| 1/1 [00:02<00:00,  2.57s/it]

OCR-det:   0%|          | 0/1 [00:00<?, ?it/s]
OCR-det: 100%|██████████| 1/1 [00:00<00:00, 49.23it/s]

Processing pages:   0%|          | 0/1 [00:00<?, ?it/s]
Processing pages: 100%|██████████| 1/1 [00:00<00:00, 10.00it/s]
Processing pages: 100%|██████████| 1/1 [00:00<00:00,  9.97it/s]
2026-05-06 07:02:09.961 | INFO     | mineru.cli.client:run_planned_task:807 - Completed batch 1/1 | Processed 1/1 page | 1 of 1 batch finished | task#1 [下盖-总-20211102]
INFO:     Shutting down
INFO:     Waiting for application shutdown.
INFO:     Application shutdown complete.
INFO:     Finished server process [2774751]

2026-05-06 07:02:33.422 | INFO     | mineru.cli.client:run_orchestrated_cli:874 - Started local mineru-api at http://127.0.0.1:33901
2026-05-06 07:02:37.138 | INFO     | __main__:create_app:260 - Request concurrency limited to 3
INFO:     Started server process [2775321]
INFO:     Waiting for application startup.
INFO:     Application startup complete.
INFO:     Uvicorn running on http://127.0.0.1:33901 (Press CTRL+C to quit)
2026-05-06 07:02:37.455 | INFO     | mineru.cli.client:run_planned_task:771 - Submitting batch 1/1 | 1 document, 1 page in this batch | 1 page total | task#1 [下盖20210727]
2026-05-06 07:02:41.638 | INFO     | mineru.utils.engine_utils:get_vlm_engine:34 - Using vllm-async-engine as the inference engine for VLM.
2026-05-06 07:02:51.404 | INFO     | mineru.backend.vlm.utils:enable_custom_logits_processors:56 - compute_capability: 8.0 >= 8.0 and vllm version: 0.11.2 >= 0.10.1, enable custom_logits_processors
[1;36m(EngineCore_DP0 pid=2775452)[0;0m The image processor of type `Qwen2VLImageProcessor` is now loaded as a fast processor by default, even if the model checkpoint was saved with a slow processor. This is a breaking change and may produce slightly different outputs. To continue using the slow processor, instantiate this class with `use_fast=False`. Note that this behavior will be extended to all models in a future release.
[1;36m(EngineCore_DP0 pid=2775452)[0;0m /home/s2025244189/miniconda3/envs/mineru/lib/python3.10/site-packages/tvm_ffi/_optional_torch_c_dlpack.py:181: UserWarning: Failed to JIT torch c dlpack extension, EnvTensorAllocator will not be enabled.
[1;36m(EngineCore_DP0 pid=2775452)[0;0m We recommend installing via `pip install torch-c-dlpack-ext`
[1;36m(EngineCore_DP0 pid=2775452)[0;0m   warnings.warn(
[1;36m(EngineCore_DP0 pid=2775452)[0;0m 
Loading safetensors checkpoint shards:   0% Completed | 0/1 [00:00<?, ?it/s]
[1;36m(EngineCore_DP0 pid=2775452)[0;0m 
Loading safetensors checkpoint shards: 100% Completed | 1/1 [00:01<00:00,  1.30s/it]
[1;36m(EngineCore_DP0 pid=2775452)[0;0m 
Loading safetensors checkpoint shards: 100% Completed | 1/1 [00:01<00:00,  1.31s/it]
[1;36m(EngineCore_DP0 pid=2775452)[0;0m 
[1;36m(EngineCore_DP0 pid=2775452)[0;0m 
Capturing CUDA graphs (mixed prefill-decode, PIECEWISE):   0%|          | 0/35 [00:00<?, ?it/s]
Capturing CUDA graphs (mixed prefill-decode, PIECEWISE):   9%|▊         | 3/35 [00:00<00:01, 26.61it/s]
Capturing CUDA graphs (mixed prefill-decode, PIECEWISE):  17%|█▋        | 6/35 [00:00<00:01, 25.82it/s]
Capturing CUDA graphs (mixed prefill-decode, PIECEWISE):  26%|██▌       | 9/35 [00:00<00:01, 25.93it/s]
Capturing CUDA graphs (mixed prefill-decode, PIECEWISE):  34%|███▍      | 12/35 [00:00<00:00, 26.05it/s]
Capturing CUDA graphs (mixed prefill-decode, PIECEWISE):  43%|████▎     | 15/35 [00:00<00:00, 25.31it/s]
Capturing CUDA graphs (mixed prefill-decode, PIECEWISE):  51%|█████▏    | 18/35 [00:00<00:00, 25.35it/s]
Capturing CUDA graphs (mixed prefill-decode, PIECEWISE):  60%|██████    | 21/35 [00:00<00:00, 25.35it/s]
Capturing CUDA graphs (mixed prefill-decode, PIECEWISE):  69%|██████▊   | 24/35 [00:00<00:00, 25.82it/s]
Capturing CUDA graphs (mixed prefill-decode, PIECEWISE):  77%|███████▋  | 27/35 [00:01<00:00, 25.68it/s]
Capturing CUDA graphs (mixed prefill-decode, PIECEWISE):  86%|████████▌ | 30/35 [00:01<00:00, 22.97it/s]
Capturing CUDA graphs (mixed prefill-decode, PIECEWISE):  94%|█████████▍| 33/35 [00:01<00:00, 23.68it/s]
Capturing CUDA graphs (mixed prefill-decode, PIECEWISE): 100%|██████████| 35/35 [00:01<00:00, 24.78it/s]
[1;36m(EngineCore_DP0 pid=2775452)[0;0m 
Capturing CUDA graphs (decode, FULL):   0%|          | 0/19 [00:00<?, ?it/s]
Capturing CUDA graphs (decode, FULL):  16%|█▌        | 3/19 [00:00<00:00, 25.45it/s]
Capturing CUDA graphs (decode, FULL):  32%|███▏      | 6/19 [00:00<00:00, 23.39it/s]
Capturing CUDA graphs (decode, FULL):  47%|████▋     | 9/19 [00:00<00:00, 24.90it/s]
Capturing CUDA graphs (decode, FULL):  63%|██████▎   | 12/19 [00:00<00:00, 25.71it/s]
Capturing CUDA graphs (decode, FULL):  79%|███████▉  | 15/19 [00:00<00:00, 25.98it/s]
Capturing CUDA graphs (decode, FULL):  95%|█████████▍| 18/19 [00:00<00:00, 26.39it/s]
Capturing CUDA graphs (decode, FULL): 100%|██████████| 19/19 [00:00<00:00, 25.80it/s]
2026-05-06 07:03:42.550 | INFO     | mineru.backend.vlm.vlm_analyze:get_model:251 - get vllm-async-engine predictor cost: 54.16s
2026-05-06 07:03:44.833 | INFO     | mineru.backend.hybrid.hybrid_analyze:aio_doc_analyze:706 - Hybrid processing-window run. page_count=1, window_size=64, total_windows=1
2026-05-06 07:03:44.872 | INFO     | mineru.backend.hybrid.hybrid_analyze:get_batch_ratio:515 - hybrid batch ratio (auto, vram=79GB): 16
2026-05-06 07:03:50.290 | INFO     | mineru.backend.hybrid.hybrid_analyze:aio_doc_analyze:727 - Hybrid processing window 1/1: pages 1-1/1 (1 pages)

Two Step Extraction:   0%|          | 0/1 [00:00<?, ?it/s]The image processor of type `Qwen2VLImageProcessor` is now loaded as a fast processor by default, even if the model checkpoint was saved with a slow processor. This is a breaking change and may produce slightly different outputs. To continue using the slow processor, instantiate this class with `use_fast=False`. Note that this behavior will be extended to all models in a future release.

Two Step Extraction: 100%|██████████| 1/1 [00:07<00:00,  7.79s/it]
Two Step Extraction: 100%|██████████| 1/1 [00:07<00:00,  7.79s/it]

Layout Predict:   0%|          | 0/1 [00:00<?, ?it/s]
Layout Predict: 100%|██████████| 1/1 [00:02<00:00,  2.84s/it]
Layout Predict: 100%|██████████| 1/1 [00:02<00:00,  2.84s/it]

OCR-det:   0%|          | 0/2 [00:00<?, ?it/s]
OCR-det: 100%|██████████| 2/2 [00:00<00:00, 45.35it/s]

Processing pages:   0%|          | 0/1 [00:00<?, ?it/s]
Processing pages: 100%|██████████| 1/1 [00:00<00:00, 10.89it/s]

OCR-rec Predict:   0%|          | 0/2 [00:00<?, ?it/s]
OCR-rec Predict: 100%|██████████| 2/2 [00:00<00:00, 89.27it/s]
2026-05-06 07:04:08.783 | INFO     | mineru.cli.client:run_planned_task:807 - Completed batch 1/1 | Processed 1/1 page | 1 of 1 batch finished | task#1 [下盖20210727]
INFO:     Shutting down
INFO:     Waiting for application shutdown.
INFO:     Application shutdown complete.
INFO:     Finished server process [2775321]

2026-05-06 07:04:30.798 | INFO     | mineru.cli.client:run_orchestrated_cli:874 - Started local mineru-api at http://127.0.0.1:47409
2026-05-06 07:04:34.668 | INFO     | __main__:create_app:260 - Request concurrency limited to 3
INFO:     Started server process [2775851]
INFO:     Waiting for application startup.
INFO:     Application startup complete.
INFO:     Uvicorn running on http://127.0.0.1:47409 (Press CTRL+C to quit)
2026-05-06 07:04:35.834 | INFO     | mineru.cli.client:run_planned_task:771 - Submitting batch 1/1 | 1 document, 1 page in this batch | 1 page total | task#1 [主板PCB 20211027]
2026-05-06 07:04:40.601 | INFO     | mineru.utils.engine_utils:get_vlm_engine:34 - Using vllm-async-engine as the inference engine for VLM.
2026-05-06 07:04:51.618 | INFO     | mineru.backend.vlm.utils:enable_custom_logits_processors:56 - compute_capability: 8.0 >= 8.0 and vllm version: 0.11.2 >= 0.10.1, enable custom_logits_processors
[1;36m(EngineCore_DP0 pid=2775987)[0;0m The image processor of type `Qwen2VLImageProcessor` is now loaded as a fast processor by default, even if the model checkpoint was saved with a slow processor. This is a breaking change and may produce slightly different outputs. To continue using the slow processor, instantiate this class with `use_fast=False`. Note that this behavior will be extended to all models in a future release.
[1;36m(EngineCore_DP0 pid=2775987)[0;0m /home/s2025244189/miniconda3/envs/mineru/lib/python3.10/site-packages/tvm_ffi/_optional_torch_c_dlpack.py:181: UserWarning: Failed to JIT torch c dlpack extension, EnvTensorAllocator will not be enabled.
[1;36m(EngineCore_DP0 pid=2775987)[0;0m We recommend installing via `pip install torch-c-dlpack-ext`
[1;36m(EngineCore_DP0 pid=2775987)[0;0m   warnings.warn(
[1;36m(EngineCore_DP0 pid=2775987)[0;0m 
Loading safetensors checkpoint shards:   0% Completed | 0/1 [00:00<?, ?it/s]
[1;36m(EngineCore_DP0 pid=2775987)[0;0m 
Loading safetensors checkpoint shards: 100% Completed | 1/1 [00:01<00:00,  1.48s/it]
[1;36m(EngineCore_DP0 pid=2775987)[0;0m 
Loading safetensors checkpoint shards: 100% Completed | 1/1 [00:01<00:00,  1.48s/it]
[1;36m(EngineCore_DP0 pid=2775987)[0;0m 
[1;36m(EngineCore_DP0 pid=2775987)[0;0m 
Capturing CUDA graphs (mixed prefill-decode, PIECEWISE):   0%|          | 0/35 [00:00<?, ?it/s]
Capturing CUDA graphs (mixed prefill-decode, PIECEWISE):   9%|▊         | 3/35 [00:00<00:01, 24.68it/s]
Capturing CUDA graphs (mixed prefill-decode, PIECEWISE):  17%|█▋        | 6/35 [00:00<00:01, 23.86it/s]
Capturing CUDA graphs (mixed prefill-decode, PIECEWISE):  26%|██▌       | 9/35 [00:00<00:01, 24.68it/s]
Capturing CUDA graphs (mixed prefill-decode, PIECEWISE):  34%|███▍      | 12/35 [00:00<00:00, 24.04it/s]
Capturing CUDA graphs (mixed prefill-decode, PIECEWISE):  43%|████▎     | 15/35 [00:00<00:00, 23.87it/s]
Capturing CUDA graphs (mixed prefill-decode, PIECEWISE):  51%|█████▏    | 18/35 [00:00<00:00, 24.34it/s]
Capturing CUDA graphs (mixed prefill-decode, PIECEWISE):  60%|██████    | 21/35 [00:00<00:00, 23.29it/s]
Capturing CUDA graphs (mixed prefill-decode, PIECEWISE):  69%|██████▊   | 24/35 [00:01<00:00, 23.71it/s]
Capturing CUDA graphs (mixed prefill-decode, PIECEWISE):  77%|███████▋  | 27/35 [00:01<00:00, 23.59it/s]
Capturing CUDA graphs (mixed prefill-decode, PIECEWISE):  86%|████████▌ | 30/35 [00:01<00:00, 21.39it/s]
Capturing CUDA graphs (mixed prefill-decode, PIECEWISE):  94%|█████████▍| 33/35 [00:01<00:00, 22.18it/s]
Capturing CUDA graphs (mixed prefill-decode, PIECEWISE): 100%|██████████| 35/35 [00:01<00:00, 23.29it/s]
[1;36m(EngineCore_DP0 pid=2775987)[0;0m 
Capturing CUDA graphs (decode, FULL):   0%|          | 0/19 [00:00<?, ?it/s]
Capturing CUDA graphs (decode, FULL):  16%|█▌        | 3/19 [00:00<00:00, 25.66it/s]
Capturing CUDA graphs (decode, FULL):  32%|███▏      | 6/19 [00:00<00:00, 25.09it/s]
Capturing CUDA graphs (decode, FULL):  47%|████▋     | 9/19 [00:00<00:00, 24.63it/s]
Capturing CUDA graphs (decode, FULL):  63%|██████▎   | 12/19 [00:00<00:00, 25.23it/s]
Capturing CUDA graphs (decode, FULL):  79%|███████▉  | 15/19 [00:00<00:00, 24.97it/s]
Capturing CUDA graphs (decode, FULL):  95%|█████████▍| 18/19 [00:00<00:00, 25.07it/s]
Capturing CUDA graphs (decode, FULL): 100%|██████████| 19/19 [00:00<00:00, 25.07it/s]
2026-05-06 07:05:44.304 | INFO     | mineru.backend.vlm.vlm_analyze:get_model:251 - get vllm-async-engine predictor cost: 55.84s
2026-05-06 07:05:44.681 | INFO     | mineru.backend.hybrid.hybrid_analyze:aio_doc_analyze:706 - Hybrid processing-window run. page_count=1, window_size=64, total_windows=1
2026-05-06 07:05:44.726 | INFO     | mineru.backend.hybrid.hybrid_analyze:get_batch_ratio:515 - hybrid batch ratio (auto, vram=79GB): 16
2026-05-06 07:05:49.717 | INFO     | mineru.backend.hybrid.hybrid_analyze:aio_doc_analyze:727 - Hybrid processing window 1/1: pages 1-1/1 (1 pages)

Two Step Extraction:   0%|          | 0/1 [00:00<?, ?it/s]The image processor of type `Qwen2VLImageProcessor` is now loaded as a fast processor by default, even if the model checkpoint was saved with a slow processor. This is a breaking change and may produce slightly different outputs. To continue using the slow processor, instantiate this class with `use_fast=False`. Note that this behavior will be extended to all models in a future release.

Two Step Extraction: 100%|██████████| 1/1 [00:07<00:00,  7.45s/it]
Two Step Extraction: 100%|██████████| 1/1 [00:07<00:00,  7.45s/it]

Layout Predict:   0%|          | 0/1 [00:00<?, ?it/s]
Layout Predict: 100%|██████████| 1/1 [00:02<00:00,  2.85s/it]
Layout Predict: 100%|██████████| 1/1 [00:02<00:00,  2.85s/it]

OCR-det:   0%|          | 0/3 [00:00<?, ?it/s]
OCR-det: 100%|██████████| 3/3 [00:00<00:00, 41.54it/s]

Processing pages:   0%|          | 0/1 [00:00<?, ?it/s]
Processing pages: 100%|██████████| 1/1 [00:00<00:00, 16.33it/s]

OCR-rec Predict:   0%|          | 0/1 [00:00<?, ?it/s]
OCR-rec Predict: 100%|██████████| 1/1 [00:00<00:00, 40.76it/s]
2026-05-06 07:06:07.972 | INFO     | mineru.cli.client:run_planned_task:807 - Completed batch 1/1 | Processed 1/1 page | 1 of 1 batch finished | task#1 [主板PCB 20211027]
INFO:     Shutting down
INFO:     Waiting for application shutdown.
INFO:     Application shutdown complete.
INFO:     Finished server process [2775851]

2026-05-06 07:06:29.877 | INFO     | mineru.cli.client:run_orchestrated_cli:874 - Started local mineru-api at http://127.0.0.1:59547
2026-05-06 07:06:33.515 | INFO     | __main__:create_app:260 - Request concurrency limited to 3
INFO:     Started server process [2776503]
INFO:     Waiting for application startup.
INFO:     Application startup complete.
INFO:     Uvicorn running on http://127.0.0.1:59547 (Press CTRL+C to quit)
2026-05-06 07:06:33.910 | INFO     | mineru.cli.client:run_planned_task:771 - Submitting batch 1/1 | 1 document, 1 page in this batch | 1 page total | task#1 [导光板20210727]
2026-05-06 07:06:37.774 | INFO     | mineru.utils.engine_utils:get_vlm_engine:34 - Using vllm-async-engine as the inference engine for VLM.
2026-05-06 07:06:46.645 | INFO     | mineru.backend.vlm.utils:enable_custom_logits_processors:56 - compute_capability: 8.0 >= 8.0 and vllm version: 0.11.2 >= 0.10.1, enable custom_logits_processors
[1;36m(EngineCore_DP0 pid=2776613)[0;0m The image processor of type `Qwen2VLImageProcessor` is now loaded as a fast processor by default, even if the model checkpoint was saved with a slow processor. This is a breaking change and may produce slightly different outputs. To continue using the slow processor, instantiate this class with `use_fast=False`. Note that this behavior will be extended to all models in a future release.
[1;36m(EngineCore_DP0 pid=2776613)[0;0m /home/s2025244189/miniconda3/envs/mineru/lib/python3.10/site-packages/tvm_ffi/_optional_torch_c_dlpack.py:181: UserWarning: Failed to JIT torch c dlpack extension, EnvTensorAllocator will not be enabled.
[1;36m(EngineCore_DP0 pid=2776613)[0;0m We recommend installing via `pip install torch-c-dlpack-ext`
[1;36m(EngineCore_DP0 pid=2776613)[0;0m   warnings.warn(
[1;36m(EngineCore_DP0 pid=2776613)[0;0m 
Loading safetensors checkpoint shards:   0% Completed | 0/1 [00:00<?, ?it/s]
[1;36m(EngineCore_DP0 pid=2776613)[0;0m 
Loading safetensors checkpoint shards: 100% Completed | 1/1 [00:01<00:00,  1.34s/it]
[1;36m(EngineCore_DP0 pid=2776613)[0;0m 
Loading safetensors checkpoint shards: 100% Completed | 1/1 [00:01<00:00,  1.34s/it]
[1;36m(EngineCore_DP0 pid=2776613)[0;0m 
[1;36m(EngineCore_DP0 pid=2776613)[0;0m 
Capturing CUDA graphs (mixed prefill-decode, PIECEWISE):   0%|          | 0/35 [00:00<?, ?it/s]
Capturing CUDA graphs (mixed prefill-decode, PIECEWISE):   9%|▊         | 3/35 [00:00<00:01, 24.62it/s]
Capturing CUDA graphs (mixed prefill-decode, PIECEWISE):  17%|█▋        | 6/35 [00:00<00:01, 25.44it/s]
Capturing CUDA graphs (mixed prefill-decode, PIECEWISE):  26%|██▌       | 9/35 [00:00<00:01, 25.90it/s]
Capturing CUDA graphs (mixed prefill-decode, PIECEWISE):  34%|███▍      | 12/35 [00:00<00:00, 26.06it/s]
Capturing CUDA graphs (mixed prefill-decode, PIECEWISE):  43%|████▎     | 15/35 [00:00<00:00, 26.05it/s]
Capturing CUDA graphs (mixed prefill-decode, PIECEWISE):  51%|█████▏    | 18/35 [00:00<00:00, 25.85it/s]
Capturing CUDA graphs (mixed prefill-decode, PIECEWISE):  60%|██████    | 21/35 [00:00<00:00, 25.47it/s]
Capturing CUDA graphs (mixed prefill-decode, PIECEWISE):  69%|██████▊   | 24/35 [00:00<00:00, 25.59it/s]
Capturing CUDA graphs (mixed prefill-decode, PIECEWISE):  77%|███████▋  | 27/35 [00:01<00:00, 25.78it/s]
Capturing CUDA graphs (mixed prefill-decode, PIECEWISE):  86%|████████▌ | 30/35 [00:01<00:00, 23.44it/s]
Capturing CUDA graphs (mixed prefill-decode, PIECEWISE):  94%|█████████▍| 33/35 [00:01<00:00, 24.39it/s]
Capturing CUDA graphs (mixed prefill-decode, PIECEWISE): 100%|██████████| 35/35 [00:01<00:00, 25.20it/s]
[1;36m(EngineCore_DP0 pid=2776613)[0;0m 
Capturing CUDA graphs (decode, FULL):   0%|          | 0/19 [00:00<?, ?it/s]
Capturing CUDA graphs (decode, FULL):  16%|█▌        | 3/19 [00:00<00:00, 27.47it/s]
Capturing CUDA graphs (decode, FULL):  32%|███▏      | 6/19 [00:00<00:00, 26.54it/s]
Capturing CUDA graphs (decode, FULL):  47%|████▋     | 9/19 [00:00<00:00, 26.65it/s]
Capturing CUDA graphs (decode, FULL):  63%|██████▎   | 12/19 [00:00<00:00, 26.72it/s]
Capturing CUDA graphs (decode, FULL):  79%|███████▉  | 15/19 [00:00<00:00, 26.64it/s]
Capturing CUDA graphs (decode, FULL):  95%|█████████▍| 18/19 [00:00<00:00, 26.97it/s]
Capturing CUDA graphs (decode, FULL): 100%|██████████| 19/19 [00:00<00:00, 26.98it/s]
2026-05-06 07:07:38.019 | INFO     | mineru.backend.vlm.vlm_analyze:get_model:251 - get vllm-async-engine predictor cost: 54.2s
2026-05-06 07:07:38.624 | INFO     | mineru.backend.hybrid.hybrid_analyze:aio_doc_analyze:706 - Hybrid processing-window run. page_count=1, window_size=64, total_windows=1
2026-05-06 07:07:38.671 | INFO     | mineru.backend.hybrid.hybrid_analyze:get_batch_ratio:515 - hybrid batch ratio (auto, vram=79GB): 16
2026-05-06 07:07:43.739 | INFO     | mineru.backend.hybrid.hybrid_analyze:aio_doc_analyze:727 - Hybrid processing window 1/1: pages 1-1/1 (1 pages)

Two Step Extraction:   0%|          | 0/1 [00:00<?, ?it/s]The image processor of type `Qwen2VLImageProcessor` is now loaded as a fast processor by default, even if the model checkpoint was saved with a slow processor. This is a breaking change and may produce slightly different outputs. To continue using the slow processor, instantiate this class with `use_fast=False`. Note that this behavior will be extended to all models in a future release.

Two Step Extraction: 100%|██████████| 1/1 [00:08<00:00,  8.49s/it]
Two Step Extraction: 100%|██████████| 1/1 [00:08<00:00,  8.49s/it]

Layout Predict:   0%|          | 0/1 [00:00<?, ?it/s]
Layout Predict: 100%|██████████| 1/1 [00:02<00:00,  2.75s/it]
Layout Predict: 100%|██████████| 1/1 [00:02<00:00,  2.75s/it]

OCR-det:   0%|          | 0/3 [00:00<?, ?it/s]
OCR-det:  67%|██████▋   | 2/3 [00:00<00:00, 12.91it/s]
OCR-det: 100%|██████████| 3/3 [00:00<00:00, 16.48it/s]

Processing pages:   0%|          | 0/1 [00:00<?, ?it/s]
Processing pages: 100%|██████████| 1/1 [00:00<00:00, 16.22it/s]

OCR-rec Predict:   0%|          | 0/3 [00:00<?, ?it/s]
OCR-rec Predict: 100%|██████████| 3/3 [00:00<00:00, 136.43it/s]
2026-05-06 07:08:03.390 | INFO     | mineru.cli.client:run_planned_task:807 - Completed batch 1/1 | Processed 1/1 page | 1 of 1 batch finished | task#1 [导光板20210727]
INFO:     Shutting down
[rank0]:[W506 07:08:13.945625777 ProcessGroupNCCL.cpp:1524] Warning: WARNING: destroy_process_group() was not called before program exit, which can leak resources. For more info, please see https://pytorch.org/docs/stable/distributed.html#shutdown (function operator())
INFO:     Waiting for application shutdown.
INFO:     Application shutdown complete.
INFO:     Finished server process [2776503]

2026-05-06 07:08:27.204 | INFO     | mineru.cli.client:run_orchestrated_cli:874 - Started local mineru-api at http://127.0.0.1:55897
2026-05-06 07:08:31.019 | INFO     | __main__:create_app:260 - Request concurrency limited to 3
INFO:     Started server process [2777053]
INFO:     Waiting for application startup.
INFO:     Application startup complete.
INFO:     Uvicorn running on http://127.0.0.1:55897 (Press CTRL+C to quit)
2026-05-06 07:08:32.259 | INFO     | mineru.cli.client:run_planned_task:771 - Submitting batch 1/1 | 1 document, 1 page in this batch | 1 page total | task#1 [导光板20211027]
2026-05-06 07:08:37.141 | INFO     | mineru.utils.engine_utils:get_vlm_engine:34 - Using vllm-async-engine as the inference engine for VLM.
2026-05-06 07:08:48.290 | INFO     | mineru.backend.vlm.utils:enable_custom_logits_processors:56 - compute_capability: 8.0 >= 8.0 and vllm version: 0.11.2 >= 0.10.1, enable custom_logits_processors
[1;36m(EngineCore_DP0 pid=2777166)[0;0m The image processor of type `Qwen2VLImageProcessor` is now loaded as a fast processor by default, even if the model checkpoint was saved with a slow processor. This is a breaking change and may produce slightly different outputs. To continue using the slow processor, instantiate this class with `use_fast=False`. Note that this behavior will be extended to all models in a future release.
[1;36m(EngineCore_DP0 pid=2777166)[0;0m /home/s2025244189/miniconda3/envs/mineru/lib/python3.10/site-packages/tvm_ffi/_optional_torch_c_dlpack.py:181: UserWarning: Failed to JIT torch c dlpack extension, EnvTensorAllocator will not be enabled.
[1;36m(EngineCore_DP0 pid=2777166)[0;0m We recommend installing via `pip install torch-c-dlpack-ext`
[1;36m(EngineCore_DP0 pid=2777166)[0;0m   warnings.warn(
[1;36m(EngineCore_DP0 pid=2777166)[0;0m 
Loading safetensors checkpoint shards:   0% Completed | 0/1 [00:00<?, ?it/s]
[1;36m(EngineCore_DP0 pid=2777166)[0;0m 
Loading safetensors checkpoint shards: 100% Completed | 1/1 [00:01<00:00,  1.48s/it]
[1;36m(EngineCore_DP0 pid=2777166)[0;0m 
Loading safetensors checkpoint shards: 100% Completed | 1/1 [00:01<00:00,  1.48s/it]
[1;36m(EngineCore_DP0 pid=2777166)[0;0m 
[1;36m(EngineCore_DP0 pid=2777166)[0;0m 
Capturing CUDA graphs (mixed prefill-decode, PIECEWISE):   0%|          | 0/35 [00:00<?, ?it/s]
Capturing CUDA graphs (mixed prefill-decode, PIECEWISE):   9%|▊         | 3/35 [00:00<00:01, 26.08it/s]
Capturing CUDA graphs (mixed prefill-decode, PIECEWISE):  17%|█▋        | 6/35 [00:00<00:01, 24.38it/s]
Capturing CUDA graphs (mixed prefill-decode, PIECEWISE):  26%|██▌       | 9/35 [00:00<00:01, 23.52it/s]
Capturing CUDA graphs (mixed prefill-decode, PIECEWISE):  34%|███▍      | 12/35 [00:00<00:00, 23.55it/s]
Capturing CUDA graphs (mixed prefill-decode, PIECEWISE):  43%|████▎     | 15/35 [00:00<00:00, 22.37it/s]
Capturing CUDA graphs (mixed prefill-decode, PIECEWISE):  51%|█████▏    | 18/35 [00:00<00:00, 23.70it/s]
Capturing CUDA graphs (mixed prefill-decode, PIECEWISE):  60%|██████    | 21/35 [00:00<00:00, 24.79it/s]
Capturing CUDA graphs (mixed prefill-decode, PIECEWISE):  69%|██████▊   | 24/35 [00:00<00:00, 25.24it/s]
Capturing CUDA graphs (mixed prefill-decode, PIECEWISE):  77%|███████▋  | 27/35 [00:01<00:00, 25.43it/s]
Capturing CUDA graphs (mixed prefill-decode, PIECEWISE):  86%|████████▌ | 30/35 [00:01<00:00, 22.33it/s]
Capturing CUDA graphs (mixed prefill-decode, PIECEWISE):  94%|█████████▍| 33/35 [00:01<00:00, 21.87it/s]
Capturing CUDA graphs (mixed prefill-decode, PIECEWISE): 100%|██████████| 35/35 [00:01<00:00, 23.34it/s]
[1;36m(EngineCore_DP0 pid=2777166)[0;0m 
Capturing CUDA graphs (decode, FULL):   0%|          | 0/19 [00:00<?, ?it/s]
Capturing CUDA graphs (decode, FULL):  16%|█▌        | 3/19 [00:00<00:00, 23.81it/s]
Capturing CUDA graphs (decode, FULL):  32%|███▏      | 6/19 [00:00<00:00, 25.16it/s]
Capturing CUDA graphs (decode, FULL):  47%|████▋     | 9/19 [00:00<00:00, 25.74it/s]
Capturing CUDA graphs (decode, FULL):  63%|██████▎   | 12/19 [00:00<00:00, 24.38it/s]
Capturing CUDA graphs (decode, FULL):  79%|███████▉  | 15/19 [00:00<00:00, 24.32it/s]
Capturing CUDA graphs (decode, FULL):  95%|█████████▍| 18/19 [00:00<00:00, 24.34it/s]
Capturing CUDA graphs (decode, FULL): 100%|██████████| 19/19 [00:00<00:00, 24.51it/s]
2026-05-06 07:09:44.162 | INFO     | mineru.backend.vlm.vlm_analyze:get_model:251 - get vllm-async-engine predictor cost: 59.34s
2026-05-06 07:09:44.787 | INFO     | mineru.backend.hybrid.hybrid_analyze:aio_doc_analyze:706 - Hybrid processing-window run. page_count=1, window_size=64, total_windows=1
2026-05-06 07:09:44.836 | INFO     | mineru.backend.hybrid.hybrid_analyze:get_batch_ratio:515 - hybrid batch ratio (auto, vram=79GB): 16
2026-05-06 07:09:50.728 | INFO     | mineru.backend.hybrid.hybrid_analyze:aio_doc_analyze:727 - Hybrid processing window 1/1: pages 1-1/1 (1 pages)

Two Step Extraction:   0%|          | 0/1 [00:00<?, ?it/s]The image processor of type `Qwen2VLImageProcessor` is now loaded as a fast processor by default, even if the model checkpoint was saved with a slow processor. This is a breaking change and may produce slightly different outputs. To continue using the slow processor, instantiate this class with `use_fast=False`. Note that this behavior will be extended to all models in a future release.

Two Step Extraction: 100%|██████████| 1/1 [00:07<00:00,  7.52s/it]
Two Step Extraction: 100%|██████████| 1/1 [00:07<00:00,  7.52s/it]

Layout Predict:   0%|          | 0/1 [00:00<?, ?it/s]
Layout Predict: 100%|██████████| 1/1 [00:02<00:00,  2.75s/it]
Layout Predict: 100%|██████████| 1/1 [00:02<00:00,  2.75s/it]

OCR-det:   0%|          | 0/3 [00:00<?, ?it/s]
OCR-det: 100%|██████████| 3/3 [00:00<00:00, 40.45it/s]

Processing pages:   0%|          | 0/1 [00:00<?, ?it/s]
Processing pages: 100%|██████████| 1/1 [00:00<00:00, 12.91it/s]

OCR-rec Predict:   0%|          | 0/3 [00:00<?, ?it/s]
OCR-rec Predict: 100%|██████████| 3/3 [00:00<00:00, 139.58it/s]
2026-05-06 07:10:08.654 | INFO     | mineru.cli.client:run_planned_task:807 - Completed batch 1/1 | Processed 1/1 page | 1 of 1 batch finished | task#1 [导光板20211027]
INFO:     Shutting down
INFO:     Waiting for application shutdown.
INFO:     Application shutdown complete.
INFO:     Finished server process [2777053]

2026-05-06 07:10:34.210 | INFO     | mineru.cli.client:run_orchestrated_cli:874 - Started local mineru-api at http://127.0.0.1:50873
2026-05-06 07:10:38.150 | INFO     | __main__:create_app:260 - Request concurrency limited to 3
INFO:     Started server process [2777686]
INFO:     Waiting for application startup.
INFO:     Application startup complete.
INFO:     Uvicorn running on http://127.0.0.1:50873 (Press CTRL+C to quit)
2026-05-06 07:10:39.245 | INFO     | mineru.cli.client:run_planned_task:771 - Submitting batch 1/1 | 1 document, 1 page in this batch | 1 page total | task#1 [开关帽20210727]
2026-05-06 07:10:45.512 | INFO     | mineru.utils.engine_utils:get_vlm_engine:34 - Using vllm-async-engine as the inference engine for VLM.
2026-05-06 07:11:00.136 | INFO     | mineru.backend.vlm.utils:enable_custom_logits_processors:56 - compute_capability: 8.0 >= 8.0 and vllm version: 0.11.2 >= 0.10.1, enable custom_logits_processors
[1;36m(EngineCore_DP0 pid=2777857)[0;0m The image processor of type `Qwen2VLImageProcessor` is now loaded as a fast processor by default, even if the model checkpoint was saved with a slow processor. This is a breaking change and may produce slightly different outputs. To continue using the slow processor, instantiate this class with `use_fast=False`. Note that this behavior will be extended to all models in a future release.
[1;36m(EngineCore_DP0 pid=2777857)[0;0m /home/s2025244189/miniconda3/envs/mineru/lib/python3.10/site-packages/tvm_ffi/_optional_torch_c_dlpack.py:181: UserWarning: Failed to JIT torch c dlpack extension, EnvTensorAllocator will not be enabled.
[1;36m(EngineCore_DP0 pid=2777857)[0;0m We recommend installing via `pip install torch-c-dlpack-ext`
[1;36m(EngineCore_DP0 pid=2777857)[0;0m   warnings.warn(
[1;36m(EngineCore_DP0 pid=2777857)[0;0m 
Loading safetensors checkpoint shards:   0% Completed | 0/1 [00:00<?, ?it/s]
[1;36m(EngineCore_DP0 pid=2777857)[0;0m 
Loading safetensors checkpoint shards: 100% Completed | 1/1 [00:01<00:00,  1.49s/it]
[1;36m(EngineCore_DP0 pid=2777857)[0;0m 
Loading safetensors checkpoint shards: 100% Completed | 1/1 [00:01<00:00,  1.49s/it]
[1;36m(EngineCore_DP0 pid=2777857)[0;0m 
[1;36m(EngineCore_DP0 pid=2777857)[0;0m 
Capturing CUDA graphs (mixed prefill-decode, PIECEWISE):   0%|          | 0/35 [00:00<?, ?it/s]
Capturing CUDA graphs (mixed prefill-decode, PIECEWISE):   9%|▊         | 3/35 [00:00<00:01, 28.33it/s]
Capturing CUDA graphs (mixed prefill-decode, PIECEWISE):  17%|█▋        | 6/35 [00:00<00:01, 27.69it/s]
Capturing CUDA graphs (mixed prefill-decode, PIECEWISE):  26%|██▌       | 9/35 [00:00<00:00, 27.20it/s]
Capturing CUDA graphs (mixed prefill-decode, PIECEWISE):  34%|███▍      | 12/35 [00:00<00:00, 27.64it/s]
Capturing CUDA graphs (mixed prefill-decode, PIECEWISE):  43%|████▎     | 15/35 [00:00<00:00, 27.77it/s]
Capturing CUDA graphs (mixed prefill-decode, PIECEWISE):  51%|█████▏    | 18/35 [00:00<00:00, 27.34it/s]
Capturing CUDA graphs (mixed prefill-decode, PIECEWISE):  60%|██████    | 21/35 [00:00<00:00, 27.62it/s]
Capturing CUDA graphs (mixed prefill-decode, PIECEWISE):  69%|██████▊   | 24/35 [00:00<00:00, 27.75it/s]
Capturing CUDA graphs (mixed prefill-decode, PIECEWISE):  77%|███████▋  | 27/35 [00:00<00:00, 27.41it/s]
Capturing CUDA graphs (mixed prefill-decode, PIECEWISE):  86%|████████▌ | 30/35 [00:01<00:00, 25.18it/s]
Capturing CUDA graphs (mixed prefill-decode, PIECEWISE):  94%|█████████▍| 33/35 [00:01<00:00, 26.14it/s]
Capturing CUDA graphs (mixed prefill-decode, PIECEWISE): 100%|██████████| 35/35 [00:01<00:00, 27.00it/s]
[1;36m(EngineCore_DP0 pid=2777857)[0;0m 
Capturing CUDA graphs (decode, FULL):   0%|          | 0/19 [00:00<?, ?it/s]
Capturing CUDA graphs (decode, FULL):  16%|█▌        | 3/19 [00:00<00:00, 29.68it/s]
Capturing CUDA graphs (decode, FULL):  32%|███▏      | 6/19 [00:00<00:00, 29.58it/s]
Capturing CUDA graphs (decode, FULL):  47%|████▋     | 9/19 [00:00<00:00, 29.45it/s]
Capturing CUDA graphs (decode, FULL):  63%|██████▎   | 12/19 [00:00<00:00, 29.32it/s]
Capturing CUDA graphs (decode, FULL):  79%|███████▉  | 15/19 [00:00<00:00, 29.06it/s]
Capturing CUDA graphs (decode, FULL):  95%|█████████▍| 18/19 [00:00<00:00, 28.53it/s]
Capturing CUDA graphs (decode, FULL): 100%|██████████| 19/19 [00:00<00:00, 29.06it/s]
2026-05-06 07:11:53.319 | INFO     | mineru.backend.vlm.vlm_analyze:get_model:251 - get vllm-async-engine predictor cost: 57.27s
2026-05-06 07:11:53.374 | INFO     | mineru.backend.hybrid.hybrid_analyze:aio_doc_analyze:706 - Hybrid processing-window run. page_count=1, window_size=64, total_windows=1
2026-05-06 07:11:58.272 | INFO     | mineru.backend.hybrid.hybrid_analyze:aio_doc_analyze:727 - Hybrid processing window 1/1: pages 1-1/1 (1 pages)

Two Step Extraction:   0%|          | 0/1 [00:00<?, ?it/s]The image processor of type `Qwen2VLImageProcessor` is now loaded as a fast processor by default, even if the model checkpoint was saved with a slow processor. This is a breaking change and may produce slightly different outputs. To continue using the slow processor, instantiate this class with `use_fast=False`. Note that this behavior will be extended to all models in a future release.
2026-05-06 07:12:23.664 | WARNING  | mineru_vl_utils.vlm_client.vllm_async_engine_client:get_output_content:142 - The output was truncated due to length limit.

Two Step Extraction: 100%|██████████| 1/1 [00:43<00:00, 43.74s/it]
Two Step Extraction: 100%|██████████| 1/1 [00:43<00:00, 43.74s/it]

Processing pages:   0%|          | 0/1 [00:00<?, ?it/s]
Processing pages: 100%|██████████| 1/1 [00:00<00:00, 13.37it/s]
2026-05-06 07:12:42.739 | INFO     | mineru.cli.client:run_planned_task:807 - Completed batch 1/1 | Processed 1/1 page | 1 of 1 batch finished | task#1 [开关帽20210727]
INFO:     Shutting down
INFO:     Waiting for application shutdown.
INFO:     Application shutdown complete.
INFO:     Finished server process [2777686]

2026-05-06 07:13:04.366 | INFO     | mineru.cli.client:run_orchestrated_cli:874 - Started local mineru-api at http://127.0.0.1:42887
2026-05-06 07:13:07.948 | INFO     | __main__:create_app:260 - Request concurrency limited to 3
INFO:     Started server process [2778311]
INFO:     Waiting for application startup.
INFO:     Application startup complete.
INFO:     Uvicorn running on http://127.0.0.1:42887 (Press CTRL+C to quit)
2026-05-06 07:13:08.398 | INFO     | mineru.cli.client:run_planned_task:771 - Submitting batch 1/1 | 1 document, 1 page in this batch | 1 page total | task#1 [探头20210727]
2026-05-06 07:13:12.391 | INFO     | mineru.utils.engine_utils:get_vlm_engine:34 - Using vllm-async-engine as the inference engine for VLM.
2026-05-06 07:13:22.043 | INFO     | mineru.backend.vlm.utils:enable_custom_logits_processors:56 - compute_capability: 8.0 >= 8.0 and vllm version: 0.11.2 >= 0.10.1, enable custom_logits_processors
[1;36m(EngineCore_DP0 pid=2778432)[0;0m The image processor of type `Qwen2VLImageProcessor` is now loaded as a fast processor by default, even if the model checkpoint was saved with a slow processor. This is a breaking change and may produce slightly different outputs. To continue using the slow processor, instantiate this class with `use_fast=False`. Note that this behavior will be extended to all models in a future release.
[1;36m(EngineCore_DP0 pid=2778432)[0;0m /home/s2025244189/miniconda3/envs/mineru/lib/python3.10/site-packages/tvm_ffi/_optional_torch_c_dlpack.py:181: UserWarning: Failed to JIT torch c dlpack extension, EnvTensorAllocator will not be enabled.
[1;36m(EngineCore_DP0 pid=2778432)[0;0m We recommend installing via `pip install torch-c-dlpack-ext`
[1;36m(EngineCore_DP0 pid=2778432)[0;0m   warnings.warn(
[1;36m(EngineCore_DP0 pid=2778432)[0;0m 
Loading safetensors checkpoint shards:   0% Completed | 0/1 [00:00<?, ?it/s]
[1;36m(EngineCore_DP0 pid=2778432)[0;0m 
Loading safetensors checkpoint shards: 100% Completed | 1/1 [00:01<00:00,  1.33s/it]
[1;36m(EngineCore_DP0 pid=2778432)[0;0m 
Loading safetensors checkpoint shards: 100% Completed | 1/1 [00:01<00:00,  1.33s/it]
[1;36m(EngineCore_DP0 pid=2778432)[0;0m 
[1;36m(EngineCore_DP0 pid=2778432)[0;0m 
Capturing CUDA graphs (mixed prefill-decode, PIECEWISE):   0%|          | 0/35 [00:00<?, ?it/s]
Capturing CUDA graphs (mixed prefill-decode, PIECEWISE):   9%|▊         | 3/35 [00:00<00:01, 25.20it/s]
Capturing CUDA graphs (mixed prefill-decode, PIECEWISE):  17%|█▋        | 6/35 [00:00<00:01, 25.11it/s]
Capturing CUDA graphs (mixed prefill-decode, PIECEWISE):  26%|██▌       | 9/35 [00:00<00:01, 24.37it/s]
Capturing CUDA graphs (mixed prefill-decode, PIECEWISE):  34%|███▍      | 12/35 [00:00<00:00, 24.99it/s]
Capturing CUDA graphs (mixed prefill-decode, PIECEWISE):  43%|████▎     | 15/35 [00:00<00:00, 25.76it/s]
Capturing CUDA graphs (mixed prefill-decode, PIECEWISE):  51%|█████▏    | 18/35 [00:00<00:00, 25.55it/s]
Capturing CUDA graphs (mixed prefill-decode, PIECEWISE):  60%|██████    | 21/35 [00:00<00:00, 25.95it/s]
Capturing CUDA graphs (mixed prefill-decode, PIECEWISE):  69%|██████▊   | 24/35 [00:00<00:00, 26.09it/s]
Capturing CUDA graphs (mixed prefill-decode, PIECEWISE):  77%|███████▋  | 27/35 [00:01<00:00, 25.89it/s]
Capturing CUDA graphs (mixed prefill-decode, PIECEWISE):  86%|████████▌ | 30/35 [00:01<00:00, 23.06it/s]
Capturing CUDA graphs (mixed prefill-decode, PIECEWISE):  94%|█████████▍| 33/35 [00:01<00:00, 23.92it/s]
Capturing CUDA graphs (mixed prefill-decode, PIECEWISE): 100%|██████████| 35/35 [00:01<00:00, 24.75it/s]
[1;36m(EngineCore_DP0 pid=2778432)[0;0m 
Capturing CUDA graphs (decode, FULL):   0%|          | 0/19 [00:00<?, ?it/s]
Capturing CUDA graphs (decode, FULL):  16%|█▌        | 3/19 [00:00<00:00, 27.29it/s]
Capturing CUDA graphs (decode, FULL):  32%|███▏      | 6/19 [00:00<00:00, 27.00it/s]
Capturing CUDA graphs (decode, FULL):  47%|████▋     | 9/19 [00:00<00:00, 25.97it/s]
Capturing CUDA graphs (decode, FULL):  63%|██████▎   | 12/19 [00:00<00:00, 26.74it/s]
Capturing CUDA graphs (decode, FULL):  79%|███████▉  | 15/19 [00:00<00:00, 26.35it/s]
Capturing CUDA graphs (decode, FULL):  95%|█████████▍| 18/19 [00:00<00:00, 27.09it/s]
Capturing CUDA graphs (decode, FULL): 100%|██████████| 19/19 [00:00<00:00, 26.88it/s]
2026-05-06 07:14:12.806 | INFO     | mineru.backend.vlm.vlm_analyze:get_model:251 - get vllm-async-engine predictor cost: 53.77s
2026-05-06 07:14:12.861 | INFO     | mineru.backend.hybrid.hybrid_analyze:aio_doc_analyze:706 - Hybrid processing-window run. page_count=1, window_size=64, total_windows=1
2026-05-06 07:14:18.057 | INFO     | mineru.backend.hybrid.hybrid_analyze:aio_doc_analyze:727 - Hybrid processing window 1/1: pages 1-1/1 (1 pages)

Two Step Extraction:   0%|          | 0/1 [00:00<?, ?it/s]The image processor of type `Qwen2VLImageProcessor` is now loaded as a fast processor by default, even if the model checkpoint was saved with a slow processor. This is a breaking change and may produce slightly different outputs. To continue using the slow processor, instantiate this class with `use_fast=False`. Note that this behavior will be extended to all models in a future release.

Two Step Extraction: 100%|██████████| 1/1 [00:07<00:00,  7.83s/it]
Two Step Extraction: 100%|██████████| 1/1 [00:07<00:00,  7.83s/it]

Processing pages:   0%|          | 0/1 [00:00<?, ?it/s]
Processing pages: 100%|██████████| 1/1 [00:00<00:00, 13.90it/s]
2026-05-06 07:14:26.601 | INFO     | mineru.cli.client:run_planned_task:807 - Completed batch 1/1 | Processed 1/1 page | 1 of 1 batch finished | task#1 [探头20210727]
INFO:     Shutting down
[rank0]:[W506 07:14:36.178693206 ProcessGroupNCCL.cpp:1524] Warning: WARNING: destroy_process_group() was not called before program exit, which can leak resources. For more info, please see https://pytorch.org/docs/stable/distributed.html#shutdown (function operator())
INFO:     Waiting for application shutdown.
INFO:     Application shutdown complete.
INFO:     Finished server process [2778311]

2026-05-06 07:14:46.638 | INFO     | mineru.cli.client:run_orchestrated_cli:874 - Started local mineru-api at http://127.0.0.1:58779
2026-05-06 07:14:50.402 | INFO     | __main__:create_app:260 - Request concurrency limited to 3
INFO:     Started server process [2778799]
INFO:     Waiting for application startup.
INFO:     Application startup complete.
INFO:     Uvicorn running on http://127.0.0.1:58779 (Press CTRL+C to quit)
2026-05-06 07:14:50.672 | INFO     | mineru.cli.client:run_planned_task:771 - Submitting batch 1/1 | 1 document, 1 page in this batch | 1 page total | task#1 [支撑垫20211102]
2026-05-06 07:14:54.374 | INFO     | mineru.utils.engine_utils:get_vlm_engine:34 - Using vllm-async-engine as the inference engine for VLM.
2026-05-06 07:15:02.481 | INFO     | mineru.backend.vlm.utils:enable_custom_logits_processors:56 - compute_capability: 8.0 >= 8.0 and vllm version: 0.11.2 >= 0.10.1, enable custom_logits_processors
[1;36m(EngineCore_DP0 pid=2778999)[0;0m The image processor of type `Qwen2VLImageProcessor` is now loaded as a fast processor by default, even if the model checkpoint was saved with a slow processor. This is a breaking change and may produce slightly different outputs. To continue using the slow processor, instantiate this class with `use_fast=False`. Note that this behavior will be extended to all models in a future release.
[1;36m(EngineCore_DP0 pid=2778999)[0;0m /home/s2025244189/miniconda3/envs/mineru/lib/python3.10/site-packages/tvm_ffi/_optional_torch_c_dlpack.py:181: UserWarning: Failed to JIT torch c dlpack extension, EnvTensorAllocator will not be enabled.
[1;36m(EngineCore_DP0 pid=2778999)[0;0m We recommend installing via `pip install torch-c-dlpack-ext`
[1;36m(EngineCore_DP0 pid=2778999)[0;0m   warnings.warn(
[1;36m(EngineCore_DP0 pid=2778999)[0;0m 
Loading safetensors checkpoint shards:   0% Completed | 0/1 [00:00<?, ?it/s]
[1;36m(EngineCore_DP0 pid=2778999)[0;0m 
Loading safetensors checkpoint shards: 100% Completed | 1/1 [00:01<00:00,  1.32s/it]
[1;36m(EngineCore_DP0 pid=2778999)[0;0m 
Loading safetensors checkpoint shards: 100% Completed | 1/1 [00:01<00:00,  1.32s/it]
[1;36m(EngineCore_DP0 pid=2778999)[0;0m 
[1;36m(EngineCore_DP0 pid=2778999)[0;0m 
Capturing CUDA graphs (mixed prefill-decode, PIECEWISE):   0%|          | 0/35 [00:00<?, ?it/s]
Capturing CUDA graphs (mixed prefill-decode, PIECEWISE):   9%|▊         | 3/35 [00:00<00:01, 24.69it/s]
Capturing CUDA graphs (mixed prefill-decode, PIECEWISE):  17%|█▋        | 6/35 [00:00<00:01, 24.66it/s]
Capturing CUDA graphs (mixed prefill-decode, PIECEWISE):  26%|██▌       | 9/35 [00:00<00:01, 24.56it/s]
Capturing CUDA graphs (mixed prefill-decode, PIECEWISE):  34%|███▍      | 12/35 [00:00<00:00, 25.06it/s]
Capturing CUDA graphs (mixed prefill-decode, PIECEWISE):  43%|████▎     | 15/35 [00:00<00:00, 25.35it/s]
Capturing CUDA graphs (mixed prefill-decode, PIECEWISE):  51%|█████▏    | 18/35 [00:00<00:00, 24.82it/s]
Capturing CUDA graphs (mixed prefill-decode, PIECEWISE):  60%|██████    | 21/35 [00:00<00:00, 25.14it/s]
Capturing CUDA graphs (mixed prefill-decode, PIECEWISE):  69%|██████▊   | 24/35 [00:00<00:00, 25.29it/s]
Capturing CUDA graphs (mixed prefill-decode, PIECEWISE):  77%|███████▋  | 27/35 [00:01<00:00, 24.56it/s]
Capturing CUDA graphs (mixed prefill-decode, PIECEWISE):  86%|████████▌ | 30/35 [00:01<00:00, 22.15it/s]
Capturing CUDA graphs (mixed prefill-decode, PIECEWISE):  94%|█████████▍| 33/35 [00:01<00:00, 22.93it/s]
Capturing CUDA graphs (mixed prefill-decode, PIECEWISE): 100%|██████████| 35/35 [00:01<00:00, 24.09it/s]
[1;36m(EngineCore_DP0 pid=2778999)[0;0m 
Capturing CUDA graphs (decode, FULL):   0%|          | 0/19 [00:00<?, ?it/s]
Capturing CUDA graphs (decode, FULL):  16%|█▌        | 3/19 [00:00<00:00, 26.44it/s]
Capturing CUDA graphs (decode, FULL):  32%|███▏      | 6/19 [00:00<00:00, 25.22it/s]
Capturing CUDA graphs (decode, FULL):  47%|████▋     | 9/19 [00:00<00:00, 25.99it/s]
Capturing CUDA graphs (decode, FULL):  63%|██████▎   | 12/19 [00:00<00:00, 26.26it/s]
Capturing CUDA graphs (decode, FULL):  79%|███████▉  | 15/19 [00:00<00:00, 25.96it/s]
Capturing CUDA graphs (decode, FULL):  95%|█████████▍| 18/19 [00:00<00:00, 25.86it/s]
Capturing CUDA graphs (decode, FULL): 100%|██████████| 19/19 [00:00<00:00, 25.98it/s]
2026-05-06 07:15:55.425 | INFO     | mineru.backend.vlm.vlm_analyze:get_model:251 - get vllm-async-engine predictor cost: 55.94s
2026-05-06 07:15:55.473 | INFO     | mineru.backend.hybrid.hybrid_analyze:aio_doc_analyze:706 - Hybrid processing-window run. page_count=1, window_size=64, total_windows=1
2026-05-06 07:16:01.339 | INFO     | mineru.backend.hybrid.hybrid_analyze:aio_doc_analyze:727 - Hybrid processing window 1/1: pages 1-1/1 (1 pages)

Two Step Extraction:   0%|          | 0/1 [00:00<?, ?it/s]The image processor of type `Qwen2VLImageProcessor` is now loaded as a fast processor by default, even if the model checkpoint was saved with a slow processor. This is a breaking change and may produce slightly different outputs. To continue using the slow processor, instantiate this class with `use_fast=False`. Note that this behavior will be extended to all models in a future release.

Two Step Extraction: 100%|██████████| 1/1 [00:06<00:00,  6.90s/it]
Two Step Extraction: 100%|██████████| 1/1 [00:06<00:00,  6.90s/it]

Processing pages:   0%|          | 0/1 [00:00<?, ?it/s]
Processing pages: 100%|██████████| 1/1 [00:06<00:00,  6.67s/it]
Processing pages: 100%|██████████| 1/1 [00:06<00:00,  6.67s/it]
2026-05-06 07:16:15.486 | INFO     | mineru.cli.client:run_planned_task:807 - Completed batch 1/1 | Processed 1/1 page | 1 of 1 batch finished | task#1 [支撑垫20211102]
INFO:     Shutting down
INFO:     Waiting for application shutdown.
[rank0]:[W506 07:16:25.160538794 ProcessGroupNCCL.cpp:1524] Warning: WARNING: destroy_process_group() was not called before program exit, which can leak resources. For more info, please see https://pytorch.org/docs/stable/distributed.html#shutdown (function operator())
INFO:     Application shutdown complete.
INFO:     Finished server process [2778799]

2026-05-06 07:16:38.560 | INFO     | mineru.cli.client:run_orchestrated_cli:874 - Started local mineru-api at http://127.0.0.1:53317
2026-05-06 07:16:42.648 | INFO     | __main__:create_app:260 - Request concurrency limited to 3
INFO:     Started server process [2779441]
INFO:     Waiting for application startup.
INFO:     Application startup complete.
INFO:     Uvicorn running on http://127.0.0.1:53317 (Press CTRL+C to quit)
2026-05-06 07:16:43.597 | INFO     | mineru.cli.client:run_planned_task:771 - Submitting batch 1/1 | 1 document, 1 page in this batch | 1 page total | task#1 [支撑垫20211104]
2026-05-06 07:16:48.014 | INFO     | mineru.utils.engine_utils:get_vlm_engine:34 - Using vllm-async-engine as the inference engine for VLM.
2026-05-06 07:16:58.913 | INFO     | mineru.backend.vlm.utils:enable_custom_logits_processors:56 - compute_capability: 8.0 >= 8.0 and vllm version: 0.11.2 >= 0.10.1, enable custom_logits_processors
[1;36m(EngineCore_DP0 pid=2779578)[0;0m The image processor of type `Qwen2VLImageProcessor` is now loaded as a fast processor by default, even if the model checkpoint was saved with a slow processor. This is a breaking change and may produce slightly different outputs. To continue using the slow processor, instantiate this class with `use_fast=False`. Note that this behavior will be extended to all models in a future release.
[1;36m(EngineCore_DP0 pid=2779578)[0;0m /home/s2025244189/miniconda3/envs/mineru/lib/python3.10/site-packages/tvm_ffi/_optional_torch_c_dlpack.py:181: UserWarning: Failed to JIT torch c dlpack extension, EnvTensorAllocator will not be enabled.
[1;36m(EngineCore_DP0 pid=2779578)[0;0m We recommend installing via `pip install torch-c-dlpack-ext`
[1;36m(EngineCore_DP0 pid=2779578)[0;0m   warnings.warn(
[1;36m(EngineCore_DP0 pid=2779578)[0;0m 
Loading safetensors checkpoint shards:   0% Completed | 0/1 [00:00<?, ?it/s]
[1;36m(EngineCore_DP0 pid=2779578)[0;0m 
Loading safetensors checkpoint shards: 100% Completed | 1/1 [00:01<00:00,  1.31s/it]
[1;36m(EngineCore_DP0 pid=2779578)[0;0m 
Loading safetensors checkpoint shards: 100% Completed | 1/1 [00:01<00:00,  1.31s/it]
[1;36m(EngineCore_DP0 pid=2779578)[0;0m 
[1;36m(EngineCore_DP0 pid=2779578)[0;0m 
Capturing CUDA graphs (mixed prefill-decode, PIECEWISE):   0%|          | 0/35 [00:00<?, ?it/s]
Capturing CUDA graphs (mixed prefill-decode, PIECEWISE):   9%|▊         | 3/35 [00:00<00:01, 26.72it/s]
Capturing CUDA graphs (mixed prefill-decode, PIECEWISE):  17%|█▋        | 6/35 [00:00<00:01, 25.67it/s]
Capturing CUDA graphs (mixed prefill-decode, PIECEWISE):  26%|██▌       | 9/35 [00:00<00:00, 26.07it/s]
Capturing CUDA graphs (mixed prefill-decode, PIECEWISE):  34%|███▍      | 12/35 [00:00<00:00, 26.35it/s]
Capturing CUDA graphs (mixed prefill-decode, PIECEWISE):  43%|████▎     | 15/35 [00:00<00:00, 26.14it/s]
Capturing CUDA graphs (mixed prefill-decode, PIECEWISE):  51%|█████▏    | 18/35 [00:00<00:00, 25.87it/s]
Capturing CUDA graphs (mixed prefill-decode, PIECEWISE):  60%|██████    | 21/35 [00:00<00:00, 25.83it/s]
Capturing CUDA graphs (mixed prefill-decode, PIECEWISE):  69%|██████▊   | 24/35 [00:00<00:00, 25.95it/s]
Capturing CUDA graphs (mixed prefill-decode, PIECEWISE):  77%|███████▋  | 27/35 [00:01<00:00, 26.28it/s]
Capturing CUDA graphs (mixed prefill-decode, PIECEWISE):  86%|████████▌ | 30/35 [00:01<00:00, 24.00it/s]
Capturing CUDA graphs (mixed prefill-decode, PIECEWISE):  94%|█████████▍| 33/35 [00:01<00:00, 25.00it/s]
Capturing CUDA graphs (mixed prefill-decode, PIECEWISE): 100%|██████████| 35/35 [00:01<00:00, 25.68it/s]
[1;36m(EngineCore_DP0 pid=2779578)[0;0m 
Capturing CUDA graphs (decode, FULL):   0%|          | 0/19 [00:00<?, ?it/s]
Capturing CUDA graphs (decode, FULL):  16%|█▌        | 3/19 [00:00<00:00, 27.72it/s]
Capturing CUDA graphs (decode, FULL):  32%|███▏      | 6/19 [00:00<00:00, 27.39it/s]
Capturing CUDA graphs (decode, FULL):  47%|████▋     | 9/19 [00:00<00:00, 27.65it/s]
Capturing CUDA graphs (decode, FULL):  63%|██████▎   | 12/19 [00:00<00:00, 28.01it/s]
Capturing CUDA graphs (decode, FULL):  79%|███████▉  | 15/19 [00:00<00:00, 28.00it/s]
Capturing CUDA graphs (decode, FULL):  95%|█████████▍| 18/19 [00:00<00:00, 28.18it/s]
Capturing CUDA graphs (decode, FULL): 100%|██████████| 19/19 [00:00<00:00, 28.00it/s]
2026-05-06 07:17:51.223 | INFO     | mineru.backend.vlm.vlm_analyze:get_model:251 - get vllm-async-engine predictor cost: 55.44s
2026-05-06 07:17:51.269 | INFO     | mineru.backend.hybrid.hybrid_analyze:aio_doc_analyze:706 - Hybrid processing-window run. page_count=1, window_size=64, total_windows=1
2026-05-06 07:17:56.411 | INFO     | mineru.backend.hybrid.hybrid_analyze:aio_doc_analyze:727 - Hybrid processing window 1/1: pages 1-1/1 (1 pages)

Two Step Extraction:   0%|          | 0/1 [00:00<?, ?it/s]The image processor of type `Qwen2VLImageProcessor` is now loaded as a fast processor by default, even if the model checkpoint was saved with a slow processor. This is a breaking change and may produce slightly different outputs. To continue using the slow processor, instantiate this class with `use_fast=False`. Note that this behavior will be extended to all models in a future release.

Two Step Extraction: 100%|██████████| 1/1 [00:07<00:00,  7.55s/it]
Two Step Extraction: 100%|██████████| 1/1 [00:07<00:00,  7.55s/it]

Processing pages:   0%|          | 0/1 [00:00<?, ?it/s]
Processing pages: 100%|██████████| 1/1 [00:07<00:00,  7.43s/it]
Processing pages: 100%|██████████| 1/1 [00:07<00:00,  7.43s/it]
2026-05-06 07:18:12.196 | INFO     | mineru.cli.client:run_planned_task:807 - Completed batch 1/1 | Processed 1/1 page | 1 of 1 batch finished | task#1 [支撑垫20211104]
INFO:     Shutting down
INFO:     Waiting for application shutdown.
INFO:     Application shutdown complete.
INFO:     Finished server process [2779441]

2026-05-06 07:18:33.016 | INFO     | mineru.cli.client:run_orchestrated_cli:874 - Started local mineru-api at http://127.0.0.1:51215
2026-05-06 07:18:36.449 | INFO     | __main__:create_app:260 - Request concurrency limited to 3
INFO:     Started server process [2779988]
INFO:     Waiting for application startup.
INFO:     Application startup complete.
INFO:     Uvicorn running on http://127.0.0.1:51215 (Press CTRL+C to quit)
2026-05-06 07:18:37.048 | INFO     | mineru.cli.client:run_planned_task:771 - Submitting batch 1/1 | 1 document, 1 page in this batch | 1 page total | task#1 [支撑垫20220425]
2026-05-06 07:18:40.978 | INFO     | mineru.utils.engine_utils:get_vlm_engine:34 - Using vllm-async-engine as the inference engine for VLM.
2026-05-06 07:18:49.740 | INFO     | mineru.backend.vlm.utils:enable_custom_logits_processors:56 - compute_capability: 8.0 >= 8.0 and vllm version: 0.11.2 >= 0.10.1, enable custom_logits_processors
[1;36m(EngineCore_DP0 pid=2780115)[0;0m The image processor of type `Qwen2VLImageProcessor` is now loaded as a fast processor by default, even if the model checkpoint was saved with a slow processor. This is a breaking change and may produce slightly different outputs. To continue using the slow processor, instantiate this class with `use_fast=False`. Note that this behavior will be extended to all models in a future release.
[1;36m(EngineCore_DP0 pid=2780115)[0;0m /home/s2025244189/miniconda3/envs/mineru/lib/python3.10/site-packages/tvm_ffi/_optional_torch_c_dlpack.py:181: UserWarning: Failed to JIT torch c dlpack extension, EnvTensorAllocator will not be enabled.
[1;36m(EngineCore_DP0 pid=2780115)[0;0m We recommend installing via `pip install torch-c-dlpack-ext`
[1;36m(EngineCore_DP0 pid=2780115)[0;0m   warnings.warn(
[1;36m(EngineCore_DP0 pid=2780115)[0;0m 
Loading safetensors checkpoint shards:   0% Completed | 0/1 [00:00<?, ?it/s]
[1;36m(EngineCore_DP0 pid=2780115)[0;0m 
Loading safetensors checkpoint shards: 100% Completed | 1/1 [00:01<00:00,  1.36s/it]
[1;36m(EngineCore_DP0 pid=2780115)[0;0m 
Loading safetensors checkpoint shards: 100% Completed | 1/1 [00:01<00:00,  1.36s/it]
[1;36m(EngineCore_DP0 pid=2780115)[0;0m 
[1;36m(EngineCore_DP0 pid=2780115)[0;0m 
Capturing CUDA graphs (mixed prefill-decode, PIECEWISE):   0%|          | 0/35 [00:00<?, ?it/s]
Capturing CUDA graphs (mixed prefill-decode, PIECEWISE):   9%|▊         | 3/35 [00:00<00:01, 26.48it/s]
Capturing CUDA graphs (mixed prefill-decode, PIECEWISE):  17%|█▋        | 6/35 [00:00<00:01, 26.27it/s]
Capturing CUDA graphs (mixed prefill-decode, PIECEWISE):  26%|██▌       | 9/35 [00:00<00:00, 26.45it/s]
Capturing CUDA graphs (mixed prefill-decode, PIECEWISE):  34%|███▍      | 12/35 [00:00<00:00, 26.25it/s]
Capturing CUDA graphs (mixed prefill-decode, PIECEWISE):  43%|████▎     | 15/35 [00:00<00:00, 26.18it/s]
Capturing CUDA graphs (mixed prefill-decode, PIECEWISE):  51%|█████▏    | 18/35 [00:00<00:00, 25.95it/s]
Capturing CUDA graphs (mixed prefill-decode, PIECEWISE):  60%|██████    | 21/35 [00:00<00:00, 25.99it/s]
Capturing CUDA graphs (mixed prefill-decode, PIECEWISE):  69%|██████▊   | 24/35 [00:00<00:00, 26.01it/s]
Capturing CUDA graphs (mixed prefill-decode, PIECEWISE):  77%|███████▋  | 27/35 [00:01<00:00, 25.90it/s]
Capturing CUDA graphs (mixed prefill-decode, PIECEWISE):  86%|████████▌ | 30/35 [00:01<00:00, 23.34it/s]
Capturing CUDA graphs (mixed prefill-decode, PIECEWISE):  94%|█████████▍| 33/35 [00:01<00:00, 24.00it/s]
Capturing CUDA graphs (mixed prefill-decode, PIECEWISE): 100%|██████████| 35/35 [00:01<00:00, 25.23it/s]
[1;36m(EngineCore_DP0 pid=2780115)[0;0m 
Capturing CUDA graphs (decode, FULL):   0%|          | 0/19 [00:00<?, ?it/s]
Capturing CUDA graphs (decode, FULL):  16%|█▌        | 3/19 [00:00<00:00, 26.85it/s]
Capturing CUDA graphs (decode, FULL):  32%|███▏      | 6/19 [00:00<00:00, 26.11it/s]
Capturing CUDA graphs (decode, FULL):  47%|████▋     | 9/19 [00:00<00:00, 26.05it/s]
Capturing CUDA graphs (decode, FULL):  63%|██████▎   | 12/19 [00:00<00:00, 26.38it/s]
Capturing CUDA graphs (decode, FULL):  79%|███████▉  | 15/19 [00:00<00:00, 25.87it/s]
Capturing CUDA graphs (decode, FULL):  95%|█████████▍| 18/19 [00:00<00:00, 26.57it/s]
Capturing CUDA graphs (decode, FULL): 100%|██████████| 19/19 [00:00<00:00, 26.47it/s]
2026-05-06 07:19:42.980 | INFO     | mineru.backend.vlm.vlm_analyze:get_model:251 - get vllm-async-engine predictor cost: 56.1s
2026-05-06 07:19:43.027 | INFO     | mineru.backend.hybrid.hybrid_analyze:aio_doc_analyze:706 - Hybrid processing-window run. page_count=1, window_size=64, total_windows=1
2026-05-06 07:19:48.909 | INFO     | mineru.backend.hybrid.hybrid_analyze:aio_doc_analyze:727 - Hybrid processing window 1/1: pages 1-1/1 (1 pages)

Two Step Extraction:   0%|          | 0/1 [00:00<?, ?it/s]The image processor of type `Qwen2VLImageProcessor` is now loaded as a fast processor by default, even if the model checkpoint was saved with a slow processor. This is a breaking change and may produce slightly different outputs. To continue using the slow processor, instantiate this class with `use_fast=False`. Note that this behavior will be extended to all models in a future release.

Two Step Extraction: 100%|██████████| 1/1 [00:07<00:00,  7.06s/it]
Two Step Extraction: 100%|██████████| 1/1 [00:07<00:00,  7.06s/it]

Processing pages:   0%|          | 0/1 [00:00<?, ?it/s]
Processing pages: 100%|██████████| 1/1 [00:06<00:00,  6.82s/it]
Processing pages: 100%|██████████| 1/1 [00:06<00:00,  6.82s/it]
2026-05-06 07:20:03.372 | INFO     | mineru.cli.client:run_planned_task:807 - Completed batch 1/1 | Processed 1/1 page | 1 of 1 batch finished | task#1 [支撑垫20220425]
INFO:     Shutting down
INFO:     Waiting for application shutdown.
INFO:     Application shutdown complete.
INFO:     Finished server process [2779988]

2026-05-06 07:20:25.018 | INFO     | mineru.cli.client:run_orchestrated_cli:874 - Started local mineru-api at http://127.0.0.1:51051
2026-05-06 07:20:28.706 | INFO     | __main__:create_app:260 - Request concurrency limited to 3
INFO:     Started server process [2780596]
INFO:     Waiting for application startup.
INFO:     Application startup complete.
INFO:     Uvicorn running on http://127.0.0.1:51051 (Press CTRL+C to quit)
2026-05-06 07:20:29.051 | INFO     | mineru.cli.client:run_planned_task:771 - Submitting batch 1/1 | 1 document, 1 page in this batch | 1 page total | task#1 [支撑垫20220427]
2026-05-06 07:20:33.425 | INFO     | mineru.utils.engine_utils:get_vlm_engine:34 - Using vllm-async-engine as the inference engine for VLM.
2026-05-06 07:20:43.546 | INFO     | mineru.backend.vlm.utils:enable_custom_logits_processors:56 - compute_capability: 8.0 >= 8.0 and vllm version: 0.11.2 >= 0.10.1, enable custom_logits_processors
[1;36m(EngineCore_DP0 pid=2780706)[0;0m The image processor of type `Qwen2VLImageProcessor` is now loaded as a fast processor by default, even if the model checkpoint was saved with a slow processor. This is a breaking change and may produce slightly different outputs. To continue using the slow processor, instantiate this class with `use_fast=False`. Note that this behavior will be extended to all models in a future release.
[1;36m(EngineCore_DP0 pid=2780706)[0;0m /home/s2025244189/miniconda3/envs/mineru/lib/python3.10/site-packages/tvm_ffi/_optional_torch_c_dlpack.py:181: UserWarning: Failed to JIT torch c dlpack extension, EnvTensorAllocator will not be enabled.
[1;36m(EngineCore_DP0 pid=2780706)[0;0m We recommend installing via `pip install torch-c-dlpack-ext`
[1;36m(EngineCore_DP0 pid=2780706)[0;0m   warnings.warn(
[1;36m(EngineCore_DP0 pid=2780706)[0;0m 
Loading safetensors checkpoint shards:   0% Completed | 0/1 [00:00<?, ?it/s]
[1;36m(EngineCore_DP0 pid=2780706)[0;0m 
Loading safetensors checkpoint shards: 100% Completed | 1/1 [00:01<00:00,  1.28s/it]
[1;36m(EngineCore_DP0 pid=2780706)[0;0m 
Loading safetensors checkpoint shards: 100% Completed | 1/1 [00:01<00:00,  1.28s/it]
[1;36m(EngineCore_DP0 pid=2780706)[0;0m 
[1;36m(EngineCore_DP0 pid=2780706)[0;0m 
Capturing CUDA graphs (mixed prefill-decode, PIECEWISE):   0%|          | 0/35 [00:00<?, ?it/s]
Capturing CUDA graphs (mixed prefill-decode, PIECEWISE):   9%|▊         | 3/35 [00:00<00:01, 25.40it/s]
Capturing CUDA graphs (mixed prefill-decode, PIECEWISE):  17%|█▋        | 6/35 [00:00<00:01, 25.04it/s]
Capturing CUDA graphs (mixed prefill-decode, PIECEWISE):  26%|██▌       | 9/35 [00:00<00:01, 25.16it/s]
Capturing CUDA graphs (mixed prefill-decode, PIECEWISE):  34%|███▍      | 12/35 [00:00<00:00, 24.82it/s]
Capturing CUDA graphs (mixed prefill-decode, PIECEWISE):  43%|████▎     | 15/35 [00:00<00:00, 25.35it/s]
Capturing CUDA graphs (mixed prefill-decode, PIECEWISE):  51%|█████▏    | 18/35 [00:00<00:00, 25.49it/s]
Capturing CUDA graphs (mixed prefill-decode, PIECEWISE):  60%|██████    | 21/35 [00:00<00:00, 25.71it/s]
Capturing CUDA graphs (mixed prefill-decode, PIECEWISE):  69%|██████▊   | 24/35 [00:00<00:00, 25.23it/s]
Capturing CUDA graphs (mixed prefill-decode, PIECEWISE):  77%|███████▋  | 27/35 [00:01<00:00, 25.02it/s]
Capturing CUDA graphs (mixed prefill-decode, PIECEWISE):  86%|████████▌ | 30/35 [00:01<00:00, 22.84it/s]
Capturing CUDA graphs (mixed prefill-decode, PIECEWISE):  94%|█████████▍| 33/35 [00:01<00:00, 23.27it/s]
Capturing CUDA graphs (mixed prefill-decode, PIECEWISE): 100%|██████████| 35/35 [00:01<00:00, 24.41it/s]
[1;36m(EngineCore_DP0 pid=2780706)[0;0m 
Capturing CUDA graphs (decode, FULL):   0%|          | 0/19 [00:00<?, ?it/s]
Capturing CUDA graphs (decode, FULL):  16%|█▌        | 3/19 [00:00<00:00, 24.18it/s]
Capturing CUDA graphs (decode, FULL):  32%|███▏      | 6/19 [00:00<00:00, 24.04it/s]
Capturing CUDA graphs (decode, FULL):  47%|████▋     | 9/19 [00:00<00:00, 25.07it/s]
Capturing CUDA graphs (decode, FULL):  63%|██████▎   | 12/19 [00:00<00:00, 25.11it/s]
Capturing CUDA graphs (decode, FULL):  79%|███████▉  | 15/19 [00:00<00:00, 25.14it/s]
Capturing CUDA graphs (decode, FULL):  95%|█████████▍| 18/19 [00:00<00:00, 25.21it/s]
Capturing CUDA graphs (decode, FULL): 100%|██████████| 19/19 [00:00<00:00, 25.15it/s]
2026-05-06 07:21:38.676 | INFO     | mineru.backend.vlm.vlm_analyze:get_model:251 - get vllm-async-engine predictor cost: 58.29s
2026-05-06 07:21:39.660 | INFO     | mineru.backend.hybrid.hybrid_analyze:aio_doc_analyze:706 - Hybrid processing-window run. page_count=1, window_size=64, total_windows=1
2026-05-06 07:21:39.707 | INFO     | mineru.backend.hybrid.hybrid_analyze:get_batch_ratio:515 - hybrid batch ratio (auto, vram=79GB): 16
2026-05-06 07:21:45.714 | INFO     | mineru.backend.hybrid.hybrid_analyze:aio_doc_analyze:727 - Hybrid processing window 1/1: pages 1-1/1 (1 pages)

Two Step Extraction:   0%|          | 0/1 [00:00<?, ?it/s]The image processor of type `Qwen2VLImageProcessor` is now loaded as a fast processor by default, even if the model checkpoint was saved with a slow processor. This is a breaking change and may produce slightly different outputs. To continue using the slow processor, instantiate this class with `use_fast=False`. Note that this behavior will be extended to all models in a future release.

Two Step Extraction: 100%|██████████| 1/1 [00:07<00:00,  7.95s/it]
Two Step Extraction: 100%|██████████| 1/1 [00:07<00:00,  7.95s/it]

Layout Predict:   0%|          | 0/1 [00:00<?, ?it/s]
Layout Predict: 100%|██████████| 1/1 [00:02<00:00,  2.92s/it]
Layout Predict: 100%|██████████| 1/1 [00:02<00:00,  2.92s/it]

OCR-det:   0%|          | 0/4 [00:00<?, ?it/s]
OCR-det: 100%|██████████| 4/4 [00:00<00:00, 46.52it/s]

Processing pages:   0%|          | 0/1 [00:00<?, ?it/s]
Processing pages: 100%|██████████| 1/1 [00:00<00:00, 16.12it/s]

OCR-rec Predict:   0%|          | 0/10 [00:00<?, ?it/s]
OCR-rec Predict: 100%|██████████| 10/10 [00:00<00:00, 215.71it/s]
2026-05-06 07:22:05.514 | INFO     | mineru.cli.client:run_planned_task:807 - Completed batch 1/1 | Processed 1/1 page | 1 of 1 batch finished | task#1 [支撑垫20220427]
INFO:     Shutting down
INFO:     Waiting for application shutdown.
INFO:     Application shutdown complete.
INFO:     Finished server process [2780596]

2026-05-06 07:22:27.427 | INFO     | mineru.cli.client:run_orchestrated_cli:874 - Started local mineru-api at http://127.0.0.1:52419
2026-05-06 07:22:30.868 | INFO     | __main__:create_app:260 - Request concurrency limited to 3
INFO:     Started server process [2781166]
INFO:     Waiting for application startup.
INFO:     Application startup complete.
INFO:     Uvicorn running on http://127.0.0.1:52419 (Press CTRL+C to quit)
2026-05-06 07:22:31.458 | INFO     | mineru.cli.client:run_planned_task:771 - Submitting batch 1/1 | 1 document, 1 page in this batch | 1 page total | task#1 [支架20210727]
2026-05-06 07:22:34.721 | INFO     | mineru.utils.engine_utils:get_vlm_engine:34 - Using vllm-async-engine as the inference engine for VLM.
2026-05-06 07:22:43.044 | INFO     | mineru.backend.vlm.utils:enable_custom_logits_processors:56 - compute_capability: 8.0 >= 8.0 and vllm version: 0.11.2 >= 0.10.1, enable custom_logits_processors
[1;36m(EngineCore_DP0 pid=2781290)[0;0m The image processor of type `Qwen2VLImageProcessor` is now loaded as a fast processor by default, even if the model checkpoint was saved with a slow processor. This is a breaking change and may produce slightly different outputs. To continue using the slow processor, instantiate this class with `use_fast=False`. Note that this behavior will be extended to all models in a future release.
[1;36m(EngineCore_DP0 pid=2781290)[0;0m /home/s2025244189/miniconda3/envs/mineru/lib/python3.10/site-packages/tvm_ffi/_optional_torch_c_dlpack.py:181: UserWarning: Failed to JIT torch c dlpack extension, EnvTensorAllocator will not be enabled.
[1;36m(EngineCore_DP0 pid=2781290)[0;0m We recommend installing via `pip install torch-c-dlpack-ext`
[1;36m(EngineCore_DP0 pid=2781290)[0;0m   warnings.warn(
[1;36m(EngineCore_DP0 pid=2781290)[0;0m 
Loading safetensors checkpoint shards:   0% Completed | 0/1 [00:00<?, ?it/s]
[1;36m(EngineCore_DP0 pid=2781290)[0;0m 
Loading safetensors checkpoint shards: 100% Completed | 1/1 [00:01<00:00,  1.28s/it]
[1;36m(EngineCore_DP0 pid=2781290)[0;0m 
Loading safetensors checkpoint shards: 100% Completed | 1/1 [00:01<00:00,  1.28s/it]
[1;36m(EngineCore_DP0 pid=2781290)[0;0m 
[1;36m(EngineCore_DP0 pid=2781290)[0;0m 
Capturing CUDA graphs (mixed prefill-decode, PIECEWISE):   0%|          | 0/35 [00:00<?, ?it/s]
Capturing CUDA graphs (mixed prefill-decode, PIECEWISE):   9%|▊         | 3/35 [00:00<00:01, 22.89it/s]
Capturing CUDA graphs (mixed prefill-decode, PIECEWISE):  17%|█▋        | 6/35 [00:00<00:01, 23.95it/s]
Capturing CUDA graphs (mixed prefill-decode, PIECEWISE):  26%|██▌       | 9/35 [00:00<00:01, 25.29it/s]
Capturing CUDA graphs (mixed prefill-decode, PIECEWISE):  34%|███▍      | 12/35 [00:00<00:00, 26.03it/s]
Capturing CUDA graphs (mixed prefill-decode, PIECEWISE):  43%|████▎     | 15/35 [00:00<00:00, 25.99it/s]
Capturing CUDA graphs (mixed prefill-decode, PIECEWISE):  51%|█████▏    | 18/35 [00:00<00:00, 26.53it/s]
Capturing CUDA graphs (mixed prefill-decode, PIECEWISE):  60%|██████    | 21/35 [00:00<00:00, 27.10it/s]
Capturing CUDA graphs (mixed prefill-decode, PIECEWISE):  69%|██████▊   | 24/35 [00:00<00:00, 27.20it/s]
Capturing CUDA graphs (mixed prefill-decode, PIECEWISE):  77%|███████▋  | 27/35 [00:01<00:00, 27.41it/s]
Capturing CUDA graphs (mixed prefill-decode, PIECEWISE):  86%|████████▌ | 30/35 [00:01<00:00, 24.51it/s]
Capturing CUDA graphs (mixed prefill-decode, PIECEWISE):  94%|█████████▍| 33/35 [00:01<00:00, 25.29it/s]
Capturing CUDA graphs (mixed prefill-decode, PIECEWISE): 100%|██████████| 35/35 [00:01<00:00, 25.85it/s]
[1;36m(EngineCore_DP0 pid=2781290)[0;0m 
Capturing CUDA graphs (decode, FULL):   0%|          | 0/19 [00:00<?, ?it/s]
Capturing CUDA graphs (decode, FULL):  16%|█▌        | 3/19 [00:00<00:00, 28.66it/s]
Capturing CUDA graphs (decode, FULL):  32%|███▏      | 6/19 [00:00<00:00, 28.15it/s]
Capturing CUDA graphs (decode, FULL):  47%|████▋     | 9/19 [00:00<00:00, 28.00it/s]
Capturing CUDA graphs (decode, FULL):  63%|██████▎   | 12/19 [00:00<00:00, 28.02it/s]
Capturing CUDA graphs (decode, FULL):  79%|███████▉  | 15/19 [00:00<00:00, 28.01it/s]
Capturing CUDA graphs (decode, FULL):  95%|█████████▍| 18/19 [00:00<00:00, 28.64it/s]
Capturing CUDA graphs (decode, FULL): 100%|██████████| 19/19 [00:00<00:00, 28.50it/s]
2026-05-06 07:23:33.913 | INFO     | mineru.backend.vlm.vlm_analyze:get_model:251 - get vllm-async-engine predictor cost: 53.76s
2026-05-06 07:23:33.971 | INFO     | mineru.backend.hybrid.hybrid_analyze:aio_doc_analyze:706 - Hybrid processing-window run. page_count=1, window_size=64, total_windows=1
2026-05-06 07:23:38.825 | INFO     | mineru.backend.hybrid.hybrid_analyze:aio_doc_analyze:727 - Hybrid processing window 1/1: pages 1-1/1 (1 pages)

Two Step Extraction:   0%|          | 0/1 [00:00<?, ?it/s]The image processor of type `Qwen2VLImageProcessor` is now loaded as a fast processor by default, even if the model checkpoint was saved with a slow processor. This is a breaking change and may produce slightly different outputs. To continue using the slow processor, instantiate this class with `use_fast=False`. Note that this behavior will be extended to all models in a future release.

Two Step Extraction: 100%|██████████| 1/1 [00:19<00:00, 19.75s/it]
Two Step Extraction: 100%|██████████| 1/1 [00:19<00:00, 19.75s/it]

Processing pages:   0%|          | 0/1 [00:00<?, ?it/s]
Processing pages: 100%|██████████| 1/1 [00:07<00:00,  7.48s/it]
Processing pages: 100%|██████████| 1/1 [00:07<00:00,  7.48s/it]
2026-05-06 07:24:06.880 | INFO     | mineru.cli.client:run_planned_task:807 - Completed batch 1/1 | Processed 1/1 page | 1 of 1 batch finished | task#1 [支架20210727]
INFO:     Shutting down
INFO:     Waiting for application shutdown.
INFO:     Application shutdown complete.
INFO:     Finished server process [2781166]

2026-05-06 07:24:29.163 | INFO     | mineru.cli.client:run_orchestrated_cli:874 - Started local mineru-api at http://127.0.0.1:53831
2026-05-06 07:24:32.841 | INFO     | __main__:create_app:260 - Request concurrency limited to 3
INFO:     Started server process [2781717]
INFO:     Waiting for application startup.
INFO:     Application startup complete.
INFO:     Uvicorn running on http://127.0.0.1:53831 (Press CTRL+C to quit)
2026-05-06 07:24:33.196 | INFO     | mineru.cli.client:run_planned_task:771 - Submitting batch 1/1 | 1 document, 1 page in this batch | 1 page total | task#1 [液晶-打样-20210917]
2026-05-06 07:24:37.563 | INFO     | mineru.utils.engine_utils:get_vlm_engine:34 - Using vllm-async-engine as the inference engine for VLM.
2026-05-06 07:24:51.321 | INFO     | mineru.backend.vlm.utils:enable_custom_logits_processors:56 - compute_capability: 8.0 >= 8.0 and vllm version: 0.11.2 >= 0.10.1, enable custom_logits_processors
[1;36m(EngineCore_DP0 pid=2781853)[0;0m The image processor of type `Qwen2VLImageProcessor` is now loaded as a fast processor by default, even if the model checkpoint was saved with a slow processor. This is a breaking change and may produce slightly different outputs. To continue using the slow processor, instantiate this class with `use_fast=False`. Note that this behavior will be extended to all models in a future release.
[1;36m(EngineCore_DP0 pid=2781853)[0;0m /home/s2025244189/miniconda3/envs/mineru/lib/python3.10/site-packages/tvm_ffi/_optional_torch_c_dlpack.py:181: UserWarning: Failed to JIT torch c dlpack extension, EnvTensorAllocator will not be enabled.
[1;36m(EngineCore_DP0 pid=2781853)[0;0m We recommend installing via `pip install torch-c-dlpack-ext`
[1;36m(EngineCore_DP0 pid=2781853)[0;0m   warnings.warn(
[1;36m(EngineCore_DP0 pid=2781853)[0;0m 
Loading safetensors checkpoint shards:   0% Completed | 0/1 [00:00<?, ?it/s]
[1;36m(EngineCore_DP0 pid=2781853)[0;0m 
Loading safetensors checkpoint shards: 100% Completed | 1/1 [00:01<00:00,  1.39s/it]
[1;36m(EngineCore_DP0 pid=2781853)[0;0m 
Loading safetensors checkpoint shards: 100% Completed | 1/1 [00:01<00:00,  1.39s/it]
[1;36m(EngineCore_DP0 pid=2781853)[0;0m 
[1;36m(EngineCore_DP0 pid=2781853)[0;0m 
Capturing CUDA graphs (mixed prefill-decode, PIECEWISE):   0%|          | 0/35 [00:00<?, ?it/s]
Capturing CUDA graphs (mixed prefill-decode, PIECEWISE):   9%|▊         | 3/35 [00:00<00:01, 23.73it/s]
Capturing CUDA graphs (mixed prefill-decode, PIECEWISE):  17%|█▋        | 6/35 [00:00<00:01, 24.91it/s]
Capturing CUDA graphs (mixed prefill-decode, PIECEWISE):  26%|██▌       | 9/35 [00:00<00:01, 25.55it/s]
Capturing CUDA graphs (mixed prefill-decode, PIECEWISE):  34%|███▍      | 12/35 [00:00<00:00, 25.96it/s]
Capturing CUDA graphs (mixed prefill-decode, PIECEWISE):  43%|████▎     | 15/35 [00:00<00:00, 26.21it/s]
Capturing CUDA graphs (mixed prefill-decode, PIECEWISE):  51%|█████▏    | 18/35 [00:00<00:00, 26.04it/s]
Capturing CUDA graphs (mixed prefill-decode, PIECEWISE):  60%|██████    | 21/35 [00:00<00:00, 25.87it/s]
Capturing CUDA graphs (mixed prefill-decode, PIECEWISE):  69%|██████▊   | 24/35 [00:00<00:00, 25.59it/s]
Capturing CUDA graphs (mixed prefill-decode, PIECEWISE):  77%|███████▋  | 27/35 [00:01<00:00, 25.66it/s]
Capturing CUDA graphs (mixed prefill-decode, PIECEWISE):  86%|████████▌ | 30/35 [00:01<00:00, 23.22it/s]
Capturing CUDA graphs (mixed prefill-decode, PIECEWISE):  94%|█████████▍| 33/35 [00:01<00:00, 23.65it/s]
Capturing CUDA graphs (mixed prefill-decode, PIECEWISE): 100%|██████████| 35/35 [00:01<00:00, 24.89it/s]
[1;36m(EngineCore_DP0 pid=2781853)[0;0m 
Capturing CUDA graphs (decode, FULL):   0%|          | 0/19 [00:00<?, ?it/s]
Capturing CUDA graphs (decode, FULL):  16%|█▌        | 3/19 [00:00<00:00, 27.48it/s]
Capturing CUDA graphs (decode, FULL):  32%|███▏      | 6/19 [00:00<00:00, 26.70it/s]
Capturing CUDA graphs (decode, FULL):  47%|████▋     | 9/19 [00:00<00:00, 26.85it/s]
Capturing CUDA graphs (decode, FULL):  63%|██████▎   | 12/19 [00:00<00:00, 26.85it/s]
Capturing CUDA graphs (decode, FULL):  79%|███████▉  | 15/19 [00:00<00:00, 26.57it/s]
Capturing CUDA graphs (decode, FULL):  95%|█████████▍| 18/19 [00:00<00:00, 26.93it/s]
Capturing CUDA graphs (decode, FULL): 100%|██████████| 19/19 [00:00<00:00, 26.96it/s]
2026-05-06 07:25:46.950 | INFO     | mineru.backend.vlm.vlm_analyze:get_model:251 - get vllm-async-engine predictor cost: 59.33s
2026-05-06 07:25:47.825 | INFO     | mineru.backend.hybrid.hybrid_analyze:aio_doc_analyze:706 - Hybrid processing-window run. page_count=1, window_size=64, total_windows=1
2026-05-06 07:25:47.866 | INFO     | mineru.backend.hybrid.hybrid_analyze:get_batch_ratio:515 - hybrid batch ratio (auto, vram=79GB): 16
2026-05-06 07:25:52.848 | INFO     | mineru.backend.hybrid.hybrid_analyze:aio_doc_analyze:727 - Hybrid processing window 1/1: pages 1-1/1 (1 pages)

Two Step Extraction:   0%|          | 0/1 [00:00<?, ?it/s]The image processor of type `Qwen2VLImageProcessor` is now loaded as a fast processor by default, even if the model checkpoint was saved with a slow processor. This is a breaking change and may produce slightly different outputs. To continue using the slow processor, instantiate this class with `use_fast=False`. Note that this behavior will be extended to all models in a future release.

Two Step Extraction: 100%|██████████| 1/1 [00:07<00:00,  7.47s/it]
Two Step Extraction: 100%|██████████| 1/1 [00:07<00:00,  7.47s/it]

Layout Predict:   0%|          | 0/1 [00:00<?, ?it/s]
Layout Predict: 100%|██████████| 1/1 [00:02<00:00,  2.95s/it]
Layout Predict: 100%|██████████| 1/1 [00:02<00:00,  2.95s/it]

OCR-det:   0%|          | 0/4 [00:00<?, ?it/s]
OCR-det: 100%|██████████| 4/4 [00:00<00:00, 42.70it/s]

Processing pages:   0%|          | 0/1 [00:00<?, ?it/s]
Processing pages: 100%|██████████| 1/1 [00:00<00:00, 15.30it/s]

OCR-rec Predict:   0%|          | 0/2 [00:00<?, ?it/s]
OCR-rec Predict: 100%|██████████| 2/2 [00:00<00:00, 78.89it/s]
2026-05-06 07:26:11.632 | INFO     | mineru.cli.client:run_planned_task:807 - Completed batch 1/1 | Processed 1/1 page | 1 of 1 batch finished | task#1 [液晶-打样-20210917]
INFO:     Shutting down
INFO:     Waiting for application shutdown.
INFO:     Application shutdown complete.
INFO:     Finished server process [2781717]

2026-05-06 07:26:34.718 | INFO     | mineru.cli.client:run_orchestrated_cli:874 - Started local mineru-api at http://127.0.0.1:47163
2026-05-06 07:26:38.462 | INFO     | __main__:create_app:260 - Request concurrency limited to 3
INFO:     Started server process [2782365]
INFO:     Waiting for application startup.
INFO:     Application startup complete.
INFO:     Uvicorn running on http://127.0.0.1:47163 (Press CTRL+C to quit)
2026-05-06 07:26:38.751 | INFO     | mineru.cli.client:run_planned_task:771 - Submitting batch 1/1 | 1 document, 1 page in this batch | 1 page total | task#1 [液晶20210727]
2026-05-06 07:26:42.478 | INFO     | mineru.utils.engine_utils:get_vlm_engine:34 - Using vllm-async-engine as the inference engine for VLM.
2026-05-06 07:26:52.254 | INFO     | mineru.backend.vlm.utils:enable_custom_logits_processors:56 - compute_capability: 8.0 >= 8.0 and vllm version: 0.11.2 >= 0.10.1, enable custom_logits_processors
[1;36m(EngineCore_DP0 pid=2782495)[0;0m The image processor of type `Qwen2VLImageProcessor` is now loaded as a fast processor by default, even if the model checkpoint was saved with a slow processor. This is a breaking change and may produce slightly different outputs. To continue using the slow processor, instantiate this class with `use_fast=False`. Note that this behavior will be extended to all models in a future release.
[1;36m(EngineCore_DP0 pid=2782495)[0;0m /home/s2025244189/miniconda3/envs/mineru/lib/python3.10/site-packages/tvm_ffi/_optional_torch_c_dlpack.py:181: UserWarning: Failed to JIT torch c dlpack extension, EnvTensorAllocator will not be enabled.
[1;36m(EngineCore_DP0 pid=2782495)[0;0m We recommend installing via `pip install torch-c-dlpack-ext`
[1;36m(EngineCore_DP0 pid=2782495)[0;0m   warnings.warn(
[1;36m(EngineCore_DP0 pid=2782495)[0;0m 
Loading safetensors checkpoint shards:   0% Completed | 0/1 [00:00<?, ?it/s]
[1;36m(EngineCore_DP0 pid=2782495)[0;0m 
Loading safetensors checkpoint shards: 100% Completed | 1/1 [00:01<00:00,  1.43s/it]
[1;36m(EngineCore_DP0 pid=2782495)[0;0m 
Loading safetensors checkpoint shards: 100% Completed | 1/1 [00:01<00:00,  1.43s/it]
[1;36m(EngineCore_DP0 pid=2782495)[0;0m 
[1;36m(EngineCore_DP0 pid=2782495)[0;0m 
Capturing CUDA graphs (mixed prefill-decode, PIECEWISE):   0%|          | 0/35 [00:00<?, ?it/s]
Capturing CUDA graphs (mixed prefill-decode, PIECEWISE):   9%|▊         | 3/35 [00:00<00:01, 23.38it/s]
Capturing CUDA graphs (mixed prefill-decode, PIECEWISE):  17%|█▋        | 6/35 [00:00<00:01, 23.70it/s]
Capturing CUDA graphs (mixed prefill-decode, PIECEWISE):  26%|██▌       | 9/35 [00:00<00:01, 23.98it/s]
Capturing CUDA graphs (mixed prefill-decode, PIECEWISE):  34%|███▍      | 12/35 [00:00<00:00, 24.39it/s]
Capturing CUDA graphs (mixed prefill-decode, PIECEWISE):  43%|████▎     | 15/35 [00:00<00:00, 24.20it/s]
Capturing CUDA graphs (mixed prefill-decode, PIECEWISE):  51%|█████▏    | 18/35 [00:00<00:00, 24.42it/s]
Capturing CUDA graphs (mixed prefill-decode, PIECEWISE):  60%|██████    | 21/35 [00:00<00:00, 24.55it/s]
Capturing CUDA graphs (mixed prefill-decode, PIECEWISE):  69%|██████▊   | 24/35 [00:00<00:00, 24.74it/s]
Capturing CUDA graphs (mixed prefill-decode, PIECEWISE):  77%|███████▋  | 27/35 [00:01<00:00, 24.11it/s]
Capturing CUDA graphs (mixed prefill-decode, PIECEWISE):  86%|████████▌ | 30/35 [00:01<00:00, 21.49it/s]
Capturing CUDA graphs (mixed prefill-decode, PIECEWISE):  94%|█████████▍| 33/35 [00:01<00:00, 22.65it/s]
Capturing CUDA graphs (mixed prefill-decode, PIECEWISE): 100%|██████████| 35/35 [00:01<00:00, 23.65it/s]
[1;36m(EngineCore_DP0 pid=2782495)[0;0m 
Capturing CUDA graphs (decode, FULL):   0%|          | 0/19 [00:00<?, ?it/s]
Capturing CUDA graphs (decode, FULL):  16%|█▌        | 3/19 [00:00<00:00, 26.41it/s]
Capturing CUDA graphs (decode, FULL):  32%|███▏      | 6/19 [00:00<00:00, 24.33it/s]
Capturing CUDA graphs (decode, FULL):  47%|████▋     | 9/19 [00:00<00:00, 24.23it/s]
Capturing CUDA graphs (decode, FULL):  63%|██████▎   | 12/19 [00:00<00:00, 24.32it/s]
Capturing CUDA graphs (decode, FULL):  79%|███████▉  | 15/19 [00:00<00:00, 24.59it/s]
Capturing CUDA graphs (decode, FULL):  95%|█████████▍| 18/19 [00:00<00:00, 24.76it/s]
Capturing CUDA graphs (decode, FULL): 100%|██████████| 19/19 [00:00<00:00, 24.77it/s]
2026-05-06 07:27:50.387 | INFO     | mineru.backend.vlm.vlm_analyze:get_model:251 - get vllm-async-engine predictor cost: 61.42s
2026-05-06 07:27:51.202 | INFO     | mineru.backend.hybrid.hybrid_analyze:aio_doc_analyze:706 - Hybrid processing-window run. page_count=1, window_size=64, total_windows=1
2026-05-06 07:27:51.245 | INFO     | mineru.backend.hybrid.hybrid_analyze:get_batch_ratio:515 - hybrid batch ratio (auto, vram=79GB): 16
2026-05-06 07:27:58.275 | INFO     | mineru.backend.hybrid.hybrid_analyze:aio_doc_analyze:727 - Hybrid processing window 1/1: pages 1-1/1 (1 pages)

Two Step Extraction:   0%|          | 0/1 [00:00<?, ?it/s]The image processor of type `Qwen2VLImageProcessor` is now loaded as a fast processor by default, even if the model checkpoint was saved with a slow processor. This is a breaking change and may produce slightly different outputs. To continue using the slow processor, instantiate this class with `use_fast=False`. Note that this behavior will be extended to all models in a future release.

Two Step Extraction: 100%|██████████| 1/1 [00:07<00:00,  7.72s/it]
Two Step Extraction: 100%|██████████| 1/1 [00:07<00:00,  7.73s/it]

Layout Predict:   0%|          | 0/1 [00:00<?, ?it/s]
Layout Predict: 100%|██████████| 1/1 [00:02<00:00,  2.67s/it]
Layout Predict: 100%|██████████| 1/1 [00:02<00:00,  2.67s/it]

OCR-det:   0%|          | 0/4 [00:00<?, ?it/s]
OCR-det: 100%|██████████| 4/4 [00:00<00:00, 44.95it/s]

Processing pages:   0%|          | 0/1 [00:00<?, ?it/s]
Processing pages: 100%|██████████| 1/1 [00:00<00:00, 14.65it/s]

OCR-rec Predict:   0%|          | 0/2 [00:00<?, ?it/s]
OCR-rec Predict: 100%|██████████| 2/2 [00:00<00:00, 87.58it/s]
2026-05-06 07:28:16.120 | INFO     | mineru.cli.client:run_planned_task:807 - Completed batch 1/1 | Processed 1/1 page | 1 of 1 batch finished | task#1 [液晶20210727]
INFO:     Shutting down
INFO:     Waiting for application shutdown.
INFO:     Application shutdown complete.
INFO:     Finished server process [2782365]

2026-05-06 07:28:39.168 | INFO     | mineru.cli.client:run_orchestrated_cli:874 - Started local mineru-api at http://127.0.0.1:40193
2026-05-06 07:28:42.876 | INFO     | __main__:create_app:260 - Request concurrency limited to 3
INFO:     Started server process [2782920]
INFO:     Waiting for application startup.
INFO:     Application startup complete.
INFO:     Uvicorn running on http://127.0.0.1:40193 (Press CTRL+C to quit)
2026-05-06 07:28:43.202 | INFO     | mineru.cli.client:run_planned_task:771 - Submitting batch 1/1 | 1 document, 1 page in this batch | 1 page total | task#1 [电池盖20210727]
2026-05-06 07:28:48.026 | INFO     | mineru.utils.engine_utils:get_vlm_engine:34 - Using vllm-async-engine as the inference engine for VLM.
2026-05-06 07:28:59.104 | INFO     | mineru.backend.vlm.utils:enable_custom_logits_processors:56 - compute_capability: 8.0 >= 8.0 and vllm version: 0.11.2 >= 0.10.1, enable custom_logits_processors
[1;36m(EngineCore_DP0 pid=2783057)[0;0m The image processor of type `Qwen2VLImageProcessor` is now loaded as a fast processor by default, even if the model checkpoint was saved with a slow processor. This is a breaking change and may produce slightly different outputs. To continue using the slow processor, instantiate this class with `use_fast=False`. Note that this behavior will be extended to all models in a future release.
[1;36m(EngineCore_DP0 pid=2783057)[0;0m /home/s2025244189/miniconda3/envs/mineru/lib/python3.10/site-packages/tvm_ffi/_optional_torch_c_dlpack.py:181: UserWarning: Failed to JIT torch c dlpack extension, EnvTensorAllocator will not be enabled.
[1;36m(EngineCore_DP0 pid=2783057)[0;0m We recommend installing via `pip install torch-c-dlpack-ext`
[1;36m(EngineCore_DP0 pid=2783057)[0;0m   warnings.warn(
[1;36m(EngineCore_DP0 pid=2783057)[0;0m 
Loading safetensors checkpoint shards:   0% Completed | 0/1 [00:00<?, ?it/s]
[1;36m(EngineCore_DP0 pid=2783057)[0;0m 
Loading safetensors checkpoint shards: 100% Completed | 1/1 [00:01<00:00,  1.29s/it]
[1;36m(EngineCore_DP0 pid=2783057)[0;0m 
Loading safetensors checkpoint shards: 100% Completed | 1/1 [00:01<00:00,  1.29s/it]
[1;36m(EngineCore_DP0 pid=2783057)[0;0m 
[1;36m(EngineCore_DP0 pid=2783057)[0;0m 
Capturing CUDA graphs (mixed prefill-decode, PIECEWISE):   0%|          | 0/35 [00:00<?, ?it/s]
Capturing CUDA graphs (mixed prefill-decode, PIECEWISE):   9%|▊         | 3/35 [00:00<00:01, 25.98it/s]
Capturing CUDA graphs (mixed prefill-decode, PIECEWISE):  17%|█▋        | 6/35 [00:00<00:01, 25.16it/s]
Capturing CUDA graphs (mixed prefill-decode, PIECEWISE):  26%|██▌       | 9/35 [00:00<00:01, 24.31it/s]
Capturing CUDA graphs (mixed prefill-decode, PIECEWISE):  34%|███▍      | 12/35 [00:00<00:00, 24.87it/s]
Capturing CUDA graphs (mixed prefill-decode, PIECEWISE):  43%|████▎     | 15/35 [00:00<00:00, 24.59it/s]
Capturing CUDA graphs (mixed prefill-decode, PIECEWISE):  51%|█████▏    | 18/35 [00:00<00:00, 24.67it/s]
Capturing CUDA graphs (mixed prefill-decode, PIECEWISE):  60%|██████    | 21/35 [00:00<00:00, 24.78it/s]
Capturing CUDA graphs (mixed prefill-decode, PIECEWISE):  69%|██████▊   | 24/35 [00:00<00:00, 24.29it/s]
Capturing CUDA graphs (mixed prefill-decode, PIECEWISE):  77%|███████▋  | 27/35 [00:01<00:00, 24.09it/s]
Capturing CUDA graphs (mixed prefill-decode, PIECEWISE):  86%|████████▌ | 30/35 [00:01<00:00, 21.30it/s]
Capturing CUDA graphs (mixed prefill-decode, PIECEWISE):  94%|█████████▍| 33/35 [00:01<00:00, 22.47it/s]
Capturing CUDA graphs (mixed prefill-decode, PIECEWISE): 100%|██████████| 35/35 [00:01<00:00, 23.76it/s]
[1;36m(EngineCore_DP0 pid=2783057)[0;0m 
Capturing CUDA graphs (decode, FULL):   0%|          | 0/19 [00:00<?, ?it/s]
Capturing CUDA graphs (decode, FULL):  16%|█▌        | 3/19 [00:00<00:00, 25.89it/s]
Capturing CUDA graphs (decode, FULL):  32%|███▏      | 6/19 [00:00<00:00, 25.65it/s]
Capturing CUDA graphs (decode, FULL):  47%|████▋     | 9/19 [00:00<00:00, 26.38it/s]
Capturing CUDA graphs (decode, FULL):  63%|██████▎   | 12/19 [00:00<00:00, 26.54it/s]
Capturing CUDA graphs (decode, FULL):  79%|███████▉  | 15/19 [00:00<00:00, 25.58it/s]
Capturing CUDA graphs (decode, FULL):  95%|█████████▍| 18/19 [00:00<00:00, 25.61it/s]
Capturing CUDA graphs (decode, FULL): 100%|██████████| 19/19 [00:00<00:00, 25.96it/s]
2026-05-06 07:29:50.926 | INFO     | mineru.backend.vlm.vlm_analyze:get_model:251 - get vllm-async-engine predictor cost: 55.39s
2026-05-06 07:29:50.981 | INFO     | mineru.backend.hybrid.hybrid_analyze:aio_doc_analyze:706 - Hybrid processing-window run. page_count=1, window_size=64, total_windows=1
2026-05-06 07:29:55.916 | INFO     | mineru.backend.hybrid.hybrid_analyze:aio_doc_analyze:727 - Hybrid processing window 1/1: pages 1-1/1 (1 pages)

Two Step Extraction:   0%|          | 0/1 [00:00<?, ?it/s]The image processor of type `Qwen2VLImageProcessor` is now loaded as a fast processor by default, even if the model checkpoint was saved with a slow processor. This is a breaking change and may produce slightly different outputs. To continue using the slow processor, instantiate this class with `use_fast=False`. Note that this behavior will be extended to all models in a future release.

Two Step Extraction: 100%|██████████| 1/1 [00:08<00:00,  8.83s/it]
Two Step Extraction: 100%|██████████| 1/1 [00:08<00:00,  8.83s/it]

Processing pages:   0%|          | 0/1 [00:00<?, ?it/s]
Processing pages: 100%|██████████| 1/1 [00:07<00:00,  7.51s/it]
Processing pages: 100%|██████████| 1/1 [00:07<00:00,  7.51s/it]
2026-05-06 07:30:12.918 | INFO     | mineru.cli.client:run_planned_task:807 - Completed batch 1/1 | Processed 1/1 page | 1 of 1 batch finished | task#1 [电池盖20210727]
INFO:     Shutting down
INFO:     Waiting for application shutdown.
INFO:     Application shutdown complete.
INFO:     Finished server process [2782920]

2026-05-06 07:30:34.785 | INFO     | mineru.cli.client:run_orchestrated_cli:874 - Started local mineru-api at http://127.0.0.1:57061
2026-05-06 07:30:38.441 | INFO     | __main__:create_app:260 - Request concurrency limited to 3
INFO:     Started server process [2783542]
INFO:     Waiting for application startup.
INFO:     Application startup complete.
INFO:     Uvicorn running on http://127.0.0.1:57061 (Press CTRL+C to quit)
2026-05-06 07:30:38.819 | INFO     | mineru.cli.client:run_planned_task:771 - Submitting batch 1/1 | 1 document, 1 page in this batch | 1 page total | task#1 [透镜20210727]
2026-05-06 07:30:42.845 | INFO     | mineru.utils.engine_utils:get_vlm_engine:34 - Using vllm-async-engine as the inference engine for VLM.
2026-05-06 07:30:52.398 | INFO     | mineru.backend.vlm.utils:enable_custom_logits_processors:56 - compute_capability: 8.0 >= 8.0 and vllm version: 0.11.2 >= 0.10.1, enable custom_logits_processors
[1;36m(EngineCore_DP0 pid=2783702)[0;0m The image processor of type `Qwen2VLImageProcessor` is now loaded as a fast processor by default, even if the model checkpoint was saved with a slow processor. This is a breaking change and may produce slightly different outputs. To continue using the slow processor, instantiate this class with `use_fast=False`. Note that this behavior will be extended to all models in a future release.
[1;36m(EngineCore_DP0 pid=2783702)[0;0m /home/s2025244189/miniconda3/envs/mineru/lib/python3.10/site-packages/tvm_ffi/_optional_torch_c_dlpack.py:181: UserWarning: Failed to JIT torch c dlpack extension, EnvTensorAllocator will not be enabled.
[1;36m(EngineCore_DP0 pid=2783702)[0;0m We recommend installing via `pip install torch-c-dlpack-ext`
[1;36m(EngineCore_DP0 pid=2783702)[0;0m   warnings.warn(
[1;36m(EngineCore_DP0 pid=2783702)[0;0m 
Loading safetensors checkpoint shards:   0% Completed | 0/1 [00:00<?, ?it/s]
[1;36m(EngineCore_DP0 pid=2783702)[0;0m 
Loading safetensors checkpoint shards: 100% Completed | 1/1 [00:01<00:00,  1.29s/it]
[1;36m(EngineCore_DP0 pid=2783702)[0;0m 
Loading safetensors checkpoint shards: 100% Completed | 1/1 [00:01<00:00,  1.29s/it]
[1;36m(EngineCore_DP0 pid=2783702)[0;0m 
[1;36m(EngineCore_DP0 pid=2783702)[0;0m 
Capturing CUDA graphs (mixed prefill-decode, PIECEWISE):   0%|          | 0/35 [00:00<?, ?it/s]
Capturing CUDA graphs (mixed prefill-decode, PIECEWISE):   9%|▊         | 3/35 [00:00<00:01, 23.77it/s]
Capturing CUDA graphs (mixed prefill-decode, PIECEWISE):  17%|█▋        | 6/35 [00:00<00:01, 25.36it/s]
Capturing CUDA graphs (mixed prefill-decode, PIECEWISE):  26%|██▌       | 9/35 [00:00<00:01, 24.75it/s]
Capturing CUDA graphs (mixed prefill-decode, PIECEWISE):  34%|███▍      | 12/35 [00:00<00:00, 24.30it/s]
Capturing CUDA graphs (mixed prefill-decode, PIECEWISE):  43%|████▎     | 15/35 [00:00<00:00, 24.22it/s]
Capturing CUDA graphs (mixed prefill-decode, PIECEWISE):  51%|█████▏    | 18/35 [00:00<00:00, 24.58it/s]
Capturing CUDA graphs (mixed prefill-decode, PIECEWISE):  60%|██████    | 21/35 [00:00<00:00, 24.62it/s]
Capturing CUDA graphs (mixed prefill-decode, PIECEWISE):  69%|██████▊   | 24/35 [00:00<00:00, 24.53it/s]
Capturing CUDA graphs (mixed prefill-decode, PIECEWISE):  77%|███████▋  | 27/35 [00:01<00:00, 24.33it/s]
Capturing CUDA graphs (mixed prefill-decode, PIECEWISE):  86%|████████▌ | 30/35 [00:01<00:00, 21.58it/s]
Capturing CUDA graphs (mixed prefill-decode, PIECEWISE):  94%|█████████▍| 33/35 [00:01<00:00, 22.23it/s]
Capturing CUDA graphs (mixed prefill-decode, PIECEWISE): 100%|██████████| 35/35 [00:01<00:00, 23.55it/s]
[1;36m(EngineCore_DP0 pid=2783702)[0;0m 
Capturing CUDA graphs (decode, FULL):   0%|          | 0/19 [00:00<?, ?it/s]
Capturing CUDA graphs (decode, FULL):  16%|█▌        | 3/19 [00:00<00:00, 23.82it/s]
Capturing CUDA graphs (decode, FULL):  32%|███▏      | 6/19 [00:00<00:00, 24.59it/s]
Capturing CUDA graphs (decode, FULL):  47%|████▋     | 9/19 [00:00<00:00, 24.90it/s]
Capturing CUDA graphs (decode, FULL):  63%|██████▎   | 12/19 [00:00<00:00, 25.48it/s]
Capturing CUDA graphs (decode, FULL):  79%|███████▉  | 15/19 [00:00<00:00, 25.37it/s]
Capturing CUDA graphs (decode, FULL):  95%|█████████▍| 18/19 [00:00<00:00, 25.45it/s]
Capturing CUDA graphs (decode, FULL): 100%|██████████| 19/19 [00:00<00:00, 25.30it/s]
2026-05-06 07:31:45.638 | INFO     | mineru.backend.vlm.vlm_analyze:get_model:251 - get vllm-async-engine predictor cost: 56.52s
2026-05-06 07:31:46.435 | INFO     | mineru.backend.hybrid.hybrid_analyze:aio_doc_analyze:706 - Hybrid processing-window run. page_count=1, window_size=64, total_windows=1
2026-05-06 07:31:46.475 | INFO     | mineru.backend.hybrid.hybrid_analyze:get_batch_ratio:515 - hybrid batch ratio (auto, vram=79GB): 16
2026-05-06 07:31:51.408 | INFO     | mineru.backend.hybrid.hybrid_analyze:aio_doc_analyze:727 - Hybrid processing window 1/1: pages 1-1/1 (1 pages)

Two Step Extraction:   0%|          | 0/1 [00:00<?, ?it/s]The image processor of type `Qwen2VLImageProcessor` is now loaded as a fast processor by default, even if the model checkpoint was saved with a slow processor. This is a breaking change and may produce slightly different outputs. To continue using the slow processor, instantiate this class with `use_fast=False`. Note that this behavior will be extended to all models in a future release.

Two Step Extraction: 100%|██████████| 1/1 [00:07<00:00,  7.22s/it]
Two Step Extraction: 100%|██████████| 1/1 [00:07<00:00,  7.22s/it]

Layout Predict:   0%|          | 0/1 [00:00<?, ?it/s]
Layout Predict: 100%|██████████| 1/1 [00:02<00:00,  2.89s/it]
Layout Predict: 100%|██████████| 1/1 [00:02<00:00,  2.89s/it]

OCR-det:   0%|          | 0/2 [00:00<?, ?it/s]
OCR-det: 100%|██████████| 2/2 [00:00<00:00, 47.19it/s]

Processing pages:   0%|          | 0/1 [00:00<?, ?it/s]
Processing pages: 100%|██████████| 1/1 [00:00<00:00, 13.40it/s]

OCR-rec Predict:   0%|          | 0/1 [00:00<?, ?it/s]
OCR-rec Predict: 100%|██████████| 1/1 [00:00<00:00, 44.96it/s]
2026-05-06 07:32:09.287 | INFO     | mineru.cli.client:run_planned_task:807 - Completed batch 1/1 | Processed 1/1 page | 1 of 1 batch finished | task#1 [透镜20210727]
INFO:     Shutting down
INFO:     Waiting for application shutdown.
INFO:     Application shutdown complete.
INFO:     Finished server process [2783542]

2026-05-06 07:32:32.081 | INFO     | mineru.cli.client:run_orchestrated_cli:874 - Started local mineru-api at http://127.0.0.1:35591
2026-05-06 07:32:35.593 | INFO     | __main__:create_app:260 - Request concurrency limited to 3
INFO:     Started server process [2784091]
INFO:     Waiting for application startup.
INFO:     Application startup complete.
INFO:     Uvicorn running on http://127.0.0.1:35591 (Press CTRL+C to quit)
2026-05-06 07:32:36.112 | INFO     | mineru.cli.client:run_planned_task:771 - Submitting batch 1/1 | 1 document, 1 page in this batch | 1 page total | task#1 [装配说明V1.0-PT9L]
2026-05-06 07:32:37.216 | WARNING  | mineru.cli.common:aio_do_parse:749 - No valid PDF or image files to process.
2026-05-06 07:32:38.174 | INFO     | mineru.cli.client:run_planned_task:807 - Completed batch 1/1 | Processed 1/1 page | 1 of 1 batch finished | task#1 [装配说明V1.0-PT9L]
2026-05-06 07:32:38.195 | WARNING  | mineru.cli.client:log_visualization_future_result:390 - Skipping visualization for 装配说明V1.0-PT9L: missing origin.pdf: 装配说明V1.0-PT9L_origin.pdf
INFO:     Shutting down
INFO:     Waiting for application shutdown.
INFO:     Application shutdown complete.
INFO:     Finished server process [2784091]

2026-05-06 07:32:56.495 | INFO     | mineru.cli.client:run_orchestrated_cli:874 - Started local mineru-api at http://127.0.0.1:53511
2026-05-06 07:33:00.218 | INFO     | __main__:create_app:260 - Request concurrency limited to 3
INFO:     Started server process [2784293]
INFO:     Waiting for application startup.
INFO:     Application startup complete.
INFO:     Uvicorn running on http://127.0.0.1:53511 (Press CTRL+C to quit)
2026-05-06 07:33:00.527 | INFO     | mineru.cli.client:run_planned_task:771 - Submitting batch 1/1 | 1 document, 1 page in this batch | 1 page total | task#1 [设计输出清单二E0]
2026-05-06 07:33:02.611 | WARNING  | mineru.cli.common:aio_do_parse:749 - No valid PDF or image files to process.
2026-05-06 07:33:02.658 | INFO     | mineru.cli.client:run_planned_task:807 - Completed batch 1/1 | Processed 1/1 page | 1 of 1 batch finished | task#1 [设计输出清单二E0]
2026-05-06 07:33:02.689 | WARNING  | mineru.cli.client:log_visualization_future_result:390 - Skipping visualization for 设计输出清单二E0: missing origin.pdf: 设计输出清单二E0_origin.pdf
INFO:     Shutting down
INFO:     Waiting for application shutdown.
INFO:     Application shutdown complete.
INFO:     Finished server process [2784293]

2026-05-06 07:33:20.708 | INFO     | mineru.cli.client:run_orchestrated_cli:874 - Started local mineru-api at http://127.0.0.1:53485
2026-05-06 07:33:24.539 | INFO     | __main__:create_app:260 - Request concurrency limited to 3
INFO:     Started server process [2784462]
INFO:     Waiting for application startup.
INFO:     Application startup complete.
INFO:     Uvicorn running on http://127.0.0.1:53485 (Press CTRL+C to quit)
2026-05-06 07:33:24.743 | INFO     | mineru.cli.client:run_planned_task:771 - Submitting batch 1/1 | 1 document, 1 page in this batch | 1 page total | task#1 [试产总结报告]
2026-05-06 07:33:25.167 | WARNING  | mineru.cli.common:aio_do_parse:749 - No valid PDF or image files to process.
2026-05-06 07:33:25.904 | INFO     | mineru.cli.client:run_planned_task:807 - Completed batch 1/1 | Processed 1/1 page | 1 of 1 batch finished | task#1 [试产总结报告]
2026-05-06 07:33:25.936 | WARNING  | mineru.cli.client:log_visualization_future_result:390 - Skipping visualization for 试产总结报告: missing origin.pdf: 试产总结报告_origin.pdf
INFO:     Shutting down
INFO:     Waiting for application shutdown.
INFO:     Application shutdown complete.
INFO:     Finished server process [2784462]

2026-05-06 07:33:43.619 | INFO     | mineru.cli.client:run_orchestrated_cli:874 - Started local mineru-api at http://127.0.0.1:41261
2026-05-06 07:33:47.283 | INFO     | __main__:create_app:260 - Request concurrency limited to 3
INFO:     Started server process [2784645]
INFO:     Waiting for application startup.
INFO:     Application startup complete.
INFO:     Uvicorn running on http://127.0.0.1:41261 (Press CTRL+C to quit)
2026-05-06 07:33:47.652 | INFO     | mineru.cli.client:run_planned_task:771 - Submitting batch 1/1 | 1 document, 1 page in this batch | 1 page total | task#1 [试产申请单]
2026-05-06 07:33:48.069 | WARNING  | mineru.cli.common:aio_do_parse:749 - No valid PDF or image files to process.
2026-05-06 07:33:48.824 | INFO     | mineru.cli.client:run_planned_task:807 - Completed batch 1/1 | Processed 1/1 page | 1 of 1 batch finished | task#1 [试产申请单]
2026-05-06 07:33:48.853 | WARNING  | mineru.cli.client:log_visualization_future_result:390 - Skipping visualization for 试产申请单: missing origin.pdf: 试产申请单_origin.pdf
INFO:     Shutting down
INFO:     Waiting for application shutdown.
INFO:     Application shutdown complete.
INFO:     Finished server process [2784645]

2026-05-06 07:34:06.978 | INFO     | mineru.cli.client:run_orchestrated_cli:874 - Started local mineru-api at http://127.0.0.1:53681
2026-05-06 07:34:10.858 | INFO     | __main__:create_app:260 - Request concurrency limited to 3
INFO:     Started server process [2784822]
INFO:     Waiting for application startup.
INFO:     Application startup complete.
INFO:     Uvicorn running on http://127.0.0.1:53681 (Press CTRL+C to quit)
2026-05-06 07:34:11.013 | INFO     | mineru.cli.client:run_planned_task:771 - Submitting batch 1/1 | 1 document, 1 page in this batch | 1 page total | task#1 [PT9L 用户测试记录]
2026-05-06 07:34:12.440 | WARNING  | mineru.cli.common:aio_do_parse:749 - No valid PDF or image files to process.
2026-05-06 07:34:12.488 | INFO     | mineru.cli.client:run_planned_task:807 - Completed batch 1/1 | Processed 1/1 page | 1 of 1 batch finished | task#1 [PT9L 用户测试记录]
2026-05-06 07:34:12.516 | WARNING  | mineru.cli.client:log_visualization_future_result:390 - Skipping visualization for PT9L 用户测试记录: missing origin.pdf: PT9L 用户测试记录_origin.pdf
INFO:     Shutting down
INFO:     Waiting for application shutdown.
INFO:     Application shutdown complete.
INFO:     Finished server process [2784822]

2026-05-06 07:34:31.030 | INFO     | mineru.cli.client:run_orchestrated_cli:874 - Started local mineru-api at http://127.0.0.1:35819
2026-05-06 07:34:34.921 | INFO     | __main__:create_app:260 - Request concurrency limited to 3
INFO:     Started server process [2784996]
INFO:     Waiting for application startup.
INFO:     Application startup complete.
INFO:     Uvicorn running on http://127.0.0.1:35819 (Press CTRL+C to quit)
2026-05-06 07:34:35.064 | INFO     | mineru.cli.client:run_planned_task:771 - Submitting batch 1/1 | 1 document, 1 page in this batch | 1 page total | task#1 [PT9L 用户现场测试报告]
2026-05-06 07:34:36.739 | WARNING  | mineru.cli.common:aio_do_parse:749 - No valid PDF or image files to process.
2026-05-06 07:34:36.788 | INFO     | mineru.cli.client:run_planned_task:807 - Completed batch 1/1 | Processed 1/1 page | 1 of 1 batch finished | task#1 [PT9L 用户现场测试报告]
2026-05-06 07:34:36.820 | WARNING  | mineru.cli.client:log_visualization_future_result:390 - Skipping visualization for PT9L 用户现场测试报告: missing origin.pdf: PT9L 用户现场测试报告_origin.pdf
INFO:     Shutting down
INFO:     Waiting for application shutdown.
INFO:     Application shutdown complete.
INFO:     Finished server process [2784996]

2026-05-06 07:34:55.560 | INFO     | mineru.cli.client:run_orchestrated_cli:874 - Started local mineru-api at http://127.0.0.1:36315
2026-05-06 07:34:59.248 | INFO     | __main__:create_app:260 - Request concurrency limited to 3
INFO:     Started server process [2785188]
INFO:     Waiting for application startup.
INFO:     Application startup complete.
INFO:     Uvicorn running on http://127.0.0.1:36315 (Press CTRL+C to quit)
2026-05-06 07:34:59.593 | INFO     | mineru.cli.client:run_planned_task:771 - Submitting batch 1/1 | 1 document, 1 page in this batch | 1 page total | task#1 [PT9L 用户现场测试计划]
2026-05-06 07:35:01.112 | WARNING  | mineru.cli.common:aio_do_parse:749 - No valid PDF or image files to process.
2026-05-06 07:35:01.161 | INFO     | mineru.cli.client:run_planned_task:807 - Completed batch 1/1 | Processed 1/1 page | 1 of 1 batch finished | task#1 [PT9L 用户现场测试计划]
2026-05-06 07:35:01.189 | WARNING  | mineru.cli.client:log_visualization_future_result:390 - Skipping visualization for PT9L 用户现场测试计划: missing origin.pdf: PT9L 用户现场测试计划_origin.pdf
INFO:     Shutting down
INFO:     Waiting for application shutdown.
INFO:     Application shutdown complete.
INFO:     Finished server process [2785188]

2026-05-06 07:35:19.152 | INFO     | mineru.cli.client:run_orchestrated_cli:874 - Started local mineru-api at http://127.0.0.1:45559
2026-05-06 07:35:23.003 | INFO     | __main__:create_app:260 - Request concurrency limited to 3
INFO:     Started server process [2785433]
INFO:     Waiting for application startup.
INFO:     Application startup complete.
INFO:     Uvicorn running on http://127.0.0.1:45559 (Press CTRL+C to quit)
2026-05-06 07:35:23.189 | INFO     | mineru.cli.client:run_planned_task:771 - Submitting batch 1/1 | 1 document, 1 page in this batch | 1 page total | task#1 [02-Clinical study report]
2026-05-06 07:35:28.029 | WARNING  | mineru.cli.common:aio_do_parse:749 - No valid PDF or image files to process.
2026-05-06 07:35:28.101 | INFO     | mineru.cli.client:run_planned_task:807 - Completed batch 1/1 | Processed 1/1 page | 1 of 1 batch finished | task#1 [02-Clinical study report]
2026-05-06 07:35:28.132 | WARNING  | mineru.cli.client:log_visualization_future_result:390 - Skipping visualization for 02-Clinical study report: missing origin.pdf: 02-Clinical study report_origin.pdf
INFO:     Shutting down
INFO:     Waiting for application shutdown.
INFO:     Application shutdown complete.
INFO:     Finished server process [2785433]

2026-05-06 07:35:47.351 | INFO     | mineru.cli.client:run_orchestrated_cli:874 - Started local mineru-api at http://127.0.0.1:38903
2026-05-06 07:35:51.663 | INFO     | __main__:create_app:260 - Request concurrency limited to 3
INFO:     Started server process [2785613]
INFO:     Waiting for application startup.
INFO:     Application startup complete.
INFO:     Uvicorn running on http://127.0.0.1:38903 (Press CTRL+C to quit)
2026-05-06 07:35:52.390 | INFO     | mineru.cli.client:run_planned_task:771 - Submitting batch 1/1 | 1 document, 1 page in this batch | 1 page total | task#1 [03-软件确认报告]
2026-05-06 07:35:53.234 | WARNING  | mineru.cli.common:aio_do_parse:749 - No valid PDF or image files to process.
2026-05-06 07:35:53.564 | INFO     | mineru.cli.client:run_planned_task:807 - Completed batch 1/1 | Processed 1/1 page | 1 of 1 batch finished | task#1 [03-软件确认报告]
2026-05-06 07:35:53.600 | WARNING  | mineru.cli.client:log_visualization_future_result:390 - Skipping visualization for 03-软件确认报告: missing origin.pdf: 03-软件确认报告_origin.pdf
INFO:     Shutting down
INFO:     Waiting for application shutdown.
INFO:     Application shutdown complete.
INFO:     Finished server process [2785613]

2026-05-06 07:36:13.673 | INFO     | mineru.cli.client:run_orchestrated_cli:874 - Started local mineru-api at http://127.0.0.1:39273
2026-05-06 07:36:17.723 | INFO     | __main__:create_app:260 - Request concurrency limited to 3
INFO:     Started server process [2785834]
INFO:     Waiting for application startup.
INFO:     Application startup complete.
INFO:     Uvicorn running on http://127.0.0.1:39273 (Press CTRL+C to quit)
2026-05-06 07:36:18.710 | INFO     | mineru.cli.client:run_planned_task:771 - Submitting batch 1/1 | 1 document, 1 page in this batch | 1 page total | task#1 [04-PT9L Checklist of （ EN 60601-1-62010+A12015+A22021) PT2L（美亚）-UETR01 V1.0]
2026-05-06 07:36:19.415 | WARNING  | mineru.cli.common:aio_do_parse:749 - No valid PDF or image files to process.
2026-05-06 07:36:19.878 | INFO     | mineru.cli.client:run_planned_task:807 - Completed batch 1/1 | Processed 1/1 page | 1 of 1 batch finished | task#1 [04-PT9L Checklist of （ EN 60601-1-62010+A12015+A22021) PT2L（美亚）-UETR01 V1.0]
2026-05-06 07:36:19.911 | WARNING  | mineru.cli.client:log_visualization_future_result:390 - Skipping visualization for 04-PT9L Checklist of （ EN 60601-1-62010+A12015+A22021) PT2L（美亚）-UETR01 V1.0: missing origin.pdf: 04-PT9L Checklist of （ EN 60601-1-62010+A12015+A22021) PT2L（美亚）-UETR01 V1.0_origin.pdf
INFO:     Shutting down
INFO:     Waiting for application shutdown.
INFO:     Application shutdown complete.
INFO:     Finished server process [2785834]

2026-05-06 07:36:38.658 | INFO     | mineru.cli.client:run_orchestrated_cli:874 - Started local mineru-api at http://127.0.0.1:57213
2026-05-06 07:36:42.279 | INFO     | __main__:create_app:260 - Request concurrency limited to 3
INFO:     Started server process [2786012]
INFO:     Waiting for application startup.
INFO:     Application startup complete.
INFO:     Uvicorn running on http://127.0.0.1:57213 (Press CTRL+C to quit)
2026-05-06 07:36:42.691 | INFO     | mineru.cli.client:run_planned_task:771 - Submitting batch 1/1 | 1 document, 1 page in this batch | 1 page total | task#1 [05-PT9L Checklist of IEC 62366-1 2021]
2026-05-06 07:36:44.456 | WARNING  | mineru.cli.common:aio_do_parse:749 - No valid PDF or image files to process.
2026-05-06 07:36:44.518 | INFO     | mineru.cli.client:run_planned_task:807 - Completed batch 1/1 | Processed 1/1 page | 1 of 1 batch finished | task#1 [05-PT9L Checklist of IEC 62366-1 2021]
2026-05-06 07:36:44.546 | WARNING  | mineru.cli.client:log_visualization_future_result:390 - Skipping visualization for 05-PT9L Checklist of IEC 62366-1 2021: missing origin.pdf: 05-PT9L Checklist of IEC 62366-1 2021_origin.pdf
INFO:     Shutting down
INFO:     Waiting for application shutdown.
INFO:     Application shutdown complete.
INFO:     Finished server process [2786012]

2026-05-06 07:37:02.780 | INFO     | mineru.cli.client:run_orchestrated_cli:874 - Started local mineru-api at http://127.0.0.1:37659
2026-05-06 07:37:06.404 | INFO     | __main__:create_app:260 - Request concurrency limited to 3
INFO:     Started server process [2786192]
INFO:     Waiting for application startup.
INFO:     Application startup complete.
INFO:     Uvicorn running on http://127.0.0.1:37659 (Press CTRL+C to quit)
2026-05-06 07:37:06.814 | INFO     | mineru.cli.client:run_planned_task:771 - Submitting batch 1/1 | 1 document, 1 page in this batch | 1 page total | task#1 [06-PT9L usability engineering file]
2026-05-06 07:37:11.731 | WARNING  | mineru.cli.common:aio_do_parse:749 - No valid PDF or image files to process.
2026-05-06 07:37:11.821 | INFO     | mineru.cli.client:run_planned_task:807 - Completed batch 1/1 | Processed 1/1 page | 1 of 1 batch finished | task#1 [06-PT9L usability engineering file]
2026-05-06 07:37:11.850 | WARNING  | mineru.cli.client:log_visualization_future_result:390 - Skipping visualization for 06-PT9L usability engineering file: missing origin.pdf: 06-PT9L usability engineering file_origin.pdf
INFO:     Shutting down
INFO:     Waiting for application shutdown.
INFO:     Application shutdown complete.
INFO:     Finished server process [2786192]

2026-05-06 07:37:30.218 | INFO     | mineru.cli.client:run_orchestrated_cli:874 - Started local mineru-api at http://127.0.0.1:45513
2026-05-06 07:37:33.873 | INFO     | __main__:create_app:260 - Request concurrency limited to 3
INFO:     Started server process [2786371]
INFO:     Waiting for application startup.
INFO:     Application startup complete.
INFO:     Uvicorn running on http://127.0.0.1:45513 (Press CTRL+C to quit)
2026-05-06 07:37:34.256 | INFO     | mineru.cli.client:run_planned_task:771 - Submitting batch 1/1 | 1 document, 1 page in this batch | 1 page total | task#1 [07-可追溯性分析报告]
2026-05-06 07:37:34.732 | WARNING  | mineru.cli.common:aio_do_parse:749 - No valid PDF or image files to process.
2026-05-06 07:37:35.407 | INFO     | mineru.cli.client:run_planned_task:807 - Completed batch 1/1 | Processed 1/1 page | 1 of 1 batch finished | task#1 [07-可追溯性分析报告]
2026-05-06 07:37:35.436 | WARNING  | mineru.cli.client:log_visualization_future_result:390 - Skipping visualization for 07-可追溯性分析报告: missing origin.pdf: 07-可追溯性分析报告_origin.pdf
INFO:     Shutting down
INFO:     Waiting for application shutdown.
INFO:     Application shutdown complete.
INFO:     Finished server process [2786371]

2026-05-06 07:37:53.464 | INFO     | mineru.cli.client:run_orchestrated_cli:874 - Started local mineru-api at http://127.0.0.1:47977
2026-05-06 07:37:57.357 | INFO     | __main__:create_app:260 - Request concurrency limited to 3
INFO:     Started server process [2786566]
INFO:     Waiting for application startup.
INFO:     Application startup complete.
INFO:     Uvicorn running on http://127.0.0.1:47977 (Press CTRL+C to quit)
2026-05-06 07:37:57.499 | INFO     | mineru.cli.client:run_planned_task:771 - Submitting batch 1/1 | 1 document, 1 page in this batch | 1 page total | task#1 [08-软件配置清单]
2026-05-06 07:37:57.713 | WARNING  | mineru.cli.common:aio_do_parse:749 - No valid PDF or image files to process.
2026-05-06 07:37:58.659 | INFO     | mineru.cli.client:run_planned_task:807 - Completed batch 1/1 | Processed 1/1 page | 1 of 1 batch finished | task#1 [08-软件配置清单]
2026-05-06 07:37:58.689 | WARNING  | mineru.cli.client:log_visualization_future_result:390 - Skipping visualization for 08-软件配置清单: missing origin.pdf: 08-软件配置清单_origin.pdf
INFO:     Shutting down
INFO:     Waiting for application shutdown.
INFO:     Application shutdown complete.
INFO:     Finished server process [2786566]

2026-05-06 07:38:17.680 | INFO     | mineru.cli.client:run_orchestrated_cli:874 - Started local mineru-api at http://127.0.0.1:46379
2026-05-06 07:38:21.625 | INFO     | __main__:create_app:260 - Request concurrency limited to 3
INFO:     Started server process [2786736]
INFO:     Waiting for application startup.
INFO:     Application startup complete.
INFO:     Uvicorn running on http://127.0.0.1:46379 (Press CTRL+C to quit)
2026-05-06 07:38:22.719 | INFO     | mineru.cli.client:run_planned_task:771 - Submitting batch 1/1 | 1 document, 1 page in this batch | 1 page total | task#1 [PT9L--Attachment 7 03 Verification of risk control measure and residual risk evaluation report PT9L-FXYS01  V1.0]
2026-05-06 07:38:25.613 | WARNING  | mineru.cli.common:aio_do_parse:749 - No valid PDF or image files to process.
2026-05-06 07:38:25.673 | INFO     | mineru.cli.client:run_planned_task:807 - Completed batch 1/1 | Processed 1/1 page | 1 of 1 batch finished | task#1 [PT9L--Attachment 7 03 Verification of risk control measure and residual risk evaluation report PT9L-FXYS01  V1.0]
2026-05-06 07:38:25.702 | WARNING  | mineru.cli.client:log_visualization_future_result:390 - Skipping visualization for PT9L--Attachment 7 03 Verification of risk control measure and residual risk evaluation report PT9L-FXYS01  V1.0: missing origin.pdf: PT9L--Attachment 7 03 Verification of risk control measure and residual risk evaluation report PT9L-FXYS01  V1.0_origin.pdf
INFO:     Shutting down
INFO:     Waiting for application shutdown.
INFO:     Application shutdown complete.
INFO:     Finished server process [2786736]

2026-05-06 07:38:44.160 | INFO     | mineru.cli.client:run_orchestrated_cli:874 - Started local mineru-api at http://127.0.0.1:43833
2026-05-06 07:38:48.113 | INFO     | __main__:create_app:260 - Request concurrency limited to 3
INFO:     Started server process [2786916]
INFO:     Waiting for application startup.
INFO:     Application startup complete.
INFO:     Uvicorn running on http://127.0.0.1:43833 (Press CTRL+C to quit)
2026-05-06 07:38:49.200 | INFO     | mineru.cli.client:run_planned_task:771 - Submitting batch 1/1 | 1 document, 1 page in this batch | 1 page total | task#1 [PT9L--Attachment 7 04 Risk Management Report PT9L-FXGB01  V1.0]
2026-05-06 07:38:51.029 | WARNING  | mineru.cli.common:aio_do_parse:749 - No valid PDF or image files to process.
2026-05-06 07:38:51.077 | INFO     | mineru.cli.client:run_planned_task:807 - Completed batch 1/1 | Processed 1/1 page | 1 of 1 batch finished | task#1 [PT9L--Attachment 7 04 Risk Management Report PT9L-FXGB01  V1.0]
2026-05-06 07:38:51.112 | WARNING  | mineru.cli.client:log_visualization_future_result:390 - Skipping visualization for PT9L--Attachment 7 04 Risk Management Report PT9L-FXGB01  V1.0: missing origin.pdf: PT9L--Attachment 7 04 Risk Management Report PT9L-FXGB01  V1.0_origin.pdf
INFO:     Shutting down
INFO:     Waiting for application shutdown.
INFO:     Application shutdown complete.
INFO:     Finished server process [2786916]

2026-05-06 07:39:10.893 | INFO     | mineru.cli.client:run_orchestrated_cli:874 - Started local mineru-api at http://127.0.0.1:36227
2026-05-06 07:39:14.737 | INFO     | __main__:create_app:260 - Request concurrency limited to 3
INFO:     Started server process [2787106]
INFO:     Waiting for application startup.
INFO:     Application startup complete.
INFO:     Uvicorn running on http://127.0.0.1:36227 (Press CTRL+C to quit)
2026-05-06 07:39:14.926 | INFO     | mineru.cli.client:run_planned_task:771 - Submitting batch 1/1 | 1 document, 1 page in this batch | 1 page total | task#1 [设计验证报告-通用要求和法规部分]
2026-05-06 07:39:15.890 | WARNING  | mineru.cli.common:aio_do_parse:749 - No valid PDF or image files to process.
2026-05-06 07:39:16.104 | INFO     | mineru.cli.client:run_planned_task:807 - Completed batch 1/1 | Processed 1/1 page | 1 of 1 batch finished | task#1 [设计验证报告-通用要求和法规部分]
2026-05-06 07:39:16.132 | WARNING  | mineru.cli.client:log_visualization_future_result:390 - Skipping visualization for 设计验证报告-通用要求和法规部分: missing origin.pdf: 设计验证报告-通用要求和法规部分_origin.pdf
INFO:     Shutting down
INFO:     Waiting for application shutdown.
INFO:     Application shutdown complete.
INFO:     Finished server process [2787106]

2026-05-06 07:39:34.397 | INFO     | mineru.cli.client:run_orchestrated_cli:874 - Started local mineru-api at http://127.0.0.1:47781
2026-05-06 07:39:37.670 | INFO     | __main__:create_app:260 - Request concurrency limited to 3
INFO:     Started server process [2787288]
INFO:     Waiting for application startup.
INFO:     Application startup complete.
INFO:     Uvicorn running on http://127.0.0.1:47781 (Press CTRL+C to quit)
2026-05-06 07:39:38.432 | INFO     | mineru.cli.client:run_planned_task:771 - Submitting batch 1/1 | 1 document, 1 page in this batch | 1 page total | task#1 [设计验证报告封皮-设计确认阶段]
2026-05-06 07:39:38.819 | WARNING  | mineru.cli.common:aio_do_parse:749 - No valid PDF or image files to process.
2026-05-06 07:39:39.619 | INFO     | mineru.cli.client:run_planned_task:807 - Completed batch 1/1 | Processed 1/1 page | 1 of 1 batch finished | task#1 [设计验证报告封皮-设计确认阶段]
2026-05-06 07:39:39.647 | WARNING  | mineru.cli.client:log_visualization_future_result:390 - Skipping visualization for 设计验证报告封皮-设计确认阶段: missing origin.pdf: 设计验证报告封皮-设计确认阶段_origin.pdf
INFO:     Shutting down
INFO:     Waiting for application shutdown.
INFO:     Application shutdown complete.
INFO:     Finished server process [2787288]

2026-05-06 07:39:58.158 | INFO     | mineru.cli.client:run_orchestrated_cli:874 - Started local mineru-api at http://127.0.0.1:51127
2026-05-06 07:40:02.118 | INFO     | __main__:create_app:260 - Request concurrency limited to 3
INFO:     Started server process [2787475]
INFO:     Waiting for application startup.
INFO:     Application startup complete.
INFO:     Uvicorn running on http://127.0.0.1:51127 (Press CTRL+C to quit)
2026-05-06 07:40:03.195 | INFO     | mineru.cli.client:run_planned_task:771 - Submitting batch 1/1 | 1 document, 1 page in this batch | 1 page total | task#1 [设计确认计划]
2026-05-06 07:40:03.433 | WARNING  | mineru.cli.common:aio_do_parse:749 - No valid PDF or image files to process.
2026-05-06 07:40:04.353 | INFO     | mineru.cli.client:run_planned_task:807 - Completed batch 1/1 | Processed 1/1 page | 1 of 1 batch finished | task#1 [设计确认计划]
2026-05-06 07:40:04.384 | WARNING  | mineru.cli.client:log_visualization_future_result:390 - Skipping visualization for 设计确认计划: missing origin.pdf: 设计确认计划_origin.pdf
INFO:     Shutting down
INFO:     Waiting for application shutdown.
INFO:     Application shutdown complete.
INFO:     Finished server process [2787475]

2026-05-06 07:40:22.876 | INFO     | mineru.cli.client:run_orchestrated_cli:874 - Started local mineru-api at http://127.0.0.1:38057
2026-05-06 07:40:26.534 | INFO     | __main__:create_app:260 - Request concurrency limited to 3
INFO:     Started server process [2787729]
INFO:     Waiting for application startup.
INFO:     Application startup complete.
INFO:     Uvicorn running on http://127.0.0.1:38057 (Press CTRL+C to quit)
2026-05-06 07:40:26.918 | INFO     | mineru.cli.client:run_planned_task:771 - Submitting batch 1/1 | 1 document, 1 page in this batch | 1 page total | task#1 [设计确认计划封皮]
2026-05-06 07:40:27.304 | WARNING  | mineru.cli.common:aio_do_parse:749 - No valid PDF or image files to process.
2026-05-06 07:40:28.075 | INFO     | mineru.cli.client:run_planned_task:807 - Completed batch 1/1 | Processed 1/1 page | 1 of 1 batch finished | task#1 [设计确认计划封皮]
2026-05-06 07:40:28.102 | WARNING  | mineru.cli.client:log_visualization_future_result:390 - Skipping visualization for 设计确认计划封皮: missing origin.pdf: 设计确认计划封皮_origin.pdf
INFO:     Shutting down
INFO:     Waiting for application shutdown.
INFO:     Application shutdown complete.
INFO:     Finished server process [2787729]

2026-05-06 07:40:46.454 | INFO     | mineru.cli.client:run_orchestrated_cli:874 - Started local mineru-api at http://127.0.0.1:47879
2026-05-06 07:40:50.856 | INFO     | __main__:create_app:260 - Request concurrency limited to 3
INFO:     Started server process [2787899]
INFO:     Waiting for application startup.
INFO:     Application startup complete.
INFO:     Uvicorn running on http://127.0.0.1:47879 (Press CTRL+C to quit)
2026-05-06 07:40:51.491 | INFO     | mineru.cli.client:run_planned_task:771 - Submitting batch 1/1 | 1 document, 1 page in this batch | 1 page total | task#1 [12-设计确认计划评审表E0]
2026-05-06 07:40:52.050 | WARNING  | mineru.cli.common:aio_do_parse:749 - No valid PDF or image files to process.
2026-05-06 07:40:52.671 | INFO     | mineru.cli.client:run_planned_task:807 - Completed batch 1/1 | Processed 1/1 page | 1 of 1 batch finished | task#1 [12-设计确认计划评审表E0]
2026-05-06 07:40:52.701 | WARNING  | mineru.cli.client:log_visualization_future_result:390 - Skipping visualization for 12-设计确认计划评审表E0: missing origin.pdf: 12-设计确认计划评审表E0_origin.pdf
INFO:     Shutting down
INFO:     Waiting for application shutdown.
INFO:     Application shutdown complete.
INFO:     Finished server process [2787899]

2026-05-06 07:41:10.845 | INFO     | mineru.cli.client:run_orchestrated_cli:874 - Started local mineru-api at http://127.0.0.1:54897
2026-05-06 07:41:14.267 | INFO     | __main__:create_app:260 - Request concurrency limited to 3
INFO:     Started server process [2788115]
INFO:     Waiting for application startup.
INFO:     Application startup complete.
INFO:     Uvicorn running on http://127.0.0.1:54897 (Press CTRL+C to quit)
2026-05-06 07:41:14.878 | INFO     | mineru.cli.client:run_planned_task:771 - Submitting batch 1/1 | 1 document, 1 page in this batch | 1 page total | task#1 [设计确认报告E0]
2026-05-06 07:41:15.063 | WARNING  | mineru.cli.common:aio_do_parse:749 - No valid PDF or image files to process.
2026-05-06 07:41:16.040 | INFO     | mineru.cli.client:run_planned_task:807 - Completed batch 1/1 | Processed 1/1 page | 1 of 1 batch finished | task#1 [设计确认报告E0]
2026-05-06 07:41:16.068 | WARNING  | mineru.cli.client:log_visualization_future_result:390 - Skipping visualization for 设计确认报告E0: missing origin.pdf: 设计确认报告E0_origin.pdf
INFO:     Shutting down
INFO:     Waiting for application shutdown.
INFO:     Application shutdown complete.
INFO:     Finished server process [2788115]

2026-05-06 07:41:33.341 | INFO     | mineru.cli.client:run_orchestrated_cli:874 - Started local mineru-api at http://127.0.0.1:49361
2026-05-06 07:41:36.778 | INFO     | __main__:create_app:260 - Request concurrency limited to 3
INFO:     Started server process [2788287]
INFO:     Waiting for application startup.
INFO:     Application startup complete.
INFO:     Uvicorn running on http://127.0.0.1:49361 (Press CTRL+C to quit)
2026-05-06 07:41:37.374 | INFO     | mineru.cli.client:run_planned_task:771 - Submitting batch 1/1 | 1 document, 1 page in this batch | 1 page total | task#1 [设计确认报告封皮E0]
2026-05-06 07:41:37.739 | WARNING  | mineru.cli.common:aio_do_parse:749 - No valid PDF or image files to process.
2026-05-06 07:41:38.537 | INFO     | mineru.cli.client:run_planned_task:807 - Completed batch 1/1 | Processed 1/1 page | 1 of 1 batch finished | task#1 [设计确认报告封皮E0]
2026-05-06 07:41:38.568 | WARNING  | mineru.cli.client:log_visualization_future_result:390 - Skipping visualization for 设计确认报告封皮E0: missing origin.pdf: 设计确认报告封皮E0_origin.pdf
INFO:     Shutting down
INFO:     Waiting for application shutdown.
INFO:     Application shutdown complete.
INFO:     Finished server process [2788287]

2026-05-06 07:41:56.645 | INFO     | mineru.cli.client:run_orchestrated_cli:874 - Started local mineru-api at http://127.0.0.1:54453
2026-05-06 07:42:00.194 | INFO     | __main__:create_app:260 - Request concurrency limited to 3
INFO:     Started server process [2788472]
INFO:     Waiting for application startup.
INFO:     Application startup complete.
INFO:     Uvicorn running on http://127.0.0.1:54453 (Press CTRL+C to quit)
2026-05-06 07:42:00.678 | INFO     | mineru.cli.client:run_planned_task:771 - Submitting batch 1/1 | 1 document, 1 page in this batch | 1 page total | task#1 [14-设计评审计划表-设计确认E0]
2026-05-06 07:42:01.188 | WARNING  | mineru.cli.common:aio_do_parse:749 - No valid PDF or image files to process.
2026-05-06 07:42:01.836 | INFO     | mineru.cli.client:run_planned_task:807 - Completed batch 1/1 | Processed 1/1 page | 1 of 1 batch finished | task#1 [14-设计评审计划表-设计确认E0]
2026-05-06 07:42:01.867 | WARNING  | mineru.cli.client:log_visualization_future_result:390 - Skipping visualization for 14-设计评审计划表-设计确认E0: missing origin.pdf: 14-设计评审计划表-设计确认E0_origin.pdf
INFO:     Shutting down
INFO:     Waiting for application shutdown.
INFO:     Application shutdown complete.
INFO:     Finished server process [2788472]

2026-05-06 07:42:20.267 | INFO     | mineru.cli.client:run_orchestrated_cli:874 - Started local mineru-api at http://127.0.0.1:49113
2026-05-06 07:42:24.039 | INFO     | __main__:create_app:260 - Request concurrency limited to 3
INFO:     Started server process [2788641]
INFO:     Waiting for application startup.
INFO:     Application startup complete.
INFO:     Uvicorn running on http://127.0.0.1:49113 (Press CTRL+C to quit)
2026-05-06 07:42:24.310 | INFO     | mineru.cli.client:run_planned_task:771 - Submitting batch 1/1 | 1 document, 1 page in this batch | 1 page total | task#1 [15-设计确认评审记录]
2026-05-06 07:42:24.875 | WARNING  | mineru.cli.common:aio_do_parse:749 - No valid PDF or image files to process.
2026-05-06 07:42:25.463 | INFO     | mineru.cli.client:run_planned_task:807 - Completed batch 1/1 | Processed 1/1 page | 1 of 1 batch finished | task#1 [15-设计确认评审记录]
2026-05-06 07:42:25.494 | WARNING  | mineru.cli.client:log_visualization_future_result:390 - Skipping visualization for 15-设计确认评审记录: missing origin.pdf: 15-设计确认评审记录_origin.pdf
INFO:     Shutting down
INFO:     Waiting for application shutdown.
INFO:     Application shutdown complete.
INFO:     Finished server process [2788641]

2026-05-06 07:42:43.185 | INFO     | mineru.cli.client:run_orchestrated_cli:874 - Started local mineru-api at http://127.0.0.1:50997
2026-05-06 07:42:46.799 | INFO     | __main__:create_app:260 - Request concurrency limited to 3
INFO:     Started server process [2788835]
INFO:     Waiting for application startup.
INFO:     Application startup complete.
INFO:     Uvicorn running on http://127.0.0.1:50997 (Press CTRL+C to quit)
2026-05-06 07:42:47.218 | INFO     | mineru.cli.client:run_planned_task:771 - Submitting batch 1/1 | 1 document, 30 pages in this batch | 30 pages total | task#1 [2024-08-15 TX202303-07-078-01 PT9L EMC  型式试验报告英文]
2026-05-06 07:42:55.762 | INFO     | mineru.utils.engine_utils:get_vlm_engine:34 - Using vllm-async-engine as the inference engine for VLM.
2026-05-06 07:43:17.597 | INFO     | mineru.backend.vlm.utils:enable_custom_logits_processors:56 - compute_capability: 8.0 >= 8.0 and vllm version: 0.11.2 >= 0.10.1, enable custom_logits_processors
[1;36m(EngineCore_DP0 pid=2788980)[0;0m The image processor of type `Qwen2VLImageProcessor` is now loaded as a fast processor by default, even if the model checkpoint was saved with a slow processor. This is a breaking change and may produce slightly different outputs. To continue using the slow processor, instantiate this class with `use_fast=False`. Note that this behavior will be extended to all models in a future release.
[1;36m(EngineCore_DP0 pid=2788980)[0;0m /home/s2025244189/miniconda3/envs/mineru/lib/python3.10/site-packages/tvm_ffi/_optional_torch_c_dlpack.py:181: UserWarning: Failed to JIT torch c dlpack extension, EnvTensorAllocator will not be enabled.
[1;36m(EngineCore_DP0 pid=2788980)[0;0m We recommend installing via `pip install torch-c-dlpack-ext`
[1;36m(EngineCore_DP0 pid=2788980)[0;0m   warnings.warn(
[1;36m(EngineCore_DP0 pid=2788980)[0;0m 
Loading safetensors checkpoint shards:   0% Completed | 0/1 [00:00<?, ?it/s]
[1;36m(EngineCore_DP0 pid=2788980)[0;0m 
Loading safetensors checkpoint shards: 100% Completed | 1/1 [00:01<00:00,  1.27s/it]
[1;36m(EngineCore_DP0 pid=2788980)[0;0m 
Loading safetensors checkpoint shards: 100% Completed | 1/1 [00:01<00:00,  1.27s/it]
[1;36m(EngineCore_DP0 pid=2788980)[0;0m 
[1;36m(EngineCore_DP0 pid=2788980)[0;0m 
Capturing CUDA graphs (mixed prefill-decode, PIECEWISE):   0%|          | 0/35 [00:00<?, ?it/s]
Capturing CUDA graphs (mixed prefill-decode, PIECEWISE):   9%|▊         | 3/35 [00:00<00:01, 26.90it/s]
Capturing CUDA graphs (mixed prefill-decode, PIECEWISE):  17%|█▋        | 6/35 [00:00<00:01, 27.50it/s]
Capturing CUDA graphs (mixed prefill-decode, PIECEWISE):  26%|██▌       | 9/35 [00:00<00:00, 27.71it/s]
Capturing CUDA graphs (mixed prefill-decode, PIECEWISE):  34%|███▍      | 12/35 [00:00<00:00, 27.54it/s]
Capturing CUDA graphs (mixed prefill-decode, PIECEWISE):  43%|████▎     | 15/35 [00:00<00:00, 27.31it/s]
Capturing CUDA graphs (mixed prefill-decode, PIECEWISE):  51%|█████▏    | 18/35 [00:00<00:00, 27.52it/s]
Capturing CUDA graphs (mixed prefill-decode, PIECEWISE):  60%|██████    | 21/35 [00:00<00:00, 27.57it/s]
Capturing CUDA graphs (mixed prefill-decode, PIECEWISE):  69%|██████▊   | 24/35 [00:00<00:00, 27.24it/s]
Capturing CUDA graphs (mixed prefill-decode, PIECEWISE):  77%|███████▋  | 27/35 [00:00<00:00, 27.21it/s]
Capturing CUDA graphs (mixed prefill-decode, PIECEWISE):  86%|████████▌ | 30/35 [00:01<00:00, 24.38it/s]
Capturing CUDA graphs (mixed prefill-decode, PIECEWISE):  94%|█████████▍| 33/35 [00:01<00:00, 25.51it/s]
Capturing CUDA graphs (mixed prefill-decode, PIECEWISE): 100%|██████████| 35/35 [00:01<00:00, 26.60it/s]
[1;36m(EngineCore_DP0 pid=2788980)[0;0m 
Capturing CUDA graphs (decode, FULL):   0%|          | 0/19 [00:00<?, ?it/s]
Capturing CUDA graphs (decode, FULL):  16%|█▌        | 3/19 [00:00<00:00, 29.33it/s]
Capturing CUDA graphs (decode, FULL):  32%|███▏      | 6/19 [00:00<00:00, 28.89it/s]
Capturing CUDA graphs (decode, FULL):  47%|████▋     | 9/19 [00:00<00:00, 28.68it/s]
Capturing CUDA graphs (decode, FULL):  63%|██████▎   | 12/19 [00:00<00:00, 28.37it/s]
Capturing CUDA graphs (decode, FULL):  79%|███████▉  | 15/19 [00:00<00:00, 28.08it/s]
Capturing CUDA graphs (decode, FULL):  95%|█████████▍| 18/19 [00:00<00:00, 28.26it/s]
Capturing CUDA graphs (decode, FULL): 100%|██████████| 19/19 [00:00<00:00, 28.46it/s]
2026-05-06 07:44:16.660 | INFO     | mineru.backend.vlm.vlm_analyze:get_model:251 - get vllm-async-engine predictor cost: 63.99s
2026-05-06 07:44:16.779 | INFO     | mineru.backend.hybrid.hybrid_analyze:aio_doc_analyze:706 - Hybrid processing-window run. page_count=30, window_size=64, total_windows=1
2026-05-06 07:44:16.816 | INFO     | mineru.backend.hybrid.hybrid_analyze:get_batch_ratio:515 - hybrid batch ratio (auto, vram=79GB): 16
2026-05-06 07:44:24.875 | INFO     | mineru.backend.hybrid.hybrid_analyze:aio_doc_analyze:727 - Hybrid processing window 1/1: pages 1-30/30 (30 pages)

Two Step Extraction:   0%|          | 0/30 [00:00<?, ?it/s]The image processor of type `Qwen2VLImageProcessor` is now loaded as a fast processor by default, even if the model checkpoint was saved with a slow processor. This is a breaking change and may produce slightly different outputs. To continue using the slow processor, instantiate this class with `use_fast=False`. Note that this behavior will be extended to all models in a future release.

Two Step Extraction:   3%|▎         | 1/30 [00:12<05:49, 12.04s/it]
Two Step Extraction:   7%|▋         | 2/30 [00:18<04:02,  8.66s/it]
Two Step Extraction:  53%|█████▎    | 16/30 [00:21<00:12,  1.12it/s]
Two Step Extraction:  60%|██████    | 18/30 [00:22<00:09,  1.20it/s]
Two Step Extraction:  93%|█████████▎| 28/30 [00:22<00:00,  2.44it/s]
Two Step Extraction: 100%|██████████| 30/30 [00:23<00:00,  2.51it/s]
Two Step Extraction: 100%|██████████| 30/30 [00:23<00:00,  1.27it/s]

Layout Predict:   0%|          | 0/30 [00:00<?, ?it/s]
Layout Predict:  27%|██▋       | 8/30 [00:03<00:09,  2.35it/s]
Layout Predict:  53%|█████▎    | 16/30 [00:03<00:02,  4.67it/s]
Layout Predict:  80%|████████  | 24/30 [00:04<00:00,  7.16it/s]
Layout Predict: 100%|██████████| 30/30 [00:04<00:00,  9.03it/s]
Layout Predict: 100%|██████████| 30/30 [00:04<00:00,  6.45it/s]

MFR Predict:   0%|          | 0/1 [00:00<?, ?it/s]
MFR Predict: 100%|██████████| 1/1 [00:02<00:00,  2.14s/it]
MFR Predict: 100%|██████████| 1/1 [00:02<00:00,  2.14s/it]

OCR-det:   0%|          | 0/36 [00:00<?, ?it/s]
OCR-det:   3%|▎         | 1/36 [00:00<00:14,  2.41it/s]
OCR-det:   8%|▊         | 3/36 [00:00<00:05,  6.23it/s]
OCR-det:  11%|█         | 4/36 [00:00<00:04,  6.92it/s]
OCR-det:  19%|█▉        | 7/36 [00:00<00:02, 10.91it/s]
OCR-det:  25%|██▌       | 9/36 [00:01<00:02, 10.95it/s]
OCR-det:  31%|███       | 11/36 [00:01<00:02, 11.99it/s]
OCR-det:  39%|███▉      | 14/36 [00:01<00:01, 13.28it/s]
OCR-det:  47%|████▋     | 17/36 [00:01<00:01, 16.34it/s]
OCR-det:  53%|█████▎    | 19/36 [00:01<00:01, 16.39it/s]
OCR-det:  61%|██████    | 22/36 [00:01<00:00, 18.79it/s]
OCR-det:  67%|██████▋   | 24/36 [00:01<00:00, 16.90it/s]
OCR-det:  72%|███████▏  | 26/36 [00:01<00:00, 17.31it/s]
OCR-det:  81%|████████  | 29/36 [00:02<00:00, 19.34it/s]
OCR-det:  89%|████████▉ | 32/36 [00:02<00:00, 20.17it/s]
OCR-det:  97%|█████████▋| 35/36 [00:02<00:00, 21.62it/s]
OCR-det: 100%|██████████| 36/36 [00:02<00:00, 15.16it/s]

Processing pages:   0%|          | 0/30 [00:00<?, ?it/s]
Processing pages:   7%|▋         | 2/30 [00:00<00:01, 16.50it/s]
Processing pages:  13%|█▎        | 4/30 [00:00<00:01, 17.50it/s]
Processing pages:  20%|██        | 6/30 [00:00<00:01, 15.71it/s]
Processing pages:  27%|██▋       | 8/30 [00:00<00:01, 14.84it/s]
Processing pages:  33%|███▎      | 10/30 [00:00<00:01, 15.38it/s]
Processing pages:  40%|████      | 12/30 [00:00<00:01, 14.16it/s]
Processing pages:  47%|████▋     | 14/30 [00:00<00:01, 13.12it/s]
Processing pages:  53%|█████▎    | 16/30 [00:01<00:01, 12.87it/s]
Processing pages:  60%|██████    | 18/30 [00:01<00:00, 12.71it/s]
Processing pages:  67%|██████▋   | 20/30 [00:02<00:01,  5.46it/s]
Processing pages:  73%|███████▎  | 22/30 [00:02<00:01,  6.69it/s]
Processing pages:  80%|████████  | 24/30 [00:02<00:00,  7.63it/s]
Processing pages:  87%|████████▋ | 26/30 [00:02<00:00,  8.45it/s]
Processing pages:  93%|█████████▎| 28/30 [00:02<00:00,  9.67it/s]
Processing pages: 100%|██████████| 30/30 [00:02<00:00, 10.34it/s]

OCR-rec Predict:   0%|          | 0/18 [00:00<?, ?it/s]
OCR-rec Predict: 100%|██████████| 18/18 [00:00<00:00, 242.38it/s]
2026-05-06 07:45:10.179 | INFO     | mineru.cli.client:run_planned_task:807 - Completed batch 1/1 | Processed 30/30 pages | 1 of 1 batch finished | task#1 [2024-08-15 TX202303-07-078-01 PT9L EMC  型式试验报告英文]
INFO:     Shutting down
[rank0]:[W506 07:45:20.719271813 ProcessGroupNCCL.cpp:1524] Warning: WARNING: destroy_process_group() was not called before program exit, which can leak resources. For more info, please see https://pytorch.org/docs/stable/distributed.html#shutdown (function operator())
INFO:     Waiting for application shutdown.
INFO:     Application shutdown complete.
INFO:     Finished server process [2788835]

2026-05-06 07:45:35.482 | INFO     | mineru.cli.client:run_orchestrated_cli:874 - Started local mineru-api at http://127.0.0.1:60209
2026-05-06 07:45:39.615 | INFO     | __main__:create_app:260 - Request concurrency limited to 3
INFO:     Started server process [2789554]
INFO:     Waiting for application startup.
INFO:     Application startup complete.
INFO:     Uvicorn running on http://127.0.0.1:60209 (Press CTRL+C to quit)
2026-05-06 07:45:40.521 | INFO     | mineru.cli.client:run_planned_task:771 - Submitting batch 1/1 | 1 document, 182 pages in this batch | 182 pages total | task#1 [2025.02.12 ETX202303-07-078-02 PT9L 安规报告-正式]
2026-05-06 07:45:46.210 | INFO     | mineru.utils.engine_utils:get_vlm_engine:34 - Using vllm-async-engine as the inference engine for VLM.
2026-05-06 07:45:59.093 | INFO     | mineru.backend.vlm.utils:enable_custom_logits_processors:56 - compute_capability: 8.0 >= 8.0 and vllm version: 0.11.2 >= 0.10.1, enable custom_logits_processors
[1;36m(EngineCore_DP0 pid=2789716)[0;0m The image processor of type `Qwen2VLImageProcessor` is now loaded as a fast processor by default, even if the model checkpoint was saved with a slow processor. This is a breaking change and may produce slightly different outputs. To continue using the slow processor, instantiate this class with `use_fast=False`. Note that this behavior will be extended to all models in a future release.
[1;36m(EngineCore_DP0 pid=2789716)[0;0m /home/s2025244189/miniconda3/envs/mineru/lib/python3.10/site-packages/tvm_ffi/_optional_torch_c_dlpack.py:181: UserWarning: Failed to JIT torch c dlpack extension, EnvTensorAllocator will not be enabled.
[1;36m(EngineCore_DP0 pid=2789716)[0;0m We recommend installing via `pip install torch-c-dlpack-ext`
[1;36m(EngineCore_DP0 pid=2789716)[0;0m   warnings.warn(
[1;36m(EngineCore_DP0 pid=2789716)[0;0m 
Loading safetensors checkpoint shards:   0% Completed | 0/1 [00:00<?, ?it/s]
[1;36m(EngineCore_DP0 pid=2789716)[0;0m 
Loading safetensors checkpoint shards: 100% Completed | 1/1 [00:01<00:00,  1.66s/it]
[1;36m(EngineCore_DP0 pid=2789716)[0;0m 
Loading safetensors checkpoint shards: 100% Completed | 1/1 [00:01<00:00,  1.66s/it]
[1;36m(EngineCore_DP0 pid=2789716)[0;0m 
[1;36m(EngineCore_DP0 pid=2789716)[0;0m 
Capturing CUDA graphs (mixed prefill-decode, PIECEWISE):   0%|          | 0/35 [00:00<?, ?it/s]
Capturing CUDA graphs (mixed prefill-decode, PIECEWISE):   9%|▊         | 3/35 [00:00<00:01, 25.61it/s]
Capturing CUDA graphs (mixed prefill-decode, PIECEWISE):  17%|█▋        | 6/35 [00:00<00:01, 26.16it/s]
Capturing CUDA graphs (mixed prefill-decode, PIECEWISE):  26%|██▌       | 9/35 [00:00<00:01, 25.99it/s]
Capturing CUDA graphs (mixed prefill-decode, PIECEWISE):  34%|███▍      | 12/35 [00:00<00:00, 25.11it/s]
Capturing CUDA graphs (mixed prefill-decode, PIECEWISE):  43%|████▎     | 15/35 [00:00<00:00, 25.04it/s]
Capturing CUDA graphs (mixed prefill-decode, PIECEWISE):  51%|█████▏    | 18/35 [00:00<00:00, 23.94it/s]
Capturing CUDA graphs (mixed prefill-decode, PIECEWISE):  60%|██████    | 21/35 [00:00<00:00, 22.57it/s]
Capturing CUDA graphs (mixed prefill-decode, PIECEWISE):  69%|██████▊   | 24/35 [00:00<00:00, 23.15it/s]
Capturing CUDA graphs (mixed prefill-decode, PIECEWISE):  77%|███████▋  | 27/35 [00:01<00:00, 23.72it/s]
Capturing CUDA graphs (mixed prefill-decode, PIECEWISE):  86%|████████▌ | 30/35 [00:01<00:00, 21.69it/s]
Capturing CUDA graphs (mixed prefill-decode, PIECEWISE):  94%|█████████▍| 33/35 [00:01<00:00, 22.50it/s]
Capturing CUDA graphs (mixed prefill-decode, PIECEWISE): 100%|██████████| 35/35 [00:01<00:00, 23.57it/s]
[1;36m(EngineCore_DP0 pid=2789716)[0;0m 
Capturing CUDA graphs (decode, FULL):   0%|          | 0/19 [00:00<?, ?it/s]
Capturing CUDA graphs (decode, FULL):  16%|█▌        | 3/19 [00:00<00:00, 26.53it/s]
Capturing CUDA graphs (decode, FULL):  32%|███▏      | 6/19 [00:00<00:00, 26.30it/s]
Capturing CUDA graphs (decode, FULL):  47%|████▋     | 9/19 [00:00<00:00, 25.97it/s]
Capturing CUDA graphs (decode, FULL):  63%|██████▎   | 12/19 [00:00<00:00, 26.21it/s]
Capturing CUDA graphs (decode, FULL):  79%|███████▉  | 15/19 [00:00<00:00, 26.10it/s]
Capturing CUDA graphs (decode, FULL):  95%|█████████▍| 18/19 [00:00<00:00, 26.90it/s]
Capturing CUDA graphs (decode, FULL): 100%|██████████| 19/19 [00:00<00:00, 26.56it/s]
2026-05-06 07:46:57.631 | INFO     | mineru.backend.vlm.vlm_analyze:get_model:251 - get vllm-async-engine predictor cost: 61.98s
2026-05-06 07:46:58.532 | INFO     | mineru.backend.hybrid.hybrid_analyze:aio_doc_analyze:706 - Hybrid processing-window run. page_count=182, window_size=64, total_windows=3
2026-05-06 07:46:58.569 | INFO     | mineru.backend.hybrid.hybrid_analyze:get_batch_ratio:515 - hybrid batch ratio (auto, vram=79GB): 16
2026-05-06 07:47:09.676 | INFO     | mineru.backend.hybrid.hybrid_analyze:aio_doc_analyze:727 - Hybrid processing window 1/3: pages 1-64/182 (64 pages)

Two Step Extraction:   0%|          | 0/64 [00:00<?, ?it/s]The image processor of type `Qwen2VLImageProcessor` is now loaded as a fast processor by default, even if the model checkpoint was saved with a slow processor. This is a breaking change and may produce slightly different outputs. To continue using the slow processor, instantiate this class with `use_fast=False`. Note that this behavior will be extended to all models in a future release.

Two Step Extraction:   2%|▏         | 1/64 [00:24<25:46, 24.55s/it]
Two Step Extraction:   3%|▎         | 2/64 [00:25<10:48, 10.46s/it]
Two Step Extraction:   5%|▍         | 3/64 [00:26<06:33,  6.46s/it]
Two Step Extraction:   6%|▋         | 4/64 [00:27<04:07,  4.13s/it]
Two Step Extraction:   8%|▊         | 5/64 [00:27<02:44,  2.79s/it]
Two Step Extraction:   9%|▉         | 6/64 [00:28<01:51,  1.92s/it]
Two Step Extraction:  11%|█         | 7/64 [00:29<01:31,  1.61s/it]
Two Step Extraction:  12%|█▎        | 8/64 [00:29<01:05,  1.16s/it]
Two Step Extraction:  14%|█▍        | 9/64 [00:29<00:46,  1.18it/s]
Two Step Extraction:  17%|█▋        | 11/64 [00:29<00:25,  2.05it/s]
Two Step Extraction:  19%|█▉        | 12/64 [00:29<00:24,  2.15it/s]
Two Step Extraction:  22%|██▏       | 14/64 [00:30<00:14,  3.36it/s]
Two Step Extraction:  25%|██▌       | 16/64 [00:30<00:10,  4.39it/s]
Two Step Extraction:  27%|██▋       | 17/64 [00:30<00:10,  4.58it/s]
Two Step Extraction:  33%|███▎      | 21/64 [00:30<00:05,  8.36it/s]
Two Step Extraction:  36%|███▌      | 23/64 [00:30<00:04,  9.26it/s]
Two Step Extraction:  41%|████      | 26/64 [00:30<00:03, 12.49it/s]
Two Step Extraction:  48%|████▊     | 31/64 [00:31<00:01, 17.51it/s]
Two Step Extraction:  55%|█████▍    | 35/64 [00:31<00:01, 20.28it/s]
Two Step Extraction:  59%|█████▉    | 38/64 [00:31<00:01, 17.81it/s]
Two Step Extraction:  69%|██████▉   | 44/64 [00:31<00:00, 24.70it/s]
Two Step Extraction:  75%|███████▌  | 48/64 [00:31<00:00, 27.66it/s]
Two Step Extraction:  81%|████████▏ | 52/64 [00:31<00:00, 28.30it/s]
Two Step Extraction:  91%|█████████ | 58/64 [00:31<00:00, 30.83it/s]
Two Step Extraction:  97%|█████████▋| 62/64 [00:32<00:00, 28.07it/s]
Two Step Extraction: 100%|██████████| 64/64 [00:32<00:00,  1.98it/s]

Layout Predict:   0%|          | 0/64 [00:00<?, ?it/s]
Layout Predict:  12%|█▎        | 8/64 [00:03<00:23,  2.34it/s]
Layout Predict:  25%|██▌       | 16/64 [00:03<00:10,  4.67it/s]
Layout Predict:  38%|███▊      | 24/64 [00:04<00:05,  7.12it/s]
Layout Predict:  50%|█████     | 32/64 [00:04<00:03,  9.55it/s]
Layout Predict:  62%|██████▎   | 40/64 [00:05<00:02, 11.83it/s]
Layout Predict:  75%|███████▌  | 48/64 [00:05<00:01, 13.92it/s]
Layout Predict:  88%|████████▊ | 56/64 [00:05<00:00, 15.49it/s]
Layout Predict: 100%|██████████| 64/64 [00:06<00:00, 16.79it/s]
Layout Predict: 100%|██████████| 64/64 [00:06<00:00, 10.14it/s]

OCR-det:   0%|          | 0/18 [00:00<?, ?it/s]
OCR-det:   6%|▌         | 1/18 [00:00<00:02,  6.39it/s]
OCR-det:  17%|█▋        | 3/18 [00:00<00:01,  8.64it/s]
OCR-det:  39%|███▉      | 7/18 [00:00<00:00, 17.50it/s]
OCR-det:  61%|██████    | 11/18 [00:00<00:00, 24.14it/s]
OCR-det:  89%|████████▉ | 16/18 [00:00<00:00, 31.17it/s]
OCR-det: 100%|██████████| 18/18 [00:00<00:00, 22.93it/s]

Processing pages:   0%|          | 0/182 [00:00<?, ?it/s]
Processing pages:   1%|          | 2/182 [00:00<00:12, 14.34it/s]
Processing pages:   2%|▏         | 4/182 [00:00<00:11, 16.15it/s]
Processing pages:   4%|▍         | 7/182 [00:00<00:10, 16.37it/s]
Processing pages:   5%|▍         | 9/182 [00:00<00:13, 13.16it/s]
Processing pages:   6%|▌         | 11/182 [00:01<00:33,  5.17it/s]
Processing pages:   7%|▋         | 12/182 [00:01<00:30,  5.60it/s]
Processing pages:   7%|▋         | 13/182 [00:01<00:27,  6.16it/s]
Processing pages:   8%|▊         | 14/182 [00:01<00:25,  6.62it/s]
Processing pages:   8%|▊         | 15/182 [00:01<00:23,  7.13it/s]
Processing pages:   9%|▉         | 16/182 [00:02<00:22,  7.53it/s]
Processing pages:   9%|▉         | 17/182 [00:02<00:21,  7.71it/s]
Processing pages:  10%|▉         | 18/182 [00:02<00:20,  8.01it/s]
Processing pages:  10%|█         | 19/182 [00:02<00:19,  8.29it/s]
Processing pages:  11%|█         | 20/182 [00:02<00:18,  8.71it/s]
Processing pages:  12%|█▏        | 21/182 [00:02<00:18,  8.83it/s]
Processing pages:  13%|█▎        | 23/182 [00:02<00:16,  9.45it/s]
Processing pages:  13%|█▎        | 24/182 [00:02<00:16,  9.31it/s]
Processing pages:  14%|█▎        | 25/182 [00:03<00:17,  9.22it/s]
Processing pages:  14%|█▍        | 26/182 [00:03<00:16,  9.33it/s]
Processing pages:  15%|█▌        | 28/182 [00:03<00:16,  9.43it/s]
Processing pages:  16%|█▌        | 29/182 [00:03<00:16,  9.46it/s]
Processing pages:  16%|█▋        | 30/182 [00:03<00:16,  9.39it/s]
Processing pages:  17%|█▋        | 31/182 [00:03<00:16,  9.35it/s]
Processing pages:  18%|█▊        | 33/182 [00:03<00:15,  9.56it/s]
Processing pages:  19%|█▊        | 34/182 [00:04<00:34,  4.33it/s]
Processing pages:  19%|█▉        | 35/182 [00:04<00:29,  4.99it/s]
Processing pages:  20%|█▉        | 36/182 [00:04<00:25,  5.64it/s]
Processing pages:  20%|██        | 37/182 [00:04<00:22,  6.37it/s]
Processing pages:  21%|██        | 38/182 [00:04<00:20,  6.99it/s]
Processing pages:  22%|██▏       | 40/182 [00:05<00:17,  8.14it/s]
Processing pages:  23%|██▎       | 41/182 [00:05<00:16,  8.41it/s]
Processing pages:  23%|██▎       | 42/182 [00:05<00:16,  8.63it/s]
Processing pages:  24%|██▎       | 43/182 [00:05<00:15,  8.80it/s]
Processing pages:  24%|██▍       | 44/182 [00:05<00:15,  8.87it/s]
Processing pages:  25%|██▍       | 45/182 [00:05<00:15,  8.96it/s]
Processing pages:  25%|██▌       | 46/182 [00:05<00:15,  8.95it/s]
Processing pages:  26%|██▌       | 47/182 [00:05<00:15,  8.98it/s]
Processing pages:  26%|██▋       | 48/182 [00:06<00:14,  9.13it/s]
Processing pages:  27%|██▋       | 50/182 [00:06<00:13,  9.50it/s]
Processing pages:  28%|██▊       | 51/182 [00:06<00:13,  9.48it/s]
Processing pages:  29%|██▊       | 52/182 [00:06<00:13,  9.49it/s]
Processing pages:  29%|██▉       | 53/182 [00:06<00:13,  9.51it/s]
Processing pages:  30%|██▉       | 54/182 [00:06<00:13,  9.28it/s]
Processing pages:  30%|███       | 55/182 [00:06<00:13,  9.09it/s]
Processing pages:  31%|███       | 56/182 [00:06<00:13,  9.17it/s]
Processing pages:  31%|███▏      | 57/182 [00:07<00:34,  3.64it/s]
Processing pages:  32%|███▏      | 58/182 [00:07<00:28,  4.40it/s]
Processing pages:  32%|███▏      | 59/182 [00:07<00:23,  5.20it/s]
Processing pages:  33%|███▎      | 60/182 [00:07<00:20,  6.06it/s]
Processing pages:  34%|███▎      | 61/182 [00:07<00:17,  6.76it/s]
Processing pages:  34%|███▍      | 62/182 [00:08<00:16,  7.36it/s]
Processing pages:  35%|███▍      | 63/182 [00:08<00:15,  7.93it/s]
Processing pages:  35%|███▌      | 64/182 [00:08<00:14,  8.42it/s]2026-05-06 07:48:11.257 | INFO     | mineru.backend.hybrid.hybrid_analyze:aio_doc_analyze:727 - Hybrid processing window 2/3: pages 65-128/182 (64 pages)


Two Step Extraction:   0%|          | 0/64 [00:00<?, ?it/s][A

Two Step Extraction:   2%|▏         | 1/64 [00:19<19:58, 19.02s/it][A

Two Step Extraction:   3%|▎         | 2/64 [00:22<10:27, 10.13s/it][A

Two Step Extraction:   5%|▍         | 3/64 [00:23<05:42,  5.61s/it][A

Two Step Extraction:   6%|▋         | 4/64 [00:23<03:30,  3.51s/it][A

Two Step Extraction:   8%|▊         | 5/64 [00:23<02:15,  2.30s/it][A

Two Step Extraction:  11%|█         | 7/64 [00:23<01:06,  1.17s/it][A

Two Step Extraction:  16%|█▌        | 10/64 [00:23<00:31,  1.71it/s][A

Two Step Extraction:  19%|█▉        | 12/64 [00:24<00:21,  2.42it/s][A

Two Step Extraction:  22%|██▏       | 14/64 [00:24<00:15,  3.23it/s][A

Two Step Extraction:  25%|██▌       | 16/64 [00:24<00:11,  4.10it/s][A

Two Step Extraction:  30%|██▉       | 19/64 [00:24<00:08,  5.12it/s][A

Two Step Extraction:  34%|███▍      | 22/64 [00:24<00:05,  7.07it/s][A

Two Step Extraction:  38%|███▊      | 24/64 [00:25<00:05,  7.96it/s][A

Two Step Extraction:  41%|████      | 26/64 [00:25<00:04,  8.45it/s][A

Two Step Extraction:  52%|█████▏    | 33/64 [00:25<00:01, 16.98it/s][A

Two Step Extraction:  59%|█████▉    | 38/64 [00:25<00:01, 21.32it/s][A

Two Step Extraction:  66%|██████▌   | 42/64 [00:25<00:01, 21.49it/s][A

Two Step Extraction:  75%|███████▌  | 48/64 [00:25<00:00, 28.47it/s][A

Two Step Extraction:  81%|████████▏ | 52/64 [00:26<00:00, 25.14it/s][A

Two Step Extraction:  89%|████████▉ | 57/64 [00:26<00:00, 29.74it/s][A

Two Step Extraction:  95%|█████████▌| 61/64 [00:26<00:00, 31.81it/s][A
Two Step Extraction: 100%|██████████| 64/64 [00:26<00:00,  2.42it/s]


Layout Predict:   0%|          | 0/64 [00:00<?, ?it/s][A

Layout Predict:  12%|█▎        | 8/64 [00:00<00:02, 20.01it/s][A

Layout Predict:  25%|██▌       | 16/64 [00:00<00:02, 19.90it/s][A

Layout Predict:  38%|███▊      | 24/64 [00:01<00:02, 19.51it/s][A

Layout Predict:  50%|█████     | 32/64 [00:01<00:01, 20.41it/s][A

Layout Predict:  62%|██████▎   | 40/64 [00:01<00:01, 20.69it/s][A

Layout Predict:  75%|███████▌  | 48/64 [00:02<00:00, 20.78it/s][A

Layout Predict:  88%|████████▊ | 56/64 [00:02<00:00, 21.02it/s][A

Layout Predict: 100%|██████████| 64/64 [00:03<00:00, 20.55it/s][A
Layout Predict: 100%|██████████| 64/64 [00:03<00:00, 20.47it/s]


OCR-det:   0%|          | 0/12 [00:00<?, ?it/s][A

OCR-det:   8%|▊         | 1/12 [00:00<00:01,  5.61it/s][A

OCR-det:  17%|█▋        | 2/12 [00:00<00:01,  6.78it/s][A

OCR-det:  33%|███▎      | 4/12 [00:00<00:00,  9.57it/s][A

OCR-det:  58%|█████▊    | 7/12 [00:00<00:00, 15.21it/s][A

OCR-det: 100%|██████████| 12/12 [00:00<00:00, 24.54it/s][A
OCR-det: 100%|██████████| 12/12 [00:00<00:00, 17.51it/s]

Processing pages:  36%|███▌      | 65/182 [00:08<00:14,  8.25it/s]
Processing pages:  36%|███▋      | 66/182 [00:08<00:13,  8.35it/s]
Processing pages:  37%|███▋      | 67/182 [00:08<00:13,  8.44it/s]
Processing pages:  37%|███▋      | 68/182 [00:08<00:13,  8.43it/s]
Processing pages:  38%|███▊      | 69/182 [00:08<00:13,  8.24it/s]
Processing pages:  38%|███▊      | 70/182 [00:08<00:13,  8.32it/s]
Processing pages:  39%|███▉      | 71/182 [00:09<00:13,  8.29it/s]
Processing pages:  40%|████      | 73/182 [00:09<00:12,  8.84it/s]
Processing pages:  41%|████      | 74/182 [00:09<00:11,  9.03it/s]
Processing pages:  41%|████      | 75/182 [00:09<00:11,  9.10it/s]
Processing pages:  42%|████▏     | 76/182 [00:09<00:11,  9.04it/s]
Processing pages:  42%|████▏     | 77/182 [00:09<00:11,  9.08it/s]
Processing pages:  43%|████▎     | 78/182 [00:10<00:31,  3.28it/s]
Processing pages:  43%|████▎     | 79/182 [00:10<00:25,  3.96it/s]
Processing pages:  44%|████▍     | 80/182 [00:10<00:21,  4.79it/s]
Processing pages:  45%|████▍     | 81/182 [00:10<00:18,  5.55it/s]
Processing pages:  46%|████▌     | 83/182 [00:11<00:14,  6.67it/s]
Processing pages:  46%|████▌     | 84/182 [00:11<00:14,  6.98it/s]
Processing pages:  47%|████▋     | 85/182 [00:11<00:13,  7.27it/s]
Processing pages:  47%|████▋     | 86/182 [00:11<00:12,  7.56it/s]
Processing pages:  48%|████▊     | 87/182 [00:11<00:12,  7.74it/s]
Processing pages:  48%|████▊     | 88/182 [00:11<00:11,  7.91it/s]
Processing pages:  49%|████▉     | 89/182 [00:11<00:11,  7.84it/s]
Processing pages:  49%|████▉     | 90/182 [00:11<00:11,  8.31it/s]
Processing pages:  50%|█████     | 91/182 [00:12<00:10,  8.28it/s]
Processing pages:  51%|█████     | 92/182 [00:12<00:11,  8.15it/s]
Processing pages:  51%|█████     | 93/182 [00:12<00:10,  8.29it/s]
Processing pages:  52%|█████▏    | 94/182 [00:12<00:10,  8.47it/s]
Processing pages:  53%|█████▎    | 96/182 [00:12<00:08,  9.64it/s]
Processing pages:  53%|█████▎    | 97/182 [00:12<00:08,  9.60it/s]
Processing pages:  54%|█████▍    | 98/182 [00:12<00:09,  9.19it/s]
Processing pages:  54%|█████▍    | 99/182 [00:12<00:08,  9.34it/s]
Processing pages:  55%|█████▍    | 100/182 [00:13<00:08,  9.19it/s]
Processing pages:  55%|█████▌    | 101/182 [00:13<00:09,  8.99it/s]
Processing pages:  56%|█████▌    | 102/182 [00:13<00:08,  9.19it/s]
Processing pages:  57%|█████▋    | 103/182 [00:14<00:24,  3.21it/s]
Processing pages:  57%|█████▋    | 104/182 [00:14<00:19,  3.91it/s]
Processing pages:  58%|█████▊    | 106/182 [00:14<00:13,  5.48it/s]
Processing pages:  59%|█████▉    | 107/182 [00:14<00:12,  6.11it/s]
Processing pages:  60%|█████▉    | 109/182 [00:14<00:09,  7.42it/s]
Processing pages:  61%|██████    | 111/182 [00:14<00:08,  8.23it/s]
Processing pages:  62%|██████▏   | 112/182 [00:14<00:08,  8.51it/s]
Processing pages:  63%|██████▎   | 114/182 [00:15<00:07,  9.28it/s]
Processing pages:  63%|██████▎   | 115/182 [00:15<00:07,  9.31it/s]
Processing pages:  64%|██████▍   | 117/182 [00:15<00:06,  9.92it/s]
Processing pages:  65%|██████▌   | 119/182 [00:15<00:06, 10.18it/s]
Processing pages:  66%|██████▋   | 121/182 [00:15<00:06, 10.02it/s]
Processing pages:  68%|██████▊   | 123/182 [00:16<00:05, 10.12it/s]
Processing pages:  69%|██████▊   | 125/182 [00:16<00:05, 10.57it/s]
Processing pages:  70%|██████▉   | 127/182 [00:16<00:04, 11.13it/s]2026-05-06 07:48:57.754 | INFO     | mineru.backend.hybrid.hybrid_analyze:aio_doc_analyze:727 - Hybrid processing window 3/3: pages 129-182/182 (54 pages)


Two Step Extraction:   0%|          | 0/54 [00:00<?, ?it/s][A
Processing pages:  70%|███████   | 128/182 [00:34<00:04, 11.13it/s]

Two Step Extraction:   2%|▏         | 1/54 [00:20<18:16, 20.70s/it][A

Two Step Extraction:  15%|█▍        | 8/54 [00:24<01:48,  2.36s/it][A

Two Step Extraction:  43%|████▎     | 23/54 [00:25<00:20,  1.48it/s][A

Two Step Extraction:  74%|███████▍  | 40/54 [00:25<00:04,  3.18it/s][A

Two Step Extraction:  83%|████████▎ | 45/54 [00:26<00:02,  3.68it/s][A

Two Step Extraction:  91%|█████████ | 49/54 [00:26<00:01,  4.25it/s][A

Two Step Extraction:  96%|█████████▋| 52/54 [00:26<00:00,  4.75it/s][A
Two Step Extraction: 100%|██████████| 54/54 [00:27<00:00,  1.99it/s]


Layout Predict:   0%|          | 0/54 [00:00<?, ?it/s][A

Layout Predict:  15%|█▍        | 8/54 [00:00<00:02, 21.36it/s][A

Layout Predict:  30%|██▉       | 16/54 [00:00<00:01, 20.60it/s][A

Layout Predict:  44%|████▍     | 24/54 [00:01<00:01, 20.96it/s][A

Layout Predict:  59%|█████▉    | 32/54 [00:01<00:01, 20.91it/s][A

Layout Predict:  74%|███████▍  | 40/54 [00:01<00:00, 21.15it/s][A

Layout Predict:  89%|████████▉ | 48/54 [00:02<00:00, 22.04it/s][A

Layout Predict: 100%|██████████| 54/54 [00:02<00:00, 21.97it/s][A
Layout Predict: 100%|██████████| 54/54 [00:02<00:00, 21.51it/s]


MFR Predict:   0%|          | 0/2 [00:00<?, ?it/s][A

MFR Predict:  50%|█████     | 1/2 [00:00<00:00,  2.89it/s][A

MFR Predict: 100%|██████████| 2/2 [00:00<00:00,  4.00it/s][A
MFR Predict: 100%|██████████| 2/2 [00:00<00:00,  3.78it/s]


OCR-det:   0%|          | 0/18 [00:00<?, ?it/s][A

OCR-det:  11%|█         | 2/18 [00:00<00:01,  8.01it/s][A

OCR-det:  22%|██▏       | 4/18 [00:00<00:01,  8.66it/s][A

OCR-det:  44%|████▍     | 8/18 [00:00<00:00, 16.77it/s][A

OCR-det:  67%|██████▋   | 12/18 [00:00<00:00, 21.63it/s][A

OCR-det:  89%|████████▉ | 16/18 [00:00<00:00, 23.81it/s][A
OCR-det: 100%|██████████| 18/18 [00:00<00:00, 20.20it/s]

Processing pages:  71%|███████▏  | 130/182 [00:16<00:04, 11.82it/s]
Processing pages:  73%|███████▎  | 132/182 [00:16<00:04, 12.48it/s]
Processing pages:  74%|███████▎  | 134/182 [00:17<00:08,  5.71it/s]
Processing pages:  75%|███████▍  | 136/182 [00:17<00:07,  6.03it/s]
Processing pages:  75%|███████▌  | 137/182 [00:17<00:06,  6.48it/s]
Processing pages:  76%|███████▌  | 138/182 [00:18<00:06,  6.85it/s]
Processing pages:  77%|███████▋  | 140/182 [00:18<00:05,  8.25it/s]
Processing pages:  78%|███████▊  | 142/182 [00:18<00:04,  9.20it/s]
Processing pages:  79%|███████▉  | 144/182 [00:18<00:03, 10.08it/s]
Processing pages:  80%|████████  | 146/182 [00:18<00:03, 11.02it/s]
Processing pages:  81%|████████▏ | 148/182 [00:18<00:02, 11.60it/s]
Processing pages:  82%|████████▏ | 150/182 [00:18<00:02, 11.41it/s]
Processing pages:  84%|████████▎ | 152/182 [00:19<00:02, 11.23it/s]
Processing pages:  85%|████████▍ | 154/182 [00:19<00:02, 11.23it/s]
Processing pages:  86%|████████▌ | 156/182 [00:19<00:02, 10.82it/s]
Processing pages:  87%|████████▋ | 158/182 [00:19<00:02, 11.64it/s]
Processing pages:  88%|████████▊ | 160/182 [00:19<00:01, 11.48it/s]
Processing pages:  89%|████████▉ | 162/182 [00:19<00:01, 12.83it/s]
Processing pages:  90%|█████████ | 164/182 [00:20<00:01, 11.23it/s]
Processing pages:  91%|█████████ | 166/182 [00:20<00:01, 10.35it/s]
Processing pages:  92%|█████████▏| 168/182 [00:20<00:01,  9.96it/s]
Processing pages:  93%|█████████▎| 170/182 [00:21<00:02,  5.14it/s]
Processing pages:  94%|█████████▍| 171/182 [00:21<00:02,  5.49it/s]
Processing pages:  95%|█████████▍| 172/182 [00:21<00:01,  5.89it/s]
Processing pages:  95%|█████████▌| 173/182 [00:21<00:01,  6.38it/s]
Processing pages:  96%|█████████▌| 174/182 [00:21<00:01,  6.79it/s]
Processing pages:  96%|█████████▌| 175/182 [00:22<00:00,  7.34it/s]
Processing pages:  97%|█████████▋| 177/182 [00:22<00:00,  8.61it/s]
Processing pages:  98%|█████████▊| 179/182 [00:22<00:00, 10.12it/s]
Processing pages:  99%|█████████▉| 181/182 [00:22<00:00, 10.95it/s]
Processing pages: 100%|██████████| 182/182 [00:22<00:00,  8.06it/s]

OCR-rec Predict:   0%|          | 0/2 [00:00<?, ?it/s]
OCR-rec Predict: 100%|██████████| 2/2 [00:00<00:00, 49.09it/s]
2026-05-06 07:49:43.188 | INFO     | mineru.cli.client:run_planned_task:807 - Completed batch 1/1 | Processed 182/182 pages | 1 of 1 batch finished | task#1 [2025.02.12 ETX202303-07-078-02 PT9L 安规报告-正式]
INFO:     Shutting down
INFO:     Waiting for application shutdown.
INFO:     Application shutdown complete.
INFO:     Finished server process [2789554]

Traceback (most recent call last):
  File "/home/s2025244189/miniconda3/envs/mineru/bin/mineru", line 3, in <module>
  File "/hpai/aios3.0/private/user/s2025244189/s2025244265/AI_driven_proj_Manage/MinerU/mineru/cli/client.py", line 32, in <module>
    from mineru.cli.common import (
  File "/hpai/aios3.0/private/user/s2025244189/s2025244265/AI_driven_proj_Manage/MinerU/mineru/cli/common.py", line 22, in <module>
    from mineru.backend.office.pptx_analyze import office_pptx_analyze
  File "/hpai/aios3.0/private/user/s2025244189/s2025244265/AI_driven_proj_Manage/MinerU/mineru/backend/office/pptx_analyze.py", line 8, in <module>
    from mineru.model.pptx.main import convert_binary
  File "/hpai/aios3.0/private/user/s2025244189/s2025244265/AI_driven_proj_Manage/MinerU/mineru/model/pptx/main.py", line 4, in <module>
    from mineru.model.pptx.pptx_converter import PptxConverter
  File "/hpai/aios3.0/private/user/s2025244189/s2025244265/AI_driven_proj_Manage/MinerU/mineru/model/pptx/pptx_converter.py", line 9, in <module>
    from pptx import Presentation, presentation
  File "/home/s2025244189/miniconda3/envs/mineru/lib/python3.10/site-packages/pptx/__init__.py", line 9, in <module>
    from pptx.api import Presentation
  File "/home/s2025244189/miniconda3/envs/mineru/lib/python3.10/site-packages/pptx/api.py", line 14, in <module>
    from pptx.package import Package
  File "/home/s2025244189/miniconda3/envs/mineru/lib/python3.10/site-packages/pptx/package.py", line 8, in <module>
    from pptx.opc.package import OpcPackage
  File "/home/s2025244189/miniconda3/envs/mineru/lib/python3.10/site-packages/pptx/opc/package.py", line 14, in <module>
    from pptx.opc.oxml import CT_Relationships, serialize_part_xml
ModuleNotFoundError: No module named 'pptx.opc.oxml'

ERROR conda.cli.main_run:execute(127): `conda run mineru -p /home/s2025244189/s2025244265/AI_driven_proj_Manage/data_Processed/DHF -梳理版_预处理/11-设计确认/16-实验报告/2025.02.12 ETX202303-07-078-03 PT9L -2-56 报告-正式.pdf -o /home/s2025244189/s2025244265/AI_driven_proj_Manage/data_Processed/DHF -梳理版_预处理_hybrid-auto处理/11-设计确认/16-实验报告 -b hybrid-auto-engine -m auto -l ch` failed. (See above for error)
2026-05-06 07:50:19.789 | INFO     | mineru.cli.client:run_orchestrated_cli:874 - Started local mineru-api at http://127.0.0.1:56603
2026-05-06 07:50:24.095 | INFO     | __main__:create_app:260 - Request concurrency limited to 3
INFO:     Started server process [2790638]
INFO:     Waiting for application startup.
INFO:     Application startup complete.
INFO:     Uvicorn running on http://127.0.0.1:56603 (Press CTRL+C to quit)
2026-05-06 07:50:24.825 | INFO     | mineru.cli.client:run_planned_task:771 - Submitting batch 1/1 | 1 document, 22 pages in this batch | 22 pages total | task#1 [2025.02.12 ETX202303-07-078-04 PT9L 1965报告-正式]
2026-05-06 07:50:30.651 | INFO     | mineru.utils.engine_utils:get_vlm_engine:34 - Using vllm-async-engine as the inference engine for VLM.
2026-05-06 07:50:48.025 | INFO     | mineru.backend.vlm.utils:enable_custom_logits_processors:56 - compute_capability: 8.0 >= 8.0 and vllm version: 0.11.2 >= 0.10.1, enable custom_logits_processors
[1;36m(EngineCore_DP0 pid=2790770)[0;0m The image processor of type `Qwen2VLImageProcessor` is now loaded as a fast processor by default, even if the model checkpoint was saved with a slow processor. This is a breaking change and may produce slightly different outputs. To continue using the slow processor, instantiate this class with `use_fast=False`. Note that this behavior will be extended to all models in a future release.
[1;36m(EngineCore_DP0 pid=2790770)[0;0m /home/s2025244189/miniconda3/envs/mineru/lib/python3.10/site-packages/tvm_ffi/_optional_torch_c_dlpack.py:181: UserWarning: Failed to JIT torch c dlpack extension, EnvTensorAllocator will not be enabled.
[1;36m(EngineCore_DP0 pid=2790770)[0;0m We recommend installing via `pip install torch-c-dlpack-ext`
[1;36m(EngineCore_DP0 pid=2790770)[0;0m   warnings.warn(
[1;36m(EngineCore_DP0 pid=2790770)[0;0m 
Loading safetensors checkpoint shards:   0% Completed | 0/1 [00:00<?, ?it/s]
[1;36m(EngineCore_DP0 pid=2790770)[0;0m 
Loading safetensors checkpoint shards: 100% Completed | 1/1 [00:01<00:00,  1.32s/it]
[1;36m(EngineCore_DP0 pid=2790770)[0;0m 
Loading safetensors checkpoint shards: 100% Completed | 1/1 [00:01<00:00,  1.32s/it]
[1;36m(EngineCore_DP0 pid=2790770)[0;0m 
[1;36m(EngineCore_DP0 pid=2790770)[0;0m 
Capturing CUDA graphs (mixed prefill-decode, PIECEWISE):   0%|          | 0/35 [00:00<?, ?it/s]
Capturing CUDA graphs (mixed prefill-decode, PIECEWISE):   9%|▊         | 3/35 [00:00<00:01, 27.42it/s]
Capturing CUDA graphs (mixed prefill-decode, PIECEWISE):  17%|█▋        | 6/35 [00:00<00:01, 26.63it/s]
Capturing CUDA graphs (mixed prefill-decode, PIECEWISE):  26%|██▌       | 9/35 [00:00<00:00, 27.21it/s]
Capturing CUDA graphs (mixed prefill-decode, PIECEWISE):  34%|███▍      | 12/35 [00:00<00:00, 26.89it/s]
Capturing CUDA graphs (mixed prefill-decode, PIECEWISE):  43%|████▎     | 15/35 [00:00<00:00, 27.19it/s]
Capturing CUDA graphs (mixed prefill-decode, PIECEWISE):  51%|█████▏    | 18/35 [00:00<00:00, 27.37it/s]
Capturing CUDA graphs (mixed prefill-decode, PIECEWISE):  60%|██████    | 21/35 [00:00<00:00, 27.33it/s]
Capturing CUDA graphs (mixed prefill-decode, PIECEWISE):  69%|██████▊   | 24/35 [00:00<00:00, 27.46it/s]
Capturing CUDA graphs (mixed prefill-decode, PIECEWISE):  77%|███████▋  | 27/35 [00:00<00:00, 27.60it/s]
Capturing CUDA graphs (mixed prefill-decode, PIECEWISE):  86%|████████▌ | 30/35 [00:01<00:00, 24.96it/s]
Capturing CUDA graphs (mixed prefill-decode, PIECEWISE):  94%|█████████▍| 33/35 [00:01<00:00, 25.79it/s]
Capturing CUDA graphs (mixed prefill-decode, PIECEWISE): 100%|██████████| 35/35 [00:01<00:00, 26.69it/s]
[1;36m(EngineCore_DP0 pid=2790770)[0;0m 
Capturing CUDA graphs (decode, FULL):   0%|          | 0/19 [00:00<?, ?it/s]
Capturing CUDA graphs (decode, FULL):  16%|█▌        | 3/19 [00:00<00:00, 29.04it/s]
Capturing CUDA graphs (decode, FULL):  32%|███▏      | 6/19 [00:00<00:00, 28.65it/s]
Capturing CUDA graphs (decode, FULL):  47%|████▋     | 9/19 [00:00<00:00, 28.17it/s]
Capturing CUDA graphs (decode, FULL):  63%|██████▎   | 12/19 [00:00<00:00, 28.47it/s]
Capturing CUDA graphs (decode, FULL):  79%|███████▉  | 15/19 [00:00<00:00, 28.44it/s]
Capturing CUDA graphs (decode, FULL):  95%|█████████▍| 18/19 [00:00<00:00, 28.49it/s]
Capturing CUDA graphs (decode, FULL): 100%|██████████| 19/19 [00:00<00:00, 28.55it/s]
2026-05-06 07:51:43.521 | INFO     | mineru.backend.vlm.vlm_analyze:get_model:251 - get vllm-async-engine predictor cost: 59.61s
2026-05-06 07:51:44.338 | INFO     | mineru.backend.hybrid.hybrid_analyze:aio_doc_analyze:706 - Hybrid processing-window run. page_count=22, window_size=64, total_windows=1
2026-05-06 07:51:44.380 | INFO     | mineru.backend.hybrid.hybrid_analyze:get_batch_ratio:515 - hybrid batch ratio (auto, vram=79GB): 16
2026-05-06 07:51:52.188 | INFO     | mineru.backend.hybrid.hybrid_analyze:aio_doc_analyze:727 - Hybrid processing window 1/1: pages 1-22/22 (22 pages)

Two Step Extraction:   0%|          | 0/22 [00:00<?, ?it/s]The image processor of type `Qwen2VLImageProcessor` is now loaded as a fast processor by default, even if the model checkpoint was saved with a slow processor. This is a breaking change and may produce slightly different outputs. To continue using the slow processor, instantiate this class with `use_fast=False`. Note that this behavior will be extended to all models in a future release.

Two Step Extraction:   5%|▍         | 1/22 [00:13<04:46, 13.62s/it]
Two Step Extraction:   9%|▉         | 2/22 [00:13<01:55,  5.75s/it]
Two Step Extraction:  14%|█▎        | 3/22 [00:13<01:00,  3.17s/it]
Two Step Extraction:  27%|██▋       | 6/22 [00:14<00:18,  1.14s/it]
Two Step Extraction:  32%|███▏      | 7/22 [00:14<00:13,  1.12it/s]
Two Step Extraction:  41%|████      | 9/22 [00:14<00:07,  1.77it/s]
Two Step Extraction:  50%|█████     | 11/22 [00:14<00:04,  2.59it/s]
Two Step Extraction:  59%|█████▉    | 13/22 [00:14<00:02,  3.50it/s]
Two Step Extraction:  77%|███████▋  | 17/22 [00:15<00:00,  6.25it/s]
Two Step Extraction:  91%|█████████ | 20/22 [00:15<00:00,  6.86it/s]
Two Step Extraction: 100%|██████████| 22/22 [00:16<00:00,  5.20it/s]
Two Step Extraction: 100%|██████████| 22/22 [00:16<00:00,  1.37it/s]

Layout Predict:   0%|          | 0/22 [00:00<?, ?it/s]
Layout Predict:  36%|███▋      | 8/22 [00:03<00:06,  2.33it/s]
Layout Predict:  73%|███████▎  | 16/22 [00:03<00:01,  4.70it/s]
Layout Predict: 100%|██████████| 22/22 [00:04<00:00,  6.61it/s]
Layout Predict: 100%|██████████| 22/22 [00:04<00:00,  5.18it/s]

OCR-det:   0%|          | 0/10 [00:00<?, ?it/s]
OCR-det:  10%|█         | 1/10 [00:00<00:01,  8.61it/s]
OCR-det:  50%|█████     | 5/10 [00:00<00:00, 23.73it/s]
OCR-det: 100%|██████████| 10/10 [00:00<00:00, 33.88it/s]
OCR-det: 100%|██████████| 10/10 [00:00<00:00, 29.48it/s]

Processing pages:   0%|          | 0/22 [00:00<?, ?it/s]
Processing pages:   9%|▉         | 2/22 [00:00<00:01, 14.88it/s]
Processing pages:  18%|█▊        | 4/22 [00:00<00:01, 12.85it/s]
Processing pages:  27%|██▋       | 6/22 [00:00<00:01, 11.66it/s]
Processing pages:  36%|███▋      | 8/22 [00:00<00:01, 11.44it/s]
Processing pages:  45%|████▌     | 10/22 [00:00<00:01, 11.54it/s]
Processing pages:  55%|█████▍    | 12/22 [00:01<00:00, 11.31it/s]
Processing pages:  64%|██████▎   | 14/22 [00:01<00:01,  5.09it/s]
Processing pages:  73%|███████▎  | 16/22 [00:02<00:00,  6.13it/s]
Processing pages:  82%|████████▏ | 18/22 [00:02<00:00,  7.26it/s]
Processing pages:  91%|█████████ | 20/22 [00:02<00:00,  8.48it/s]
Processing pages: 100%|██████████| 22/22 [00:02<00:00,  8.87it/s]

OCR-rec Predict:   0%|          | 0/1 [00:00<?, ?it/s]
OCR-rec Predict: 100%|██████████| 1/1 [00:00<00:00, 42.11it/s]
2026-05-06 07:52:23.836 | INFO     | mineru.cli.client:run_planned_task:807 - Completed batch 1/1 | Processed 22/22 pages | 1 of 1 batch finished | task#1 [2025.02.12 ETX202303-07-078-04 PT9L 1965报告-正式]
INFO:     Shutting down
[rank0]:[W506 07:52:34.378740217 ProcessGroupNCCL.cpp:1524] Warning: WARNING: destroy_process_group() was not called before program exit, which can leak resources. For more info, please see https://pytorch.org/docs/stable/distributed.html#shutdown (function operator())
INFO:     Waiting for application shutdown.
INFO:     Application shutdown complete.
INFO:     Finished server process [2790638]

2026-05-06 07:52:47.066 | INFO     | mineru.cli.client:run_orchestrated_cli:874 - Started local mineru-api at http://127.0.0.1:45207
2026-05-06 07:52:51.140 | INFO     | __main__:create_app:260 - Request concurrency limited to 3
INFO:     Started server process [2791279]
INFO:     Waiting for application startup.
INFO:     Application startup complete.
INFO:     Uvicorn running on http://127.0.0.1:45207 (Press CTRL+C to quit)
2026-05-06 07:52:52.104 | INFO     | mineru.cli.client:run_planned_task:771 - Submitting batch 1/1 | 1 document, 3 pages in this batch | 3 pages total | task#1 [2025.02.12 ETX202303-07-078-05 PT9L 老化报告-正式]
2026-05-06 07:52:56.550 | INFO     | mineru.utils.engine_utils:get_vlm_engine:34 - Using vllm-async-engine as the inference engine for VLM.
2026-05-06 07:53:08.184 | INFO     | mineru.backend.vlm.utils:enable_custom_logits_processors:56 - compute_capability: 8.0 >= 8.0 and vllm version: 0.11.2 >= 0.10.1, enable custom_logits_processors
[1;36m(EngineCore_DP0 pid=2791419)[0;0m The image processor of type `Qwen2VLImageProcessor` is now loaded as a fast processor by default, even if the model checkpoint was saved with a slow processor. This is a breaking change and may produce slightly different outputs. To continue using the slow processor, instantiate this class with `use_fast=False`. Note that this behavior will be extended to all models in a future release.
[1;36m(EngineCore_DP0 pid=2791419)[0;0m /home/s2025244189/miniconda3/envs/mineru/lib/python3.10/site-packages/tvm_ffi/_optional_torch_c_dlpack.py:181: UserWarning: Failed to JIT torch c dlpack extension, EnvTensorAllocator will not be enabled.
[1;36m(EngineCore_DP0 pid=2791419)[0;0m We recommend installing via `pip install torch-c-dlpack-ext`
[1;36m(EngineCore_DP0 pid=2791419)[0;0m   warnings.warn(
[1;36m(EngineCore_DP0 pid=2791419)[0;0m 
Loading safetensors checkpoint shards:   0% Completed | 0/1 [00:00<?, ?it/s]
[1;36m(EngineCore_DP0 pid=2791419)[0;0m 
Loading safetensors checkpoint shards: 100% Completed | 1/1 [00:01<00:00,  1.40s/it]
[1;36m(EngineCore_DP0 pid=2791419)[0;0m 
Loading safetensors checkpoint shards: 100% Completed | 1/1 [00:01<00:00,  1.40s/it]
[1;36m(EngineCore_DP0 pid=2791419)[0;0m 
[1;36m(EngineCore_DP0 pid=2791419)[0;0m 
Capturing CUDA graphs (mixed prefill-decode, PIECEWISE):   0%|          | 0/35 [00:00<?, ?it/s]
Capturing CUDA graphs (mixed prefill-decode, PIECEWISE):   9%|▊         | 3/35 [00:00<00:01, 27.39it/s]
Capturing CUDA graphs (mixed prefill-decode, PIECEWISE):  17%|█▋        | 6/35 [00:00<00:01, 27.51it/s]
Capturing CUDA graphs (mixed prefill-decode, PIECEWISE):  26%|██▌       | 9/35 [00:00<00:00, 27.88it/s]
Capturing CUDA graphs (mixed prefill-decode, PIECEWISE):  34%|███▍      | 12/35 [00:00<00:00, 28.06it/s]
Capturing CUDA graphs (mixed prefill-decode, PIECEWISE):  43%|████▎     | 15/35 [00:00<00:00, 27.56it/s]
Capturing CUDA graphs (mixed prefill-decode, PIECEWISE):  51%|█████▏    | 18/35 [00:00<00:00, 27.55it/s]
Capturing CUDA graphs (mixed prefill-decode, PIECEWISE):  60%|██████    | 21/35 [00:00<00:00, 27.86it/s]
Capturing CUDA graphs (mixed prefill-decode, PIECEWISE):  69%|██████▊   | 24/35 [00:00<00:00, 27.77it/s]
Capturing CUDA graphs (mixed prefill-decode, PIECEWISE):  77%|███████▋  | 27/35 [00:00<00:00, 27.33it/s]
Capturing CUDA graphs (mixed prefill-decode, PIECEWISE):  86%|████████▌ | 30/35 [00:01<00:00, 24.74it/s]
Capturing CUDA graphs (mixed prefill-decode, PIECEWISE):  94%|█████████▍| 33/35 [00:01<00:00, 25.65it/s]
Capturing CUDA graphs (mixed prefill-decode, PIECEWISE): 100%|██████████| 35/35 [00:01<00:00, 26.87it/s]
[1;36m(EngineCore_DP0 pid=2791419)[0;0m 
Capturing CUDA graphs (decode, FULL):   0%|          | 0/19 [00:00<?, ?it/s]
Capturing CUDA graphs (decode, FULL):  16%|█▌        | 3/19 [00:00<00:00, 28.22it/s]
Capturing CUDA graphs (decode, FULL):  32%|███▏      | 6/19 [00:00<00:00, 28.17it/s]
Capturing CUDA graphs (decode, FULL):  47%|████▋     | 9/19 [00:00<00:00, 28.55it/s]
Capturing CUDA graphs (decode, FULL):  63%|██████▎   | 12/19 [00:00<00:00, 28.22it/s]
Capturing CUDA graphs (decode, FULL):  79%|███████▉  | 15/19 [00:00<00:00, 28.15it/s]
Capturing CUDA graphs (decode, FULL):  95%|█████████▍| 18/19 [00:00<00:00, 28.67it/s]
Capturing CUDA graphs (decode, FULL): 100%|██████████| 19/19 [00:00<00:00, 28.60it/s]
2026-05-06 07:54:03.388 | INFO     | mineru.backend.vlm.vlm_analyze:get_model:251 - get vllm-async-engine predictor cost: 58.53s
2026-05-06 07:54:03.424 | INFO     | mineru.backend.hybrid.hybrid_analyze:aio_doc_analyze:706 - Hybrid processing-window run. page_count=3, window_size=64, total_windows=1
2026-05-06 07:54:03.466 | INFO     | mineru.backend.hybrid.hybrid_analyze:get_batch_ratio:515 - hybrid batch ratio (auto, vram=79GB): 16
2026-05-06 07:54:09.290 | INFO     | mineru.backend.hybrid.hybrid_analyze:aio_doc_analyze:727 - Hybrid processing window 1/1: pages 1-3/3 (3 pages)

Two Step Extraction:   0%|          | 0/3 [00:00<?, ?it/s]The image processor of type `Qwen2VLImageProcessor` is now loaded as a fast processor by default, even if the model checkpoint was saved with a slow processor. This is a breaking change and may produce slightly different outputs. To continue using the slow processor, instantiate this class with `use_fast=False`. Note that this behavior will be extended to all models in a future release.

Two Step Extraction:  33%|███▎      | 1/3 [00:06<00:12,  6.31s/it]
Two Step Extraction:  67%|██████▋   | 2/3 [00:06<00:02,  2.93s/it]
Two Step Extraction: 100%|██████████| 3/3 [00:07<00:00,  1.72s/it]
Two Step Extraction: 100%|██████████| 3/3 [00:07<00:00,  2.39s/it]

Layout Predict:   0%|          | 0/3 [00:00<?, ?it/s]
Layout Predict: 100%|██████████| 3/3 [00:03<00:00,  1.10s/it]
Layout Predict: 100%|██████████| 3/3 [00:03<00:00,  1.10s/it]

OCR-det:   0%|          | 0/6 [00:00<?, ?it/s]
OCR-det:  67%|██████▋   | 4/6 [00:00<00:00, 36.15it/s]
OCR-det: 100%|██████████| 6/6 [00:00<00:00, 38.59it/s]

Processing pages:   0%|          | 0/3 [00:00<?, ?it/s]
Processing pages:  67%|██████▋   | 2/3 [00:00<00:00, 18.39it/s]
Processing pages: 100%|██████████| 3/3 [00:00<00:00, 20.03it/s]

OCR-rec Predict:   0%|          | 0/3 [00:00<?, ?it/s]
OCR-rec Predict: 100%|██████████| 3/3 [00:00<00:00, 117.18it/s]
2026-05-06 07:54:28.989 | INFO     | mineru.cli.client:run_planned_task:807 - Completed batch 1/1 | Processed 3/3 pages | 1 of 1 batch finished | task#1 [2025.02.12 ETX202303-07-078-05 PT9L 老化报告-正式]
INFO:     Shutting down
INFO:     Waiting for application shutdown.
INFO:     Application shutdown complete.
INFO:     Finished server process [2791279]

2026-05-06 07:54:55.601 | INFO     | mineru.cli.client:run_orchestrated_cli:874 - Started local mineru-api at http://127.0.0.1:58505
2026-05-06 07:54:59.691 | INFO     | __main__:create_app:260 - Request concurrency limited to 3
INFO:     Started server process [2791851]
INFO:     Waiting for application startup.
INFO:     Application startup complete.
INFO:     Uvicorn running on http://127.0.0.1:58505 (Press CTRL+C to quit)
2026-05-06 07:55:00.637 | INFO     | mineru.cli.client:run_planned_task:771 - Submitting batch 1/1 | 1 document, 21 pages in this batch | 21 pages total | task#1 [2025.05.29 ETX202303-07-078-03R1-PT9L-红外体温计-正式报告]
2026-05-06 07:55:06.896 | INFO     | mineru.utils.engine_utils:get_vlm_engine:34 - Using vllm-async-engine as the inference engine for VLM.
2026-05-06 07:55:10.644 | ERROR    | __main__:_process_task:1321 - Async task failed: d1abd2cf-6b18-4070-9ba4-5e734c86ce48
Traceback (most recent call last):

  File "/home/s2025244189/miniconda3/envs/mineru/lib/python3.10/runpy.py", line 196, in _run_module_as_main
    return _run_code(code, main_globals, None,
           │         │     └ {'__name__': '__main__', '__doc__': None, '__package__': 'mineru.cli', '__loader__': <_frozen_importlib_external.SourceFileLo...
           │         └ <code object <module> at 0x7f9fc759b680, file "/hpai/aios3.0/private/user/s2025244189/s2025244265/AI_driven_proj_Manage/Miner...
           └ <function _run_code at 0x7f9fc7587be0>
  File "/home/s2025244189/miniconda3/envs/mineru/lib/python3.10/runpy.py", line 86, in _run_code
    exec(code, run_globals)
         │     └ {'__name__': '__main__', '__doc__': None, '__package__': 'mineru.cli', '__loader__': <_frozen_importlib_external.SourceFileLo...
         └ <code object <module> at 0x7f9fc759b680, file "/hpai/aios3.0/private/user/s2025244189/s2025244265/AI_driven_proj_Manage/Miner...

  File "/hpai/aios3.0/private/user/s2025244189/s2025244265/AI_driven_proj_Manage/MinerU/mineru/cli/fast_api.py", line 1641, in <module>
    main()
    └ <Command main>

  File "/home/s2025244189/miniconda3/envs/mineru/lib/python3.10/site-packages/click/core.py", line 1514, in __call__
    return self.main(*args, **kwargs)
           │    │     │       └ {}
           │    │     └ ()
           │    └ <function Command.main at 0x7f9fc67bb520>
           └ <Command main>
  File "/home/s2025244189/miniconda3/envs/mineru/lib/python3.10/site-packages/click/core.py", line 1435, in main
    rv = self.invoke(ctx)
         │    │      └ <click.core.Context object at 0x7f9f41a6e770>
         │    └ <function Command.invoke at 0x7f9fc67bb400>
         └ <Command main>
  File "/home/s2025244189/miniconda3/envs/mineru/lib/python3.10/site-packages/click/core.py", line 1298, in invoke
    return ctx.invoke(self.callback, **ctx.params)
           │   │      │    │           │   └ {'host': '127.0.0.1', 'port': 58505, 'reload': False, 'allow_public_http_client': False, 'enable_vlm_preload': False}
           │   │      │    │           └ <click.core.Context object at 0x7f9f41a6e770>
           │   │      │    └ <function main at 0x7f9f419acd30>
           │   │      └ <Command main>
           │   └ <function Context.invoke at 0x7f9fc67ba7a0>
           └ <click.core.Context object at 0x7f9f41a6e770>
  File "/home/s2025244189/miniconda3/envs/mineru/lib/python3.10/site-packages/click/core.py", line 853, in invoke
    return callback(*args, **kwargs)
           │         │       └ {'host': '127.0.0.1', 'port': 58505, 'reload': False, 'allow_public_http_client': False, 'enable_vlm_preload': False}
           │         └ ()
           └ <function main at 0x7f9f419acd30>
  File "/home/s2025244189/miniconda3/envs/mineru/lib/python3.10/site-packages/click/decorators.py", line 34, in new_func
    return f(get_current_context(), *args, **kwargs)
           │ │                       │       └ {'host': '127.0.0.1', 'port': 58505, 'reload': False, 'allow_public_http_client': False, 'enable_vlm_preload': False}
           │ │                       └ ()
           │ └ <function get_current_context at 0x7f9fc679e3b0>
           └ <function main at 0x7f9f419ad000>

  File "/hpai/aios3.0/private/user/s2025244189/s2025244265/AI_driven_proj_Manage/MinerU/mineru/cli/fast_api.py", line 1637, in main
    server.run()
    │      └ <function Server.run at 0x7f9fc66ece50>
    └ <uvicorn.server.Server object at 0x7f9f419a9cc0>

  File "/home/s2025244189/miniconda3/envs/mineru/lib/python3.10/site-packages/uvicorn/server.py", line 75, in run
    return asyncio_run(self.serve(sockets=sockets), loop_factory=self.config.get_loop_factory())
           │           │    │             │                      │    │      └ <function Config.get_loop_factory at 0x7f9fc668c280>
           │           │    │             │                      │    └ <uvicorn.config.Config object at 0x7f9f41a6dd80>
           │           │    │             │                      └ <uvicorn.server.Server object at 0x7f9f419a9cc0>
           │           │    │             └ None
           │           │    └ <function Server.serve at 0x7f9fc66ecee0>
           │           └ <uvicorn.server.Server object at 0x7f9f419a9cc0>
           └ <function asyncio_run at 0x7f9fc6617010>
  File "/home/s2025244189/miniconda3/envs/mineru/lib/python3.10/site-packages/uvicorn/_compat.py", line 60, in asyncio_run

> File "/hpai/aios3.0/private/user/s2025244189/s2025244265/AI_driven_proj_Manage/MinerU/mineru/cli/fast_api.py", line 1311, in _process_task
    await self._run_task(task)
          │    │         └ AsyncParseTask(task_id='d1abd2cf-6b18-4070-9ba4-5e734c86ce48', status='failed', backend='hybrid-auto-engine', file_names=['20...
          │    └ <function AsyncTaskManager._run_task at 0x7f9f41c5d900>
          └ <__main__.AsyncTaskManager object at 0x7f9f40ef03a0>

  File "/hpai/aios3.0/private/user/s2025244189/s2025244265/AI_driven_proj_Manage/MinerU/mineru/cli/fast_api.py", line 1341, in _run_task
    await run_parse_job(
          └ <function run_parse_job at 0x7f9f41c5cdc0>

  File "/hpai/aios3.0/private/user/s2025244189/s2025244265/AI_driven_proj_Manage/MinerU/mineru/cli/fast_api.py", line 1036, in run_parse_job
    await aio_do_parse(**parse_kwargs)
          │              └ {'output_dir': '/tmp/mineru-api-client-uaywfhcs/output/d1abd2cf-6b18-4070-9ba4-5e734c86ce48', 'pdf_file_names': ['2025.05.29 ...
          └ <function aio_do_parse at 0x7f9f41c56290>

  File "/hpai/aios3.0/private/user/s2025244189/s2025244265/AI_driven_proj_Manage/MinerU/mineru/cli/common.py", line 795, in aio_do_parse
    await _async_process_hybrid(
          └ <function _async_process_hybrid at 0x7f9f41c560e0>

  File "/hpai/aios3.0/private/user/s2025244189/s2025244265/AI_driven_proj_Manage/MinerU/mineru/cli/common.py", line 532, in _async_process_hybrid
    aio_hybrid_doc_analyze = _load_hybrid_analyze_entrypoint(
                             └ <function _load_hybrid_analyze_entrypoint at 0x7f9f41c557e0>

  File "/hpai/aios3.0/private/user/s2025244189/s2025244265/AI_driven_proj_Manage/MinerU/mineru/cli/common.py", line 70, in _load_hybrid_analyze_entrypoint
    hybrid_analyze = importlib.import_module("mineru.backend.hybrid.hybrid_analyze")
                     │         └ <function import_module at 0x7f9fc7643a30>
                     └ <module 'importlib' from '/home/s2025244189/miniconda3/envs/mineru/lib/python3.10/importlib/__init__.py'>

  File "/home/s2025244189/miniconda3/envs/mineru/lib/python3.10/importlib/__init__.py", line 126, in import_module
    return _bootstrap._gcd_import(name[level:], package, level)
           │          │           │    │        │        └ 0
           │          │           │    │        └ None
           │          │           │    └ 0
           │          │           └ 'mineru.backend.hybrid.hybrid_analyze'
           │          └ <function _gcd_import at 0x7f9fc7717400>
           └ <module '_frozen_importlib' (frozen)>
  File "<frozen importlib._bootstrap>", line 1050, in _gcd_import
  File "<frozen importlib._bootstrap>", line 1027, in _find_and_load
  File "<frozen importlib._bootstrap>", line 1006, in _find_and_load_unlocked
  File "<frozen importlib._bootstrap>", line 688, in _load_unlocked
  File "<frozen importlib._bootstrap_external>", line 883, in exec_module
  File "<frozen importlib._bootstrap>", line 241, in _call_with_frames_removed

  File "/hpai/aios3.0/private/user/s2025244189/s2025244265/AI_driven_proj_Manage/MinerU/mineru/backend/hybrid/hybrid_analyze.py", line 20, in <module>
    from mineru.backend.pipeline.model_init import HybridModelSingleton

  File "/hpai/aios3.0/private/user/s2025244189/s2025244265/AI_driven_proj_Manage/MinerU/mineru/backend/pipeline/model_init.py", line 9, in <module>
    from ...model.layout.pp_doclayoutv2 import PPDocLayoutV2LayoutModel

  File "/hpai/aios3.0/private/user/s2025244189/s2025244265/AI_driven_proj_Manage/MinerU/mineru/model/layout/pp_doclayoutv2.py", line 19, in <module>
    from transformers import AutoConfig

  File "/home/s2025244189/miniconda3/envs/mineru/lib/python3.10/site-packages/transformers/__init__.py", line 958, in <module>
    import_structure = define_import_structure(Path(__file__).parent / "models", prefix="models")
                       │                       │    └ '/home/s2025244189/miniconda3/envs/mineru/lib/python3.10/site-packages/transformers/__init__.py'
                       │                       └ <class 'pathlib.Path'>
                       └ <functools._lru_cache_wrapper object at 0x7f9ee1e6fe20>
  File "/home/s2025244189/miniconda3/envs/mineru/lib/python3.10/site-packages/transformers/utils/import_utils.py", line 2867, in define_import_structure
    import_structure = create_import_structure_from_path(module_path)
                       │                                 └ PosixPath('/home/s2025244189/miniconda3/envs/mineru/lib/python3.10/site-packages/transformers/models')
                       └ <functools._lru_cache_wrapper object at 0x7f9ee1e6fd70>
  File "/home/s2025244189/miniconda3/envs/mineru/lib/python3.10/site-packages/transformers/utils/import_utils.py", line 2580, in create_import_structure_from_path
    import_structure[f] = create_import_structure_from_path(os.path.join(module_path, f))
    │                │    │                                 │  │    │    │            └ 'bert'
    │                │    │                                 │  │    │    └ PosixPath('/home/s2025244189/miniconda3/envs/mineru/lib/python3.10/site-packages/transformers/models')
    │                │    │                                 │  │    └ <function join at 0x7f9fc762add0>
    │                │    │                                 │  └ <module 'posixpath' from '/home/s2025244189/miniconda3/envs/mineru/lib/python3.10/posixpath.py'>
    │                │    │                                 └ <module 'os' from '/home/s2025244189/miniconda3/envs/mineru/lib/python3.10/os.py'>
    │                │    └ <functools._lru_cache_wrapper object at 0x7f9ee1e6fd70>
    │                └ 'bert'
    └ {'glm4v_moe': {frozenset({'torch'}): {'modeling_glm4v_moe': {'Glm4vMoeForConditionalGeneration', 'Glm4vMoeTextModel', 'Glm4vM...
  File "/home/s2025244189/miniconda3/envs/mineru/lib/python3.10/site-packages/transformers/utils/import_utils.py", line 2604, in create_import_structure_from_path
    with open(os.path.join(directory, module_name), encoding="utf-8") as f:
              │  │    │    │          │                                  └ <_io.TextIOWrapper name='/home/s2025244189/miniconda3/envs/mineru/lib/python3.10/site-packages/transformers/models/bert/model...
              │  │    │    │          └ 'tokenization_bert.py'
              │  │    │    └ '/home/s2025244189/miniconda3/envs/mineru/lib/python3.10/site-packages/transformers/models/bert'
              │  │    └ <function join at 0x7f9fc762add0>
              │  └ <module 'posixpath' from '/home/s2025244189/miniconda3/envs/mineru/lib/python3.10/posixpath.py'>
              └ <module 'os' from '/home/s2025244189/miniconda3/envs/mineru/lib/python3.10/os.py'>

FileNotFoundError: [Errno 2] No such file or directory: '/home/s2025244189/miniconda3/envs/mineru/lib/python3.10/site-packages/transformers/models/bert/tokenization_bert.py'
INFO:     Shutting down
INFO:     Waiting for application shutdown.
INFO:     Application shutdown complete.
INFO:     Finished server process [2791851]
Error: 1 task(s) failed while processing documents:
- task#1 (2025.05.29 ETX202303-07-078-03R1-PT9L-红外体温计-正式报告): Task d1abd2cf-6b18-4070-9ba4-5e734c86ce48 failed for task#1 [2025.05.29 ETX202303-07-078-03R1-PT9L-红外体温计-正式报告]: {"task_id": "d1abd2cf-6b18-4070-9ba4-5e734c86ce48", "status": "failed", "backend": "hybrid-auto-engine", "file_names": ["2025.05.29 ETX202303-07-078-03R1-PT9L-红外体温计-正式报告"], "created_at": "2026-05-05T23:55:00.732582+00:00", "started_at": "2026-05-05T23:55:00.733236+00:00", "completed_at": "2026-05-05T23:55:10.644748+00:00", "error": "[Errno 2] No such file or directory: '/home/s2025244189/miniconda3/envs/mineru/lib/python3.10/site-packages/transformers/models/bert/tokenization_bert.py'", "status_url": "http://127.0.0.1:58505/tasks/d1abd2cf-6b18-4070-9ba4-5e734c86ce48", "result_url": "http://127.0.0.1:58505/tasks/d1abd2cf-6b18-4070-9ba4-5e734c86ce48/result", "queued_ahead": 0}

ERROR conda.cli.main_run:execute(127): `conda run mineru -p /home/s2025244189/s2025244265/AI_driven_proj_Manage/data_Processed/DHF -梳理版_预处理/11-设计确认/16-实验报告/2025.05.29 ETX202303-07-078-03R1-PT9L-红外体温计-正式报告.pdf -o /home/s2025244189/s2025244265/AI_driven_proj_Manage/data_Processed/DHF -梳理版_预处理_hybrid-auto处理/11-设计确认/16-实验报告 -b hybrid-auto-engine -m auto -l ch` failed. (See above for error)
2026-05-06 07:55:21.424 | INFO     | mineru.cli.client:run_orchestrated_cli:874 - Started local mineru-api at http://127.0.0.1:43393
2026-05-06 07:55:25.073 | INFO     | __main__:create_app:260 - Request concurrency limited to 3
INFO:     Started server process [2792104]
INFO:     Waiting for application startup.
INFO:     Application startup complete.
INFO:     Uvicorn running on http://127.0.0.1:43393 (Press CTRL+C to quit)
2026-05-06 07:55:25.457 | INFO     | mineru.cli.client:run_planned_task:771 - Submitting batch 1/1 | 1 document, 1 page in this batch | 1 page total | task#1 [Analysis and Evaluation Report o...Touch Forehead Thermometer（PT9L） (1)]
2026-05-06 07:55:26.141 | WARNING  | mineru.backend.utils.office_image:serialize_vector_part_with_placeholder:161 - Skipping WMF image part before Pillow load, part_name=/word/media/image1.wmf, content_type=image/x-wmf
2026-05-06 07:55:26.319 | WARNING  | mineru.cli.common:aio_do_parse:749 - No valid PDF or image files to process.
2026-05-06 07:55:26.702 | INFO     | mineru.cli.client:run_planned_task:807 - Completed batch 1/1 | Processed 1/1 page | 1 of 1 batch finished | task#1 [Analysis and Evaluation Report o...Touch Forehead Thermometer（PT9L） (1)]
2026-05-06 07:55:26.727 | WARNING  | mineru.cli.client:log_visualization_future_result:390 - Skipping visualization for Analysis and Evaluation Report o...Touch Forehead Thermometer（PT9L） (1): missing origin.pdf: Analysis and Evaluation Report o...Touch Forehead Thermometer（PT9L） (1)_origin.pdf
INFO:     Shutting down
INFO:     Waiting for application shutdown.
INFO:     Application shutdown complete.
INFO:     Finished server process [2792104]

2026-05-06 07:55:45.003 | INFO     | mineru.cli.client:run_orchestrated_cli:874 - Started local mineru-api at http://127.0.0.1:49509
2026-05-06 07:55:48.518 | INFO     | __main__:create_app:260 - Request concurrency limited to 3
INFO:     Started server process [2792280]
INFO:     Waiting for application startup.
INFO:     Application startup complete.
INFO:     Uvicorn running on http://127.0.0.1:49509 (Press CTRL+C to quit)
2026-05-06 07:55:49.035 | INFO     | mineru.cli.client:run_planned_task:771 - Submitting batch 1/1 | 1 document, 3 pages in this batch | 3 pages total | task#1 [Annex I--ETX202303-07-078-05 Test Report（PT9L） (2)]
2026-05-06 07:55:52.503 | INFO     | mineru.utils.engine_utils:get_vlm_engine:34 - Using vllm-async-engine as the inference engine for VLM.
2026-05-06 07:56:04.963 | INFO     | mineru.backend.vlm.utils:enable_custom_logits_processors:56 - compute_capability: 8.0 >= 8.0 and vllm version: 0.11.2 >= 0.10.1, enable custom_logits_processors
[1;36m(EngineCore_DP0 pid=2792444)[0;0m The image processor of type `Qwen2VLImageProcessor` is now loaded as a fast processor by default, even if the model checkpoint was saved with a slow processor. This is a breaking change and may produce slightly different outputs. To continue using the slow processor, instantiate this class with `use_fast=False`. Note that this behavior will be extended to all models in a future release.
[1;36m(EngineCore_DP0 pid=2792444)[0;0m /home/s2025244189/miniconda3/envs/mineru/lib/python3.10/site-packages/tvm_ffi/_optional_torch_c_dlpack.py:181: UserWarning: Failed to JIT torch c dlpack extension, EnvTensorAllocator will not be enabled.
[1;36m(EngineCore_DP0 pid=2792444)[0;0m We recommend installing via `pip install torch-c-dlpack-ext`
[1;36m(EngineCore_DP0 pid=2792444)[0;0m   warnings.warn(
[1;36m(EngineCore_DP0 pid=2792444)[0;0m 
Loading safetensors checkpoint shards:   0% Completed | 0/1 [00:00<?, ?it/s]
[1;36m(EngineCore_DP0 pid=2792444)[0;0m 
Loading safetensors checkpoint shards: 100% Completed | 1/1 [00:01<00:00,  1.26s/it]
[1;36m(EngineCore_DP0 pid=2792444)[0;0m 
Loading safetensors checkpoint shards: 100% Completed | 1/1 [00:01<00:00,  1.26s/it]
[1;36m(EngineCore_DP0 pid=2792444)[0;0m 
[1;36m(EngineCore_DP0 pid=2792444)[0;0m 
Capturing CUDA graphs (mixed prefill-decode, PIECEWISE):   0%|          | 0/35 [00:00<?, ?it/s]
Capturing CUDA graphs (mixed prefill-decode, PIECEWISE):   9%|▊         | 3/35 [00:00<00:01, 28.40it/s]
Capturing CUDA graphs (mixed prefill-decode, PIECEWISE):  17%|█▋        | 6/35 [00:00<00:01, 28.50it/s]
Capturing CUDA graphs (mixed prefill-decode, PIECEWISE):  26%|██▌       | 9/35 [00:00<00:00, 28.70it/s]
Capturing CUDA graphs (mixed prefill-decode, PIECEWISE):  34%|███▍      | 12/35 [00:00<00:00, 29.03it/s]
Capturing CUDA graphs (mixed prefill-decode, PIECEWISE):  43%|████▎     | 15/35 [00:00<00:00, 29.10it/s]
Capturing CUDA graphs (mixed prefill-decode, PIECEWISE):  51%|█████▏    | 18/35 [00:00<00:00, 29.04it/s]
Capturing CUDA graphs (mixed prefill-decode, PIECEWISE):  60%|██████    | 21/35 [00:00<00:00, 29.14it/s]
Capturing CUDA graphs (mixed prefill-decode, PIECEWISE):  69%|██████▊   | 24/35 [00:00<00:00, 29.30it/s]
Capturing CUDA graphs (mixed prefill-decode, PIECEWISE):  77%|███████▋  | 27/35 [00:00<00:00, 28.95it/s]
Capturing CUDA graphs (mixed prefill-decode, PIECEWISE):  86%|████████▌ | 30/35 [00:01<00:00, 26.04it/s]
Capturing CUDA graphs (mixed prefill-decode, PIECEWISE):  94%|█████████▍| 33/35 [00:01<00:00, 26.31it/s]
Capturing CUDA graphs (mixed prefill-decode, PIECEWISE): 100%|██████████| 35/35 [00:01<00:00, 27.93it/s]
[1;36m(EngineCore_DP0 pid=2792444)[0;0m 
Capturing CUDA graphs (decode, FULL):   0%|          | 0/19 [00:00<?, ?it/s]
Capturing CUDA graphs (decode, FULL):  16%|█▌        | 3/19 [00:00<00:00, 29.73it/s]
Capturing CUDA graphs (decode, FULL):  32%|███▏      | 6/19 [00:00<00:00, 29.45it/s]
Capturing CUDA graphs (decode, FULL):  53%|█████▎    | 10/19 [00:00<00:00, 30.04it/s]
Capturing CUDA graphs (decode, FULL):  68%|██████▊   | 13/19 [00:00<00:00, 29.76it/s]
Capturing CUDA graphs (decode, FULL):  89%|████████▉ | 17/19 [00:00<00:00, 30.54it/s]
Capturing CUDA graphs (decode, FULL): 100%|██████████| 19/19 [00:00<00:00, 30.34it/s]
2026-05-06 07:56:58.088 | INFO     | mineru.backend.vlm.vlm_analyze:get_model:251 - get vllm-async-engine predictor cost: 57.1s
2026-05-06 07:56:58.160 | INFO     | mineru.backend.hybrid.hybrid_analyze:aio_doc_analyze:706 - Hybrid processing-window run. page_count=3, window_size=64, total_windows=1
2026-05-06 07:56:58.199 | INFO     | mineru.backend.hybrid.hybrid_analyze:get_batch_ratio:515 - hybrid batch ratio (auto, vram=79GB): 16
2026-05-06 07:57:03.024 | INFO     | mineru.backend.hybrid.hybrid_analyze:aio_doc_analyze:727 - Hybrid processing window 1/1: pages 1-3/3 (3 pages)

Two Step Extraction:   0%|          | 0/3 [00:00<?, ?it/s]The image processor of type `Qwen2VLImageProcessor` is now loaded as a fast processor by default, even if the model checkpoint was saved with a slow processor. This is a breaking change and may produce slightly different outputs. To continue using the slow processor, instantiate this class with `use_fast=False`. Note that this behavior will be extended to all models in a future release.

Two Step Extraction:  33%|███▎      | 1/3 [00:08<00:16,  8.19s/it]
Two Step Extraction:  67%|██████▋   | 2/3 [00:08<00:03,  3.79s/it]
Two Step Extraction: 100%|██████████| 3/3 [00:08<00:00,  2.98s/it]

Layout Predict:   0%|          | 0/3 [00:00<?, ?it/s]
Layout Predict: 100%|██████████| 3/3 [00:03<00:00,  1.03s/it]
Layout Predict: 100%|██████████| 3/3 [00:03<00:00,  1.03s/it]

OCR-det:   0%|          | 0/5 [00:00<?, ?it/s]
OCR-det:  80%|████████  | 4/5 [00:00<00:00, 38.07it/s]
OCR-det: 100%|██████████| 5/5 [00:00<00:00, 40.07it/s]

Processing pages:   0%|          | 0/3 [00:00<?, ?it/s]
Processing pages:  67%|██████▋   | 2/3 [00:00<00:00, 15.71it/s]
Processing pages: 100%|██████████| 3/3 [00:00<00:00, 18.17it/s]
2026-05-06 07:57:23.933 | INFO     | mineru.cli.client:run_planned_task:807 - Completed batch 1/1 | Processed 3/3 pages | 1 of 1 batch finished | task#1 [Annex I--ETX202303-07-078-05 Test Report（PT9L） (2)]
INFO:     Shutting down
[rank0]:[W506 07:57:34.490999852 ProcessGroupNCCL.cpp:1524] Warning: WARNING: destroy_process_group() was not called before program exit, which can leak resources. For more info, please see https://pytorch.org/docs/stable/distributed.html#shutdown (function operator())
INFO:     Waiting for application shutdown.
INFO:     Application shutdown complete.
INFO:     Finished server process [2792280]

2026-05-06 07:57:45.938 | INFO     | mineru.cli.client:run_orchestrated_cli:874 - Started local mineru-api at http://127.0.0.1:60589
2026-05-06 07:57:49.621 | INFO     | __main__:create_app:260 - Request concurrency limited to 3
INFO:     Started server process [2792871]
INFO:     Waiting for application startup.
INFO:     Application startup complete.
INFO:     Uvicorn running on http://127.0.0.1:60589 (Press CTRL+C to quit)
2026-05-06 07:57:49.971 | INFO     | mineru.cli.client:run_planned_task:771 - Submitting batch 1/1 | 1 document, 1 page in this batch | 1 page total | task#1 [Annex II --Infrared No-Touch For...er performance test report（PT9L）]
2026-05-06 07:57:50.618 | WARNING  | mineru.cli.common:aio_do_parse:749 - No valid PDF or image files to process.
2026-05-06 07:57:51.282 | INFO     | mineru.cli.client:run_planned_task:807 - Completed batch 1/1 | Processed 1/1 page | 1 of 1 batch finished | task#1 [Annex II --Infrared No-Touch For...er performance test report（PT9L）]
2026-05-06 07:57:51.309 | WARNING  | mineru.cli.client:log_visualization_future_result:390 - Skipping visualization for Annex II --Infrared No-Touch For...er performance test report（PT9L）: missing origin.pdf: Annex II --Infrared No-Touch For...er performance test report（PT9L）_origin.pdf
INFO:     Shutting down
INFO:     Waiting for application shutdown.
INFO:     Application shutdown complete.
INFO:     Finished server process [2792871]

2026-05-06 07:58:09.221 | INFO     | mineru.cli.client:run_orchestrated_cli:874 - Started local mineru-api at http://127.0.0.1:34231
2026-05-06 07:58:12.935 | INFO     | __main__:create_app:260 - Request concurrency limited to 3
INFO:     Started server process [2793054]
INFO:     Waiting for application startup.
INFO:     Application startup complete.
INFO:     Uvicorn running on http://127.0.0.1:34231 (Press CTRL+C to quit)
2026-05-06 07:58:13.254 | INFO     | mineru.cli.client:run_planned_task:771 - Submitting batch 1/1 | 1 document, 1 page in this batch | 1 page total | task#1 [上市批准书E1]
2026-05-06 07:58:13.751 | WARNING  | mineru.cli.common:aio_do_parse:749 - No valid PDF or image files to process.
2026-05-06 07:58:14.418 | INFO     | mineru.cli.client:run_planned_task:807 - Completed batch 1/1 | Processed 1/1 page | 1 of 1 batch finished | task#1 [上市批准书E1]
2026-05-06 07:58:14.447 | WARNING  | mineru.cli.client:log_visualization_future_result:390 - Skipping visualization for 上市批准书E1: missing origin.pdf: 上市批准书E1_origin.pdf
INFO:     Shutting down
INFO:     Waiting for application shutdown.
INFO:     Application shutdown complete.
INFO:     Finished server process [2793054]

2026-05-06 07:58:32.962 | INFO     | mineru.cli.client:run_orchestrated_cli:874 - Started local mineru-api at http://127.0.0.1:55487
2026-05-06 07:58:37.145 | INFO     | __main__:create_app:260 - Request concurrency limited to 3
INFO:     Started server process [2793226]
INFO:     Waiting for application startup.
INFO:     Application startup complete.
INFO:     Uvicorn running on http://127.0.0.1:55487 (Press CTRL+C to quit)
2026-05-06 07:58:38.000 | INFO     | mineru.cli.client:run_planned_task:771 - Submitting batch 1/1 | 1 document, 1 page in this batch | 1 page total | task#1 [PT9L 主记录明细]
2026-05-06 07:58:38.761 | WARNING  | mineru.cli.common:aio_do_parse:749 - No valid PDF or image files to process.
2026-05-06 07:58:39.158 | INFO     | mineru.cli.client:run_planned_task:807 - Completed batch 1/1 | Processed 1/1 page | 1 of 1 batch finished | task#1 [PT9L 主记录明细]
2026-05-06 07:58:39.186 | WARNING  | mineru.cli.client:log_visualization_future_result:390 - Skipping visualization for PT9L 主记录明细: missing origin.pdf: PT9L 主记录明细_origin.pdf
INFO:     Shutting down
INFO:     Waiting for application shutdown.
INFO:     Application shutdown complete.
INFO:     Finished server process [2793226]

2026-05-06 07:58:57.159 | INFO     | mineru.cli.client:run_orchestrated_cli:874 - Started local mineru-api at http://127.0.0.1:39333
2026-05-06 07:59:00.462 | INFO     | __main__:create_app:260 - Request concurrency limited to 3
INFO:     Started server process [2793413]
INFO:     Waiting for application startup.
INFO:     Application startup complete.
INFO:     Uvicorn running on http://127.0.0.1:39333 (Press CTRL+C to quit)
2026-05-06 07:59:01.190 | INFO     | mineru.cli.client:run_planned_task:771 - Submitting batch 1/1 | 1 document, 1 page in this batch | 1 page total | task#1 [PT9L 操作作业指导书（标准）-插件探头1.0]
/home/s2025244189/miniconda3/envs/mineru/lib/python3.10/site-packages/openpyxl/reader/drawings.py:67: UserWarning: wmf image format is not supported so the image is being dropped
  warn(msg)
2026-05-06 07:59:04.708 | WARNING  | mineru.cli.common:aio_do_parse:749 - No valid PDF or image files to process.
2026-05-06 07:59:05.332 | INFO     | mineru.cli.client:run_planned_task:807 - Completed batch 1/1 | Processed 1/1 page | 1 of 1 batch finished | task#1 [PT9L 操作作业指导书（标准）-插件探头1.0]
2026-05-06 07:59:05.352 | WARNING  | mineru.cli.client:log_visualization_future_result:390 - Skipping visualization for PT9L 操作作业指导书（标准）-插件探头1.0: missing origin.pdf: PT9L 操作作业指导书（标准）-插件探头1.0_origin.pdf
INFO:     Shutting down
INFO:     Waiting for application shutdown.
INFO:     Application shutdown complete.
INFO:     Finished server process [2793413]

2026-05-06 07:59:23.119 | INFO     | mineru.cli.client:run_orchestrated_cli:874 - Started local mineru-api at http://127.0.0.1:44945
2026-05-06 07:59:26.931 | INFO     | __main__:create_app:260 - Request concurrency limited to 3
INFO:     Started server process [2793579]
INFO:     Waiting for application startup.
INFO:     Application startup complete.
INFO:     Uvicorn running on http://127.0.0.1:44945 (Press CTRL+C to quit)
2026-05-06 07:59:27.155 | INFO     | mineru.cli.client:run_planned_task:771 - Submitting batch 1/1 | 1 document, 1 page in this batch | 1 page total | task#1 [PT9L 操作作业指导书（标准）-插件机芯1.0]
/home/s2025244189/miniconda3/envs/mineru/lib/python3.10/site-packages/openpyxl/reader/drawings.py:67: UserWarning: wmf image format is not supported so the image is being dropped
  warn(msg)
2026-05-06 07:59:30.054 | WARNING  | mineru.cli.common:aio_do_parse:749 - No valid PDF or image files to process.
2026-05-06 07:59:30.929 | INFO     | mineru.cli.client:run_planned_task:807 - Completed batch 1/1 | Processed 1/1 page | 1 of 1 batch finished | task#1 [PT9L 操作作业指导书（标准）-插件机芯1.0]
2026-05-06 07:59:30.951 | WARNING  | mineru.cli.client:log_visualization_future_result:390 - Skipping visualization for PT9L 操作作业指导书（标准）-插件机芯1.0: missing origin.pdf: PT9L 操作作业指导书（标准）-插件机芯1.0_origin.pdf
INFO:     Shutting down
INFO:     Waiting for application shutdown.
INFO:     Application shutdown complete.
INFO:     Finished server process [2793579]

2026-05-06 07:59:48.919 | INFO     | mineru.cli.client:run_orchestrated_cli:874 - Started local mineru-api at http://127.0.0.1:47499
2026-05-06 07:59:52.281 | INFO     | __main__:create_app:260 - Request concurrency limited to 3
INFO:     Started server process [2793761]
INFO:     Waiting for application startup.
INFO:     Application startup complete.
INFO:     Uvicorn running on http://127.0.0.1:47499 (Press CTRL+C to quit)
2026-05-06 07:59:52.951 | INFO     | mineru.cli.client:run_planned_task:771 - Submitting batch 1/1 | 1 document, 1 page in this batch | 1 page total | task#1 [PT9L 操作作业指导书（标准）-邦定机芯1.0]
/home/s2025244189/miniconda3/envs/mineru/lib/python3.10/site-packages/openpyxl/reader/drawings.py:67: UserWarning: wmf image format is not supported so the image is being dropped
  warn(msg)
2026-05-06 07:59:58.466 | WARNING  | mineru.cli.common:aio_do_parse:749 - No valid PDF or image files to process.
2026-05-06 08:00:01.369 | INFO     | mineru.cli.client:run_planned_task:807 - Completed batch 1/1 | Processed 1/1 page | 1 of 1 batch finished | task#1 [PT9L 操作作业指导书（标准）-邦定机芯1.0]
2026-05-06 08:00:01.391 | WARNING  | mineru.cli.client:log_visualization_future_result:390 - Skipping visualization for PT9L 操作作业指导书（标准）-邦定机芯1.0: missing origin.pdf: PT9L 操作作业指导书（标准）-邦定机芯1.0_origin.pdf
INFO:     Shutting down
INFO:     Waiting for application shutdown.
INFO:     Application shutdown complete.
INFO:     Finished server process [2793761]

2026-05-06 08:00:19.479 | INFO     | mineru.cli.client:run_orchestrated_cli:874 - Started local mineru-api at http://127.0.0.1:57073
2026-05-06 08:00:23.044 | INFO     | __main__:create_app:260 - Request concurrency limited to 3
INFO:     Started server process [2794043]
INFO:     Waiting for application startup.
INFO:     Application startup complete.
INFO:     Uvicorn running on http://127.0.0.1:57073 (Press CTRL+C to quit)
2026-05-06 08:00:23.515 | INFO     | mineru.cli.client:run_planned_task:771 - Submitting batch 1/1 | 1 document, 1 page in this batch | 1 page total | task#1 [PT9L 检验作业指导书（标准）-插件探头1.0]
2026-05-06 08:00:23.981 | WARNING  | mineru.cli.common:aio_do_parse:749 - No valid PDF or image files to process.
2026-05-06 08:00:24.742 | INFO     | mineru.cli.client:run_planned_task:807 - Completed batch 1/1 | Processed 1/1 page | 1 of 1 batch finished | task#1 [PT9L 检验作业指导书（标准）-插件探头1.0]
2026-05-06 08:00:24.768 | WARNING  | mineru.cli.client:log_visualization_future_result:390 - Skipping visualization for PT9L 检验作业指导书（标准）-插件探头1.0: missing origin.pdf: PT9L 检验作业指导书（标准）-插件探头1.0_origin.pdf
INFO:     Shutting down
INFO:     Waiting for application shutdown.
INFO:     Application shutdown complete.
INFO:     Finished server process [2794043]

2026-05-06 08:00:42.784 | INFO     | mineru.cli.client:run_orchestrated_cli:874 - Started local mineru-api at http://127.0.0.1:48255
2026-05-06 08:00:46.297 | INFO     | __main__:create_app:260 - Request concurrency limited to 3
INFO:     Started server process [2794221]
INFO:     Waiting for application startup.
INFO:     Application startup complete.
INFO:     Uvicorn running on http://127.0.0.1:48255 (Press CTRL+C to quit)
2026-05-06 08:00:46.818 | INFO     | mineru.cli.client:run_planned_task:771 - Submitting batch 1/1 | 1 document, 1 page in this batch | 1 page total | task#1 [PT9L 检验作业指导书（标准）-插件机芯1.0]
2026-05-06 08:00:47.287 | WARNING  | mineru.cli.common:aio_do_parse:749 - No valid PDF or image files to process.
2026-05-06 08:00:48.081 | INFO     | mineru.cli.client:run_planned_task:807 - Completed batch 1/1 | Processed 1/1 page | 1 of 1 batch finished | task#1 [PT9L 检验作业指导书（标准）-插件机芯1.0]
2026-05-06 08:00:48.107 | WARNING  | mineru.cli.client:log_visualization_future_result:390 - Skipping visualization for PT9L 检验作业指导书（标准）-插件机芯1.0: missing origin.pdf: PT9L 检验作业指导书（标准）-插件机芯1.0_origin.pdf
INFO:     Shutting down
INFO:     Waiting for application shutdown.
INFO:     Application shutdown complete.
INFO:     Finished server process [2794221]

2026-05-06 08:01:05.852 | INFO     | mineru.cli.client:run_orchestrated_cli:874 - Started local mineru-api at http://127.0.0.1:43963
2026-05-06 08:01:09.573 | INFO     | __main__:create_app:260 - Request concurrency limited to 3
INFO:     Started server process [2794432]
INFO:     Waiting for application startup.
INFO:     Application startup complete.
INFO:     Uvicorn running on http://127.0.0.1:43963 (Press CTRL+C to quit)
2026-05-06 08:01:09.886 | INFO     | mineru.cli.client:run_planned_task:771 - Submitting batch 1/1 | 1 document, 1 page in this batch | 1 page total | task#1 [PT9L 检验作业指导书（标准）-邦定机芯1.0]
2026-05-06 08:01:10.329 | WARNING  | mineru.model.docx.docx_converter:_handle_pictures:1332 - Warning: image cannot be found
2026-05-06 08:01:10.330 | WARNING  | mineru.model.docx.docx_converter:_handle_pictures:1332 - Warning: image cannot be found
2026-05-06 08:01:10.371 | WARNING  | mineru.cli.common:aio_do_parse:749 - No valid PDF or image files to process.
2026-05-06 08:01:11.084 | INFO     | mineru.cli.client:run_planned_task:807 - Completed batch 1/1 | Processed 1/1 page | 1 of 1 batch finished | task#1 [PT9L 检验作业指导书（标准）-邦定机芯1.0]
2026-05-06 08:01:11.113 | WARNING  | mineru.cli.client:log_visualization_future_result:390 - Skipping visualization for PT9L 检验作业指导书（标准）-邦定机芯1.0: missing origin.pdf: PT9L 检验作业指导书（标准）-邦定机芯1.0_origin.pdf
INFO:     Shutting down
INFO:     Waiting for application shutdown.
INFO:     Application shutdown complete.
INFO:     Finished server process [2794432]

2026-05-06 08:01:28.886 | INFO     | mineru.cli.client:run_orchestrated_cli:874 - Started local mineru-api at http://127.0.0.1:48133
2026-05-06 08:01:32.562 | INFO     | __main__:create_app:260 - Request concurrency limited to 3
INFO:     Started server process [2794606]
INFO:     Waiting for application startup.
INFO:     Application startup complete.
INFO:     Uvicorn running on http://127.0.0.1:48133 (Press CTRL+C to quit)
2026-05-06 08:01:32.919 | INFO     | mineru.cli.client:run_planned_task:771 - Submitting batch 1/1 | 1 document, 23 pages in this batch | 23 pages total | task#1 [PT9L主机操作作业指导书 （标准）-主机 1.0]
2026-05-06 08:01:38.485 | INFO     | mineru.utils.engine_utils:get_vlm_engine:34 - Using vllm-async-engine as the inference engine for VLM.
2026-05-06 08:01:52.546 | INFO     | mineru.backend.vlm.utils:enable_custom_logits_processors:56 - compute_capability: 8.0 >= 8.0 and vllm version: 0.11.2 >= 0.10.1, enable custom_logits_processors
[1;36m(EngineCore_DP0 pid=2794746)[0;0m The image processor of type `Qwen2VLImageProcessor` is now loaded as a fast processor by default, even if the model checkpoint was saved with a slow processor. This is a breaking change and may produce slightly different outputs. To continue using the slow processor, instantiate this class with `use_fast=False`. Note that this behavior will be extended to all models in a future release.
[1;36m(EngineCore_DP0 pid=2794746)[0;0m /home/s2025244189/miniconda3/envs/mineru/lib/python3.10/site-packages/tvm_ffi/_optional_torch_c_dlpack.py:181: UserWarning: Failed to JIT torch c dlpack extension, EnvTensorAllocator will not be enabled.
[1;36m(EngineCore_DP0 pid=2794746)[0;0m We recommend installing via `pip install torch-c-dlpack-ext`
[1;36m(EngineCore_DP0 pid=2794746)[0;0m   warnings.warn(
[1;36m(EngineCore_DP0 pid=2794746)[0;0m 
Loading safetensors checkpoint shards:   0% Completed | 0/1 [00:00<?, ?it/s]
[1;36m(EngineCore_DP0 pid=2794746)[0;0m 
Loading safetensors checkpoint shards: 100% Completed | 1/1 [00:01<00:00,  1.37s/it]
[1;36m(EngineCore_DP0 pid=2794746)[0;0m 
Loading safetensors checkpoint shards: 100% Completed | 1/1 [00:01<00:00,  1.37s/it]
[1;36m(EngineCore_DP0 pid=2794746)[0;0m 
[1;36m(EngineCore_DP0 pid=2794746)[0;0m 
Capturing CUDA graphs (mixed prefill-decode, PIECEWISE):   0%|          | 0/35 [00:00<?, ?it/s]
Capturing CUDA graphs (mixed prefill-decode, PIECEWISE):   9%|▊         | 3/35 [00:00<00:01, 26.41it/s]
Capturing CUDA graphs (mixed prefill-decode, PIECEWISE):  17%|█▋        | 6/35 [00:00<00:01, 25.82it/s]
Capturing CUDA graphs (mixed prefill-decode, PIECEWISE):  26%|██▌       | 9/35 [00:00<00:01, 25.59it/s]
Capturing CUDA graphs (mixed prefill-decode, PIECEWISE):  34%|███▍      | 12/35 [00:00<00:00, 25.51it/s]
Capturing CUDA graphs (mixed prefill-decode, PIECEWISE):  43%|████▎     | 15/35 [00:00<00:00, 25.68it/s]
Capturing CUDA graphs (mixed prefill-decode, PIECEWISE):  51%|█████▏    | 18/35 [00:00<00:00, 26.22it/s]
Capturing CUDA graphs (mixed prefill-decode, PIECEWISE):  60%|██████    | 21/35 [00:00<00:00, 26.58it/s]
Capturing CUDA graphs (mixed prefill-decode, PIECEWISE):  69%|██████▊   | 24/35 [00:00<00:00, 26.89it/s]
Capturing CUDA graphs (mixed prefill-decode, PIECEWISE):  77%|███████▋  | 27/35 [00:01<00:00, 26.64it/s]
Capturing CUDA graphs (mixed prefill-decode, PIECEWISE):  86%|████████▌ | 30/35 [00:01<00:00, 23.99it/s]
Capturing CUDA graphs (mixed prefill-decode, PIECEWISE):  94%|█████████▍| 33/35 [00:01<00:00, 24.92it/s]
Capturing CUDA graphs (mixed prefill-decode, PIECEWISE): 100%|██████████| 35/35 [00:01<00:00, 25.70it/s]
[1;36m(EngineCore_DP0 pid=2794746)[0;0m 
Capturing CUDA graphs (decode, FULL):   0%|          | 0/19 [00:00<?, ?it/s]
Capturing CUDA graphs (decode, FULL):  16%|█▌        | 3/19 [00:00<00:00, 28.06it/s]
Capturing CUDA graphs (decode, FULL):  32%|███▏      | 6/19 [00:00<00:00, 27.45it/s]
Capturing CUDA graphs (decode, FULL):  47%|████▋     | 9/19 [00:00<00:00, 27.52it/s]
Capturing CUDA graphs (decode, FULL):  63%|██████▎   | 12/19 [00:00<00:00, 27.64it/s]
Capturing CUDA graphs (decode, FULL):  79%|███████▉  | 15/19 [00:00<00:00, 27.46it/s]
Capturing CUDA graphs (decode, FULL):  95%|█████████▍| 18/19 [00:00<00:00, 27.88it/s]
Capturing CUDA graphs (decode, FULL): 100%|██████████| 19/19 [00:00<00:00, 27.84it/s]
2026-05-06 08:02:48.336 | INFO     | mineru.backend.vlm.vlm_analyze:get_model:251 - get vllm-async-engine predictor cost: 59.57s
2026-05-06 08:02:49.042 | INFO     | mineru.backend.hybrid.hybrid_analyze:aio_doc_analyze:706 - Hybrid processing-window run. page_count=23, window_size=64, total_windows=1
2026-05-06 08:02:49.086 | INFO     | mineru.backend.hybrid.hybrid_analyze:get_batch_ratio:515 - hybrid batch ratio (auto, vram=79GB): 16
2026-05-06 08:02:56.891 | INFO     | mineru.backend.hybrid.hybrid_analyze:aio_doc_analyze:727 - Hybrid processing window 1/1: pages 1-23/23 (23 pages)

Two Step Extraction:   0%|          | 0/23 [00:00<?, ?it/s]The image processor of type `Qwen2VLImageProcessor` is now loaded as a fast processor by default, even if the model checkpoint was saved with a slow processor. This is a breaking change and may produce slightly different outputs. To continue using the slow processor, instantiate this class with `use_fast=False`. Note that this behavior will be extended to all models in a future release.

Two Step Extraction:   4%|▍         | 1/23 [00:08<03:15,  8.91s/it]
Two Step Extraction:   9%|▊         | 2/23 [00:09<01:19,  3.80s/it]
Two Step Extraction:  17%|█▋        | 4/23 [00:14<01:00,  3.18s/it]
Two Step Extraction:  30%|███       | 7/23 [00:15<00:23,  1.45s/it]
Two Step Extraction:  39%|███▉      | 9/23 [00:15<00:13,  1.02it/s]
Two Step Extraction:  43%|████▎     | 10/23 [00:15<00:10,  1.22it/s]
Two Step Extraction:  52%|█████▏    | 12/23 [00:15<00:06,  1.82it/s]
Two Step Extraction:  61%|██████    | 14/23 [00:15<00:03,  2.63it/s]
Two Step Extraction:  78%|███████▊  | 18/23 [00:16<00:01,  4.70it/s]
Two Step Extraction:  87%|████████▋ | 20/23 [00:16<00:00,  5.20it/s]
Two Step Extraction: 100%|██████████| 23/23 [00:16<00:00,  5.42it/s]
Two Step Extraction: 100%|██████████| 23/23 [00:16<00:00,  1.36it/s]

Layout Predict:   0%|          | 0/23 [00:00<?, ?it/s]
Layout Predict:  35%|███▍      | 8/23 [00:03<00:05,  2.63it/s]
Layout Predict:  70%|██████▉   | 16/23 [00:03<00:01,  5.32it/s]
Layout Predict: 100%|██████████| 23/23 [00:03<00:00,  7.63it/s]
Layout Predict: 100%|██████████| 23/23 [00:03<00:00,  5.98it/s]

OCR-det:   0%|          | 0/12 [00:00<?, ?it/s]
OCR-det:  17%|█▋        | 2/12 [00:00<00:00, 13.15it/s]
OCR-det:  33%|███▎      | 4/12 [00:00<00:00, 11.38it/s]
OCR-det:  50%|█████     | 6/12 [00:00<00:00, 12.33it/s]
OCR-det:  75%|███████▌  | 9/12 [00:00<00:00, 17.29it/s]
OCR-det: 100%|██████████| 12/12 [00:00<00:00, 18.27it/s]

Processing pages:   0%|          | 0/23 [00:00<?, ?it/s]
Processing pages:   9%|▊         | 2/23 [00:00<00:01, 16.97it/s]
Processing pages:  17%|█▋        | 4/23 [00:00<00:01, 17.09it/s]
Processing pages:  26%|██▌       | 6/23 [00:00<00:00, 17.89it/s]
Processing pages:  35%|███▍      | 8/23 [00:00<00:00, 18.18it/s]
Processing pages:  43%|████▎     | 10/23 [00:00<00:00, 18.42it/s]
Processing pages:  52%|█████▏    | 12/23 [00:00<00:00, 18.53it/s]
Processing pages:  61%|██████    | 14/23 [00:00<00:00, 18.72it/s]
Processing pages:  70%|██████▉   | 16/23 [00:00<00:00, 18.60it/s]
Processing pages:  78%|███████▊  | 18/23 [00:00<00:00, 18.22it/s]
Processing pages:  91%|█████████▏| 21/23 [00:01<00:00, 18.70it/s]
Processing pages: 100%|██████████| 23/23 [00:01<00:00, 18.42it/s]

OCR-rec Predict:   0%|          | 0/21 [00:00<?, ?it/s]
OCR-rec Predict: 100%|██████████| 21/21 [00:00<00:00, 296.69it/s]
2026-05-06 08:03:28.859 | INFO     | mineru.cli.client:run_planned_task:807 - Completed batch 1/1 | Processed 23/23 pages | 1 of 1 batch finished | task#1 [PT9L主机操作作业指导书 （标准）-主机 1.0]
INFO:     Shutting down
[rank0]:[W506 08:03:39.400280390 ProcessGroupNCCL.cpp:1524] Warning: WARNING: destroy_process_group() was not called before program exit, which can leak resources. For more info, please see https://pytorch.org/docs/stable/distributed.html#shutdown (function operator())
INFO:     Waiting for application shutdown.
INFO:     Application shutdown complete.
INFO:     Finished server process [2794606]

2026-05-06 08:03:50.290 | INFO     | mineru.cli.client:run_orchestrated_cli:874 - Started local mineru-api at http://127.0.0.1:37709
2026-05-06 08:03:54.501 | INFO     | __main__:create_app:260 - Request concurrency limited to 3
INFO:     Started server process [2795205]
INFO:     Waiting for application startup.
INFO:     Application startup complete.
INFO:     Uvicorn running on http://127.0.0.1:37709 (Press CTRL+C to quit)
2026-05-06 08:03:55.326 | INFO     | mineru.cli.client:run_planned_task:771 - Submitting batch 1/1 | 1 document, 1 page in this batch | 1 page total | task#1 [PT9L出货检验作业指导（标准）成品1.0]
2026-05-06 08:03:57.079 | WARNING  | mineru.cli.common:aio_do_parse:749 - No valid PDF or image files to process.
2026-05-06 08:03:57.447 | INFO     | mineru.cli.client:run_planned_task:807 - Completed batch 1/1 | Processed 1/1 page | 1 of 1 batch finished | task#1 [PT9L出货检验作业指导（标准）成品1.0]
2026-05-06 08:03:57.473 | WARNING  | mineru.cli.client:log_visualization_future_result:390 - Skipping visualization for PT9L出货检验作业指导（标准）成品1.0: missing origin.pdf: PT9L出货检验作业指导（标准）成品1.0_origin.pdf
INFO:     Shutting down
INFO:     Waiting for application shutdown.
INFO:     Application shutdown complete.
INFO:     Finished server process [2795205]

2026-05-06 08:04:16.135 | INFO     | mineru.cli.client:run_orchestrated_cli:874 - Started local mineru-api at http://127.0.0.1:47659
2026-05-06 08:04:20.040 | INFO     | __main__:create_app:260 - Request concurrency limited to 3
INFO:     Started server process [2795386]
INFO:     Waiting for application startup.
INFO:     Application startup complete.
INFO:     Uvicorn running on http://127.0.0.1:47659 (Press CTRL+C to quit)
2026-05-06 08:04:20.167 | INFO     | mineru.cli.client:run_planned_task:771 - Submitting batch 1/1 | 1 document, 1 page in this batch | 1 page total | task#1 [PT9L出货检验规范]
2026-05-06 08:04:56.465 | WARNING  | mineru.cli.common:aio_do_parse:749 - No valid PDF or image files to process.
2026-05-06 08:04:56.534 | INFO     | mineru.cli.client:run_planned_task:807 - Completed batch 1/1 | Processed 1/1 page | 1 of 1 batch finished | task#1 [PT9L出货检验规范]
2026-05-06 08:04:56.561 | WARNING  | mineru.cli.client:log_visualization_future_result:390 - Skipping visualization for PT9L出货检验规范: missing origin.pdf: PT9L出货检验规范_origin.pdf
INFO:     Shutting down
INFO:     Waiting for application shutdown.
INFO:     Application shutdown complete.
INFO:     Finished server process [2795386]

2026-05-06 08:05:17.544 | INFO     | mineru.cli.client:run_orchestrated_cli:874 - Started local mineru-api at http://127.0.0.1:54539
2026-05-06 08:05:21.446 | INFO     | __main__:create_app:260 - Request concurrency limited to 3
INFO:     Started server process [2795701]
INFO:     Waiting for application startup.
INFO:     Application startup complete.
INFO:     Uvicorn running on http://127.0.0.1:54539 (Press CTRL+C to quit)
2026-05-06 08:05:21.575 | INFO     | mineru.cli.client:run_planned_task:771 - Submitting batch 1/1 | 1 document, 1 page in this batch | 1 page total | task#1 [PT9L失效模式及后果分析（过程FMEA）1.0]
2026-05-06 08:06:22.723 | WARNING  | mineru.cli.api_client:wait_for_task_result:921 - Timed out while polling task status for task#1 [PT9L失效模式及后果分析（过程FMEA）1.0] (task_id=d1673f4e-4e04-4d9e-8a1a-05853ce6ddcc). This can happen during cold start; retrying until the task deadline.
2026-05-06 08:07:23.791 | WARNING  | mineru.cli.api_client:wait_for_task_result:921 - Timed out while polling task status for task#1 [PT9L失效模式及后果分析（过程FMEA）1.0] (task_id=d1673f4e-4e04-4d9e-8a1a-05853ce6ddcc). This can happen during cold start; retrying until the task deadline.
2026-05-06 08:07:35.340 | WARNING  | mineru.cli.common:aio_do_parse:749 - No valid PDF or image files to process.
2026-05-06 08:07:35.571 | INFO     | mineru.cli.client:run_planned_task:807 - Completed batch 1/1 | Processed 1/1 page | 1 of 1 batch finished | task#1 [PT9L失效模式及后果分析（过程FMEA）1.0]
2026-05-06 08:07:35.594 | WARNING  | mineru.cli.client:log_visualization_future_result:390 - Skipping visualization for PT9L失效模式及后果分析（过程FMEA）1.0: missing origin.pdf: PT9L失效模式及后果分析（过程FMEA）1.0_origin.pdf
INFO:     Shutting down
INFO:     Waiting for application shutdown.
INFO:     Application shutdown complete.
INFO:     Finished server process [2795701]

2026-05-06 08:08:01.642 | INFO     | mineru.cli.client:run_orchestrated_cli:874 - Started local mineru-api at http://127.0.0.1:47751
2026-05-06 08:08:05.375 | INFO     | __main__:create_app:260 - Request concurrency limited to 3
INFO:     Started server process [2796142]
INFO:     Waiting for application startup.
INFO:     Application startup complete.
INFO:     Uvicorn running on http://127.0.0.1:47751 (Press CTRL+C to quit)
2026-05-06 08:08:05.673 | INFO     | mineru.cli.client:run_planned_task:771 - Submitting batch 1/1 | 1 document, 1 page in this batch | 1 page total | task#1 [PT9L工序控制大纲]
2026-05-06 08:09:06.841 | WARNING  | mineru.cli.api_client:wait_for_task_result:921 - Timed out while polling task status for task#1 [PT9L工序控制大纲] (task_id=5685cf64-ff72-425b-8f8d-a2595eb033f0). This can happen during cold start; retrying until the task deadline.
2026-05-06 08:10:04.957 | WARNING  | mineru.cli.common:aio_do_parse:749 - No valid PDF or image files to process.
2026-05-06 08:10:05.083 | INFO     | mineru.cli.client:run_planned_task:807 - Completed batch 1/1 | Processed 1/1 page | 1 of 1 batch finished | task#1 [PT9L工序控制大纲]
2026-05-06 08:10:05.108 | WARNING  | mineru.cli.client:log_visualization_future_result:390 - Skipping visualization for PT9L工序控制大纲: missing origin.pdf: PT9L工序控制大纲_origin.pdf
INFO:     Shutting down
INFO:     Waiting for application shutdown.
INFO:     Application shutdown complete.
INFO:     Finished server process [2796142]

2026-05-06 08:10:32.444 | INFO     | mineru.cli.client:run_orchestrated_cli:874 - Started local mineru-api at http://127.0.0.1:45685
2026-05-06 08:10:36.542 | INFO     | __main__:create_app:260 - Request concurrency limited to 3
INFO:     Started server process [2796592]
INFO:     Waiting for application startup.
INFO:     Application startup complete.
INFO:     Uvicorn running on http://127.0.0.1:45685 (Press CTRL+C to quit)
2026-05-06 08:10:37.482 | INFO     | mineru.cli.client:run_planned_task:771 - Submitting batch 1/1 | 1 document, 1 page in this batch | 1 page total | task#1 [PT9L操作作业指导书（标准）-下盖总成]
2026-05-06 08:10:38.208 | WARNING  | mineru.cli.common:aio_do_parse:749 - No valid PDF or image files to process.
2026-05-06 08:10:38.685 | INFO     | mineru.cli.client:run_planned_task:807 - Completed batch 1/1 | Processed 1/1 page | 1 of 1 batch finished | task#1 [PT9L操作作业指导书（标准）-下盖总成]
2026-05-06 08:10:38.711 | WARNING  | mineru.cli.client:log_visualization_future_result:390 - Skipping visualization for PT9L操作作业指导书（标准）-下盖总成: missing origin.pdf: PT9L操作作业指导书（标准）-下盖总成_origin.pdf
INFO:     Shutting down
INFO:     Waiting for application shutdown.
INFO:     Application shutdown complete.
INFO:     Finished server process [2796592]

2026-05-06 08:10:56.193 | INFO     | mineru.cli.client:run_orchestrated_cli:874 - Started local mineru-api at http://127.0.0.1:60423
2026-05-06 08:11:00.250 | INFO     | __main__:create_app:260 - Request concurrency limited to 3
INFO:     Started server process [2796810]
INFO:     Waiting for application startup.
INFO:     Application startup complete.
INFO:     Uvicorn running on http://127.0.0.1:60423 (Press CTRL+C to quit)
2026-05-06 08:11:01.229 | INFO     | mineru.cli.client:run_planned_task:771 - Submitting batch 1/1 | 1 document, 1 page in this batch | 1 page total | task#1 [PT9L操作作业指导书（标准）-丝印-1.0]
2026-05-06 08:11:03.630 | WARNING  | mineru.cli.common:aio_do_parse:749 - No valid PDF or image files to process.
2026-05-06 08:11:03.952 | INFO     | mineru.cli.client:run_planned_task:807 - Completed batch 1/1 | Processed 1/1 page | 1 of 1 batch finished | task#1 [PT9L操作作业指导书（标准）-丝印-1.0]
2026-05-06 08:11:03.977 | WARNING  | mineru.cli.client:log_visualization_future_result:390 - Skipping visualization for PT9L操作作业指导书（标准）-丝印-1.0: missing origin.pdf: PT9L操作作业指导书（标准）-丝印-1.0_origin.pdf
INFO:     Shutting down
INFO:     Waiting for application shutdown.
INFO:     Application shutdown complete.
INFO:     Finished server process [2796810]

2026-05-06 08:11:22.801 | INFO     | mineru.cli.client:run_orchestrated_cli:874 - Started local mineru-api at http://127.0.0.1:52883
2026-05-06 08:11:26.718 | INFO     | __main__:create_app:260 - Request concurrency limited to 3
INFO:     Started server process [2796977]
INFO:     Waiting for application startup.
INFO:     Application startup complete.
INFO:     Uvicorn running on http://127.0.0.1:52883 (Press CTRL+C to quit)
2026-05-06 08:11:26.832 | INFO     | mineru.cli.client:run_planned_task:771 - Submitting batch 1/1 | 1 document, 1 page in this batch | 1 page total | task#1 [PT9L检验作业指导书（标准）-主机1.0]
2026-05-06 08:11:27.438 | WARNING  | mineru.cli.common:aio_do_parse:749 - No valid PDF or image files to process.
2026-05-06 08:11:28.127 | INFO     | mineru.cli.client:run_planned_task:807 - Completed batch 1/1 | Processed 1/1 page | 1 of 1 batch finished | task#1 [PT9L检验作业指导书（标准）-主机1.0]
2026-05-06 08:11:28.158 | WARNING  | mineru.cli.client:log_visualization_future_result:390 - Skipping visualization for PT9L检验作业指导书（标准）-主机1.0: missing origin.pdf: PT9L检验作业指导书（标准）-主机1.0_origin.pdf
INFO:     Shutting down
INFO:     Waiting for application shutdown.
INFO:     Application shutdown complete.
INFO:     Finished server process [2796977]

2026-05-06 08:11:46.459 | INFO     | mineru.cli.client:run_orchestrated_cli:874 - Started local mineru-api at http://127.0.0.1:42699
2026-05-06 08:11:49.933 | INFO     | __main__:create_app:260 - Request concurrency limited to 3
INFO:     Started server process [2797152]
INFO:     Waiting for application startup.
INFO:     Application startup complete.
INFO:     Uvicorn running on http://127.0.0.1:42699 (Press CTRL+C to quit)
2026-05-06 08:11:50.493 | INFO     | mineru.cli.client:run_planned_task:771 - Submitting batch 1/1 | 1 document, 1 page in this batch | 1 page total | task#1 [PT9L组件清单1.0]
2026-05-06 08:11:51.512 | WARNING  | mineru.cli.common:aio_do_parse:749 - No valid PDF or image files to process.
2026-05-06 08:11:51.705 | INFO     | mineru.cli.client:run_planned_task:807 - Completed batch 1/1 | Processed 1/1 page | 1 of 1 batch finished | task#1 [PT9L组件清单1.0]
2026-05-06 08:11:51.732 | WARNING  | mineru.cli.client:log_visualization_future_result:390 - Skipping visualization for PT9L组件清单1.0: missing origin.pdf: PT9L组件清单1.0_origin.pdf
INFO:     Shutting down
INFO:     Waiting for application shutdown.
INFO:     Application shutdown complete.
INFO:     Finished server process [2797152]

2026-05-06 08:12:09.572 | INFO     | mineru.cli.client:run_orchestrated_cli:874 - Started local mineru-api at http://127.0.0.1:50225
2026-05-06 08:12:13.317 | INFO     | __main__:create_app:260 - Request concurrency limited to 3
INFO:     Started server process [2797338]
INFO:     Waiting for application startup.
INFO:     Application startup complete.
INFO:     Uvicorn running on http://127.0.0.1:50225 (Press CTRL+C to quit)
2026-05-06 08:12:13.606 | INFO     | mineru.cli.client:run_planned_task:771 - Submitting batch 1/1 | 1 document, 1 page in this batch | 1 page total | task#1 [美国iHealth PT9L作业指导书白色- 包装]
2026-05-06 08:12:22.478 | WARNING  | mineru.cli.common:aio_do_parse:749 - No valid PDF or image files to process.
2026-05-06 08:12:23.265 | INFO     | mineru.cli.client:run_planned_task:807 - Completed batch 1/1 | Processed 1/1 page | 1 of 1 batch finished | task#1 [美国iHealth PT9L作业指导书白色- 包装]
2026-05-06 08:12:23.288 | WARNING  | mineru.cli.client:log_visualization_future_result:390 - Skipping visualization for 美国iHealth PT9L作业指导书白色- 包装: missing origin.pdf: 美国iHealth PT9L作业指导书白色- 包装_origin.pdf
INFO:     Shutting down
INFO:     Waiting for application shutdown.
INFO:     Application shutdown complete.
INFO:     Finished server process [2797338]

